{
"type": "FeatureCollection",
"name": "Arah Evakuasi",
"crs": { "type": "name", "properties": { "name": "urn:ogc:def:crs:OGC:1.3:CRS84" } },
"features": [
{"type":"Feature","properties":{"id":1},"geometry":{"type":"MultiLineString","coordinates":[[[111.109762799999984,-8.2111718],[111.109762773893337,-8.211171791028224],[111.109762695767103,-8.211171764179459],[111.109762565911907,-8.211171719553592],[111.109762384618378,-8.21117165725048],[111.109762152177098,-8.21117157737001],[111.109761868878664,-8.211171480012037],[111.10976153501376,-8.211171365276442],[111.109761150872941,-8.211171233263101],[111.109760716746862,-8.211171084071875],[111.109760232926078,-8.21117091780264],[111.109759699701243,-8.211170734555269],[111.109759117362941,-8.21117053442963],[111.109758486201827,-8.211170317525596],[111.109757806508469,-8.21117008394304],[111.109757078573494,-8.211169833781829],[111.109756302687515,-8.211169567141839],[111.1097554791411,-8.211169284122937],[111.109754608224961,-8.211168984824999],[111.109753690229653,-8.211168669347895],[111.109752725445759,-8.211168337791497],[111.109751714163977,-8.211167990255673],[111.109750656674848,-8.211167626840295],[111.109749553268998,-8.211167247645239],[111.109748404237038,-8.211166852770372],[111.109747209869596,-8.211166442315566],[111.109745970457254,-8.211166016380695],[111.109744686290639,-8.211165575065626],[111.109743357660363,-8.211165118470236],[111.109741984857024,-8.211164646694389],[111.109740568171262,-8.211164159837963],[111.109739107893716,-8.211163658000828],[111.109737604314944,-8.211163141282855],[111.109736057725556,-8.211162609783914],[111.109734468416207,-8.211162063603876],[111.109732836677466,-8.211161502842614],[111.109731162799989,-8.211160927600002],[111.109729447074344,-8.211160337975906],[111.109727689791185,-8.211159734070199],[111.109725891241055,-8.211159115982754],[111.10972405171465,-8.211158483813442],[111.10972217150254,-8.211157837662135],[111.10972025089535,-8.211157177628703],[111.109718290183665,-8.211156503813019],[111.109716289658138,-8.211155816314951],[111.109714249609368,-8.211155115234375],[111.109712170327938,-8.211154400671159],[111.109710052104475,-8.211153672725176],[111.109707895229619,-8.211152931496297],[111.109705699993953,-8.211152177084394],[111.109703466688089,-8.211151409589338],[111.109701195602653,-8.211150629110996],[111.109698887028259,-8.211149835749247],[111.109696541255474,-8.211149029603956],[111.109694158574968,-8.211148210774999],[111.109691739277352,-8.211147379362247],[111.109689283653225,-8.21114653546557],[111.109686791993155,-8.211145679184838],[111.109684264587827,-8.211144810619926],[111.109681701727794,-8.211143929870701],[111.109679103703698,-8.21114303703704],[111.109676470806093,-8.211142132218805],[111.10967380332572,-8.211141215515878],[111.10967110155309,-8.211140287028126],[111.109668365778845,-8.211139346855418],[111.10966559629361,-8.211138395097629],[111.109662793387955,-8.211137431854629],[111.10965995735252,-8.21113645722629],[111.109657088477917,-8.211135471312483],[111.109654187054744,-8.211134474213079],[111.109651253373627,-8.211133466027949],[111.109648287725179,-8.211132446856967],[111.10964529040001,-8.211131416800001],[111.109642261688734,-8.211130375956925],[111.109639201881919,-8.211129324427608],[111.10963611127022,-8.21112826231192],[111.109632990144277,-8.211127189709741],[111.10962983879466,-8.211126106720931],[111.10962665751201,-8.21112501344537],[111.109623446586909,-8.211123909982927],[111.109620206309998,-8.211122796433472],[111.109616936971875,-8.211121672896876],[111.109613638863124,-8.211120539473011],[111.109610312274384,-8.211119396261749],[111.109606957496268,-8.211118243362961],[111.109603574819374,-8.211117080876521],[111.109600164534385,-8.211115908902297],[111.109596726931798,-8.211114727540162],[111.109593262302312,-8.211113536889986],[111.109589770936509,-8.211112337051642],[111.109586253124974,-8.211111128124999],[111.10958270915836,-8.211109910209935],[111.10957913932728,-8.211108683406311],[111.109575543922332,-8.211107447814008],[111.109571923234114,-8.211106203532889],[111.109568277553265,-8.211104950662833],[111.109564607170384,-8.211103689303705],[111.109560912376054,-8.211102419555381],[111.109557193460944,-8.211101141517732],[111.109553450715609,-8.211099855290627],[111.109549684430718,-8.211098560973937],[111.109545894896854,-8.211097258667538],[111.109542082404616,-8.211095948471296],[111.109538247244643,-8.211094630485086],[111.10953438970752,-8.211093304808779],[111.109530510083871,-8.211091971542245],[111.109526608664339,-8.211090630785355],[111.109522685739478,-8.211089282637982],[111.109518741599985,-8.211087927199999],[111.109514776536372,-8.211086564571275],[111.109510790839323,-8.21108519485168],[111.109506784799407,-8.211083818141088],[111.109502758707265,-8.211082434539369],[111.109498712853494,-8.211081044146393],[111.109494647528692,-8.211079647062038],[111.109490563023499,-8.211078243386165],[111.109486459628556,-8.211076833218655],[111.109482337634375,-8.211075416659376],[111.109478197331669,-8.211073993808197],[111.109474039010976,-8.211072564764992],[111.109469862962953,-8.21107112962963],[111.109465669478197,-8.211069688501984],[111.109461458847335,-8.211068241481925],[111.109457231360992,-8.211066788669328],[111.109452987309737,-8.211065330164061],[111.109448726984198,-8.211063866065993],[111.109444450674999,-8.211062396475],[111.109440158672697,-8.211060921490951],[111.109435851268003,-8.211059441213717],[111.109431528751486,-8.21105795574317],[111.109427191413715,-8.211056465179183],[111.109422839545374,-8.211054969621625],[111.109418473436989,-8.21105346917037],[111.109414093379286,-8.211051963925287],[111.109409699662763,-8.211050453986248],[111.109405292578117,-8.211048939453125],[111.10940087241589,-8.211047420425789],[111.109396439466749,-8.21104589700411],[111.109391994021308,-8.211044369287965],[111.109387536370136,-8.211042837377217],[111.109383066803844,-8.211041301371743],[111.109378585613086,-8.211039761371413],[111.109374093088434,-8.211038217476098],[111.109369589520554,-8.21103666978567],[111.109365075199989,-8.2110351184],[111.109360550417406,-8.21103356341896],[111.109356015463391,-8.211032004942421],[111.109351470628582,-8.211030443070253],[111.109346916203549,-8.211028877902331],[111.109342352478933,-8.211027309538524],[111.109337779745346,-8.211025738078703],[111.109333198293399,-8.211024163622739],[111.109328608413691,-8.211022586270506],[111.109324010396847,-8.211021006121872],[111.109319404533466,-8.211019423276714],[111.109314791114201,-8.211017837834897],[111.109310170429609,-8.211016249896296],[111.109305542770329,-8.21101465956078],[111.109300908426974,-8.211013066928222],[111.109296267690155,-8.211011472098495],[111.10929162085047,-8.211009875171467],[111.10928696819856,-8.211008276247012],[111.109282310025009,-8.211006675425002],[111.109277646620427,-8.211005072805303],[111.109272978275456,-8.211003468487792],[111.109268305280693,-8.21100186257234],[111.109263627926708,-8.211000255158813],[111.109258946504156,-8.21099864634709],[111.10925426130369,-8.210997036237037],[111.109249572615866,-8.210995424928527],[111.109244880731296,-8.210993812521433],[111.109240185940621,-8.210992199115623],[111.109235488534381,-8.210990584810972],[111.109230788803302,-8.210988969707349],[111.109226087037925,-8.210987353904628],[111.109221383528876,-8.210985737502678],[111.109216678566767,-8.210984120601371],[111.10921197244221,-8.210982503300578],[111.109207265445832,-8.21098088570017],[111.10920255786823,-8.210979267900022],[111.109197849999987,-8.21097765],[111.109193142131744,-8.210976032099978],[111.109188434554142,-8.210974414299827],[111.109183727557735,-8.210972796699419],[111.109179021433178,-8.210971179398628],[111.109174316471069,-8.21096956249732],[111.109169612962035,-8.210967946095369],[111.109164911196643,-8.210966330292647],[111.109160211465564,-8.210964715189025],[111.109155514059353,-8.210963100884374],[111.109150819268677,-8.210961487478565],[111.109146127384122,-8.21095987507147],[111.109141438696284,-8.210958263762961],[111.109136753495804,-8.210956653652911],[111.109132072073265,-8.210955044841185],[111.109127394719323,-8.210953437427662],[111.109122721724532,-8.210951831512208],[111.109118053379561,-8.210950227194697],[111.109113389974993,-8.210948624574998],[111.109108731801427,-8.210947023752986],[111.109104079149517,-8.210945424828532],[111.109099432309819,-8.210943827901502],[111.109094791573,-8.210942233071776],[111.109090157229645,-8.210940640439219],[111.109085529570365,-8.210939050103702],[111.109080908885758,-8.2109374621651],[111.10907629546648,-8.210935876723285],[111.109071689603098,-8.210934293878124],[111.109067091586269,-8.210932713729491],[111.109062501706575,-8.210931136377258],[111.109057920254628,-8.210929561921294],[111.109053347521041,-8.210927990461474],[111.109048783796425,-8.210926422097666],[111.109044229371406,-8.210924856929745],[111.109039684536583,-8.210923295057578],[111.109035149582567,-8.210921736581039],[111.109030624799985,-8.210920181599999],[111.109026110479434,-8.21091863021433],[111.109021606911554,-8.210917082523901],[111.109017114386916,-8.210915538628587],[111.109012633196144,-8.210913998628257],[111.109008163629881,-8.210912462622783],[111.109003705978708,-8.210910930712037],[111.10899926053321,-8.210909402995888],[111.10899482758407,-8.210907879574211],[111.108990407421857,-8.210906360546874],[111.108986000337197,-8.210904846013749],[111.108981606620688,-8.210903336074713],[111.108977226562942,-8.210901830829627],[111.108972860454614,-8.210900330378372],[111.108968508586244,-8.210898834820815],[111.108964171248473,-8.210897344256827],[111.108959848731956,-8.210895858786282],[111.108955541327234,-8.21089437850905],[111.108951249324988,-8.210892903524998],[111.108946973015776,-8.210891433934005],[111.108942712690236,-8.210889969835938],[111.108938468638996,-8.210888511330669],[111.108934241152625,-8.210887058518072],[111.108930030521776,-8.210885611498014],[111.108925837037006,-8.21088417037037],[111.108921660989012,-8.210882735235009],[111.108917502668319,-8.210881306191803],[111.108913362365627,-8.210879883340624],[111.10890924037146,-8.210878466781342],[111.108905136976475,-8.210877056613832],[111.108901052471282,-8.210875652937961],[111.108896987146494,-8.210874255853604],[111.108892941292709,-8.21087286546063],[111.108888915200581,-8.210871481858911],[111.108884909160651,-8.210870105148318],[111.108880923463602,-8.210868735428726],[111.108876958399975,-8.210867372799997],[111.108873014260467,-8.210866017362013],[111.108869091335606,-8.210864669214644],[111.108865189916088,-8.210863328457753],[111.108861310292454,-8.21086199519122],[111.108857452755331,-8.210860669514911],[111.108853617595358,-8.210859351528702],[111.108849805103134,-8.210858041332461],[111.10884601556927,-8.210856739026063],[111.108842249284365,-8.210855444709374],[111.108838506539044,-8.210854158482269],[111.108834787623934,-8.210852880444619],[111.108831092829604,-8.210851610696295],[111.108827422446737,-8.21085034933717],[111.108823776765874,-8.210849096467111],[111.108820156077641,-8.210847852185994],[111.108816560672693,-8.210846616593688],[111.108812990841599,-8.210845389790068],[111.108809446875,-8.210844171874999],[111.108805929063465,-8.210842962948355],[111.108802437697662,-8.210841763110011],[111.108798973068161,-8.210840572459837],[111.108795535465589,-8.210839391097702],[111.108792125180571,-8.210838219123477],[111.108788742503691,-8.210837056637036],[111.108785387725575,-8.21083590373825],[111.10878206113685,-8.210834760526987],[111.108778763028127,-8.210833627103124],[111.10877549368999,-8.210832503566527],[111.108772253413051,-8.210831390017072],[111.10876904248795,-8.210830286554627],[111.108765861205285,-8.210829193279068],[111.108762709855682,-8.21082811029026],[111.108759588729754,-8.210827037688077],[111.108756498118055,-8.210825975572391],[111.108753438311282,-8.210824924043076],[111.108750409599992,-8.2108238832],[111.108747412274809,-8.210822853143032],[111.108744446626361,-8.21082183397205],[111.108741512945244,-8.210820825786918],[111.108738611522071,-8.210819828687516],[111.108735742647454,-8.210818842773708],[111.108732906612033,-8.210817868145369],[111.108730103706364,-8.210816904902368],[111.108727334221115,-8.21081595314458],[111.108724598446855,-8.210815012971873],[111.108721896674254,-8.21081408448412],[111.108719229193838,-8.210813167781193],[111.108716596296276,-8.210812262962962],[111.108713998272194,-8.210811370129299],[111.108711435412147,-8.210810489380073],[111.108708908006818,-8.21080962081516],[111.108706416346749,-8.210808764534429],[111.108703960722622,-8.210807920637752],[111.108701541424992,-8.210807089224998],[111.108699158744486,-8.210806270396041],[111.108696812971729,-8.210805464250754],[111.10869450439732,-8.210804670889003],[111.108692233311899,-8.210803890410665],[111.108690000006035,-8.210803122915607],[111.108687804770369,-8.210802368503703],[111.108685647895499,-8.210801627274822],[111.108683529672049,-8.21080089932884],[111.108681450390606,-8.210800184765622],[111.108679410341821,-8.210799483685046],[111.108677409816295,-8.210798796186978],[111.108675449104624,-8.210798122371294],[111.108673528497405,-8.210797462337863],[111.108671648285323,-8.210796816186555],[111.108669808758904,-8.210796184017244],[111.108668010208802,-8.2107955659298],[111.10866625292563,-8.210794962024094],[111.108664537199985,-8.210794372399997],[111.108662863322508,-8.210793797157384],[111.108661231583767,-8.210793236396123],[111.108659642274404,-8.210792690216087],[111.108658095685016,-8.210792158717144],[111.108656592106271,-8.210791641999171],[111.108655131828698,-8.210791140162035],[111.108653715142935,-8.21079065330561],[111.108652342339639,-8.210790181529767],[111.108651013709348,-8.210789724934372],[111.108649729542762,-8.210789283619306],[111.108648490130406,-8.210788857684433],[111.10864729576295,-8.210788447229627],[111.10864614673099,-8.21078805235476],[111.108645043325126,-8.210787673159704],[111.108643985835997,-8.210787309744328],[111.108642974554172,-8.210786962208502],[111.108642009770307,-8.210786630652104],[111.108641091774999,-8.210786315174998],[111.108640220858845,-8.21078601587706],[111.108639397312473,-8.210785732858159],[111.108638621426493,-8.210785466218169],[111.108637893491519,-8.210785216056959],[111.108637213798147,-8.210784982474401],[111.108636582637018,-8.210784765570368],[111.108636000298745,-8.21078456544473],[111.108635467073896,-8.210784382197359],[111.108634983253125,-8.210784215928124],[111.108634549127004,-8.210784066736899],[111.108634164986199,-8.210783934723553],[111.108633831121296,-8.210783819987959],[111.108633547822876,-8.210783722629991],[111.108633315381624,-8.210783642749519],[111.108633134088066,-8.21078358044641],[111.108633004232885,-8.210783535820541],[111.108632926106637,-8.210783508971778],[111.108632899999989,-8.2107835]]]}},
{"type":"Feature","properties":{"id":2},"geometry":{"type":"MultiLineString","coordinates":[[[111.108155083721968,-8.210611696733999],[111.108155065385603,-8.210611690255568],[111.108155010512633,-8.210611670868367],[111.108154919307069,-8.210611638644499],[111.108154791973121,-8.210611593656083],[111.108154628714857,-8.210611535975238],[111.10815442973643,-8.210611465674079],[111.108154195241909,-8.210611382824721],[111.108153925435445,-8.210611287499285],[111.108153620521179,-8.210611179769883],[111.108153280703149,-8.210611059708629],[111.108152906185538,-8.210610927387641],[111.108152497172398,-8.210610782879037],[111.108152053867926,-8.210610626254933],[111.10815157647616,-8.210610457587441],[111.10815106520127,-8.210610276948682],[111.108150520247349,-8.210610084410769],[111.108149941818468,-8.210609880045816],[111.10814933011882,-8.210609663925943],[111.108148685352475,-8.210609436123269],[111.108148007723614,-8.210609196709903],[111.108147297436247,-8.210608945757965],[111.108146554694557,-8.210608683339572],[111.108145779702639,-8.210608409526838],[111.108144972664618,-8.210608124391877],[111.108144133784606,-8.210607828006809],[111.108143263266697,-8.210607520443748],[111.108142361315075,-8.210607201774813],[111.108141428133763,-8.210606872072116],[111.108140463926873,-8.210606531407775],[111.108139468898656,-8.210606179853905],[111.108138443253097,-8.210605817482625],[111.108137387194361,-8.210605444366047],[111.10813630092656,-8.210605060576292],[111.108135184653818,-8.210604666185471],[111.108134038580218,-8.210604261265704],[111.108132862909883,-8.210603845889104],[111.108131657846968,-8.210603420127789],[111.108130423595554,-8.210602984053875],[111.108129160359695,-8.210602537739476],[111.108127868343644,-8.210602081256711],[111.108126547751439,-8.210601614677696],[111.108125198787178,-8.210601138074544],[111.108123821655013,-8.210600651519375],[111.108122416559056,-8.210600155084302],[111.108120983703429,-8.210599648841443],[111.108119523292189,-8.210599132862912],[111.108118035529529,-8.210598607220827],[111.108116520619532,-8.210598071987302],[111.108114978766281,-8.210597527234457],[111.108113410173928,-8.210596973034406],[111.108111815046598,-8.210596409459262],[111.108110193588388,-8.210595836581144],[111.108108546003351,-8.210595254472167],[111.108106872495725,-8.21059466320445],[111.108105173269593,-8.210594062850106],[111.108103448528993,-8.210593453481254],[111.108101698478109,-8.210592835170006],[111.108099923321063,-8.21059220798848],[111.108098123261911,-8.210591572008793],[111.108096298504819,-8.210590927303061],[111.108094449253869,-8.210590273943398],[111.108092575713201,-8.210589612001922],[111.108090678086896,-8.210588941550748],[111.10808875657915,-8.210588262661995],[111.108086811394017,-8.210587575407773],[111.108084842735607,-8.210586879860205],[111.108082850808032,-8.210586176091404],[111.108080835815457,-8.210585464173485],[111.108078797961966,-8.210584744178565],[111.108076737451654,-8.210584016178762],[111.108074654488647,-8.210583280246187],[111.108072549277097,-8.210582536452963],[111.108070422021086,-8.210581784871199],[111.108068272924683,-8.210581025573017],[111.108066102192083,-8.210580258630527],[111.108063910027383,-8.210579484115851],[111.108061696634664,-8.210578702101101],[111.108059462218108,-8.210577912658398],[111.108057206981769,-8.210577115859852],[111.108054931129757,-8.210576311777585],[111.10805263486624,-8.210575500483708],[111.108050318395286,-8.210574682050339],[111.108047981921047,-8.210573856549594],[111.108045625647591,-8.210573024053591],[111.108043249779087,-8.210572184634442],[111.108040854519629,-8.210571338364266],[111.108038440073315,-8.210570485315179],[111.108036006644269,-8.210569625559298],[111.108033554436645,-8.210568759168737],[111.108031083654524,-8.210567886215612],[111.108028594501988,-8.21056700677204],[111.108026087183205,-8.210566120910137],[111.1080235619023,-8.21056522870202],[111.108021018863326,-8.210564330219803],[111.108018458270436,-8.210563425535604],[111.108015880327727,-8.210562514721538],[111.108013285239366,-8.210561597849718],[111.108010673209421,-8.210560674992266],[111.108008044441988,-8.210559746221296],[111.108005399141234,-8.210558811608921],[111.108002737511256,-8.210557871227264],[111.108000059756151,-8.210556925148435],[111.10799736608007,-8.210555973444551],[111.107994656687112,-8.210555016187728],[111.107991931781328,-8.210554053450084],[111.107989191566958,-8.210553085303733],[111.107986436248069,-8.210552111820794],[111.107983666028701,-8.21055113307338],[111.107980881113065,-8.210550149133608],[111.107978081705255,-8.210549160073597],[111.107975268009341,-8.210548165965459],[111.107972440229474,-8.210547166881311],[111.107969598569767,-8.210546162893269],[111.107966743234329,-8.210545154073449],[111.107963874427284,-8.210544140493971],[111.107960992352758,-8.210543122226944],[111.107958097214805,-8.210542099344492],[111.107955189217634,-8.210541071918724],[111.107952268565299,-8.210540040021758],[111.10794933546191,-8.210539003725714],[111.107946390111607,-8.210537963102702],[111.1079434327185,-8.210536918224843],[111.107940463486699,-8.210535869164254],[111.107937482620315,-8.210534815993045],[111.107934490323515,-8.210533758783338],[111.107931486800339,-8.210532697607244],[111.107928472254912,-8.210531632536883],[111.107925446891414,-8.210530563644369],[111.107922410913886,-8.21052949100182],[111.107919364526509,-8.210528414681349],[111.107916307933365,-8.210527334755078],[111.107913241338551,-8.210526251295116],[111.107910164946219,-8.210525164373584],[111.107907078960437,-8.210524074062594],[111.107903983585373,-8.210522980434266],[111.107900879025124,-8.210521883560714],[111.10789776548377,-8.210520783514054],[111.10789464316548,-8.210519680366405],[111.107891512274364,-8.210518574189878],[111.107888373014504,-8.210517465056594],[111.107885225589996,-8.210516353038663],[111.107882070205022,-8.210515238208208],[111.107878907063679,-8.210514120637342],[111.107875736370019,-8.210513000398176],[111.107872558328239,-8.210511877562835],[111.107869373142421,-8.210510752203433],[111.107866181016647,-8.210509624392083],[111.107862982155112,-8.210508494200903],[111.107859776761899,-8.210507361702007],[111.107856565041047,-8.210506226967512],[111.107853347196766,-8.210505090069535],[111.107850123433167,-8.210503951080193],[111.107846893954317,-8.210502810071599],[111.107843658964327,-8.210501667115873],[111.107840418667408,-8.210500522285129],[111.107837173267541,-8.210499375651482],[111.10783392296895,-8.210498227287049],[111.107830667975676,-8.210497077263947],[111.107827408491872,-8.210495925654289],[111.107824144721633,-8.210494772530197],[111.107820876869127,-8.210493617963781],[111.107817605138408,-8.21049246202716],[111.107814329733614,-8.210491304792448],[111.107811050858857,-8.210490146331765],[111.107807768718232,-8.210488986717221],[111.107804483515878,-8.210487826020939],[111.107801195455949,-8.210486664315031],[111.107797904742483,-8.210485501671615],[111.107794611579664,-8.210484338162804],[111.107791316171557,-8.21048317386072],[111.107788018722289,-8.21048200883747],[111.107784719435983,-8.210480843165179],[111.107781418516765,-8.210479676915956],[111.10777811616876,-8.210478510161924],[111.107774812596034,-8.210477342975192],[111.107771508002742,-8.210476175427884],[111.107768202592979,-8.210475007592109],[111.107764896570899,-8.210473839539986],[111.107761590140569,-8.210472671343634],[111.107758283506115,-8.210471503075162],[111.107754976871689,-8.21047033480669],[111.10775167044136,-8.210469166610338],[111.107748364419251,-8.210467998558215],[111.107745059009488,-8.210466830722439],[111.107741754416196,-8.210465663175128],[111.107738450843499,-8.210464495988399],[111.107735148495465,-8.210463329234365],[111.107731847576247,-8.210462162985145],[111.107728548289941,-8.210460997312852],[111.107725250840687,-8.210459832289605],[111.107721955432595,-8.210458667987517],[111.107718662269747,-8.210457504478708],[111.10771537155631,-8.210456341835293],[111.107712083496352,-8.210455180129385],[111.107708798294013,-8.210454019433101],[111.10770551615343,-8.210452859818561],[111.107702237278644,-8.210451701357876],[111.107698961873851,-8.210450544123166],[111.107695690143132,-8.210449388186545],[111.107692422290597,-8.210448233620127],[111.107689158520373,-8.210447080496033],[111.107685899036568,-8.210445928886379],[111.107682644043308,-8.210444778863275],[111.107679393744689,-8.210443630498844],[111.107676148344837,-8.210442483865195],[111.107672908047888,-8.21044133903445],[111.107669673057913,-8.210440196078725],[111.107666443579078,-8.210439055070131],[111.107663219815464,-8.210437916080789],[111.107660001971183,-8.210436779182812],[111.10765679025036,-8.210435644448317],[111.107653584857118,-8.210434511949423],[111.107650385995584,-8.210433381758241],[111.107647193869838,-8.210432253946891],[111.107644008684005,-8.210431128587489],[111.107640830642239,-8.210430005752148],[111.107637659948608,-8.210428885512986],[111.107634496807236,-8.210427767942118],[111.107631341422262,-8.210426653111661],[111.107628193997783,-8.210425541093734],[111.107625054737909,-8.210424431960448],[111.107621923846764,-8.210423325783921],[111.107618801528474,-8.21042222263627],[111.107615687987135,-8.210421122589612],[111.107612583426885,-8.210420025716058],[111.107609488051793,-8.21041893208773],[111.10760640206604,-8.21041784177674],[111.107603325673679,-8.210416754855208],[111.107600259078865,-8.210415671395246],[111.107597202485692,-8.210414591468972],[111.107594156098301,-8.210413515148502],[111.107591120120816,-8.210412442505953],[111.107588094757304,-8.210411373613441],[111.107585080211919,-8.210410308543079],[111.107582076688743,-8.210409247366986],[111.107579084391901,-8.210408190157278],[111.10757610352556,-8.21040713698607],[111.107573134293744,-8.210406087925479],[111.107570176900651,-8.21040504304762],[111.107567231550348,-8.21040400242461],[111.10756429844696,-8.210402966128566],[111.107561377794624,-8.210401934231601],[111.107558469797425,-8.210400906805834],[111.107555574659514,-8.21039988392338],[111.107552692584946,-8.210398865656355],[111.107549823777916,-8.210397852076873],[111.107546968442477,-8.210396843257055],[111.107544126782756,-8.210395839269015],[111.107541299002918,-8.210394840184867],[111.107538485307003,-8.210393846076729],[111.10753568589918,-8.210392857016716],[111.107532900983529,-8.210391873076944],[111.107530130764189,-8.210390894329532],[111.107527375445244,-8.210389920846589],[111.10752463523086,-8.21038895270024],[111.107521910325147,-8.210387989962594],[111.107519200932174,-8.210387032705775],[111.107516507256094,-8.210386081001889],[111.107513829500988,-8.21038513492306],[111.10751116787101,-8.210384194541401],[111.107508522570257,-8.210383259929028],[111.107505893802852,-8.210382331158058],[111.107503281772892,-8.210381408300606],[111.107500686684531,-8.210380491428788],[111.107498108741837,-8.210379580614722],[111.107495548148933,-8.210378675930521],[111.107493005109959,-8.210377777448304],[111.107490479829039,-8.210376885240187],[111.107487972510256,-8.210375999378282],[111.107485483357721,-8.210375119934712],[111.107483012575585,-8.210374246981587],[111.107480560367947,-8.210373380591026],[111.107478126938915,-8.210372520835143],[111.107475712492601,-8.210371667786058],[111.107473317233143,-8.21037082151588],[111.107470941364625,-8.210369982096735],[111.107468585091183,-8.210369149600728],[111.107466248616944,-8.210368324099985],[111.107463932146004,-8.210367505666616],[111.107461635882473,-8.210366694372738],[111.107459360030489,-8.210365890290472],[111.10745710479415,-8.210365093491925],[111.107454870377552,-8.210364304049222],[111.107452656984876,-8.210363522034474],[111.107450464820161,-8.210362747519797],[111.107448294087575,-8.210361980577309],[111.107446144991201,-8.210361221279125],[111.107444017735176,-8.210360469697363],[111.107441912523598,-8.210359725904137],[111.107439829560604,-8.210358989971562],[111.107437769050293,-8.210358261971759],[111.107435731196787,-8.210357541976839],[111.107433716204199,-8.210356830058922],[111.107431724276637,-8.210356126290119],[111.107429755618227,-8.210355430742551],[111.10742781043308,-8.210354743488331],[111.10742588892532,-8.210354064599576],[111.107423991299044,-8.210353394148402],[111.107422117758375,-8.210352732206927],[111.107420268507454,-8.210352078847265],[111.107418443750348,-8.210351434141531],[111.107416643691195,-8.210350798161844],[111.107414868534121,-8.210350170980318],[111.107413118483251,-8.210349552669072],[111.107411393742666,-8.210348943300218],[111.107409694516505,-8.210348342945874],[111.107408021008865,-8.210347751678157],[111.107406373423871,-8.210347169569181],[111.107404751965674,-8.210346596691064],[111.10740315683833,-8.21034603311592],[111.107401588245978,-8.210345478915867],[111.10740004639274,-8.21034493416302],[111.10739853148273,-8.210344398929498],[111.107397043720042,-8.210343873287414],[111.107395583308829,-8.210343357308881],[111.107394150453175,-8.210342851066022],[111.107392745357217,-8.210342354630949],[111.107391368225038,-8.21034186807578],[111.107390019260805,-8.210341391472628],[111.107388698668601,-8.210340924893611],[111.107387406652521,-8.210340468410847],[111.107386143416733,-8.21034002209645],[111.107384909165305,-8.210339586022535],[111.107383704102361,-8.210339160261219],[111.107382528432026,-8.21033874488462],[111.107381382358426,-8.210338339964853],[111.107380266085684,-8.210337945574032],[111.107379179817883,-8.210337561784277],[111.107378123759133,-8.210337188667699],[111.107377098113588,-8.210336826296418],[111.107376103085343,-8.210336474742549],[111.10737513887851,-8.210336134078208],[111.107374205697184,-8.210335804375511],[111.107373303745547,-8.210335485706576],[111.107372433227638,-8.210335178143515],[111.107371594347612,-8.210334881758445],[111.107370787309591,-8.210334596623488],[111.107370012317688,-8.210334322810752],[111.107369269575997,-8.210334060392357],[111.107368559288645,-8.210333809440421],[111.107367881659741,-8.210333570027055],[111.10736723689341,-8.210333342224379],[111.107366625193748,-8.210333126104508],[111.107366046764923,-8.210332921739557],[111.107365501810975,-8.210332729201644],[111.107364990536084,-8.210332548562883],[111.107364513144333,-8.210332379895393],[111.107364069839832,-8.210332223271287],[111.107363660826707,-8.210332078762683],[111.107363286309081,-8.210331946441695],[111.107362946491094,-8.210331826380441],[111.107362641576785,-8.210331718651037],[111.107362371770321,-8.210331623325601],[111.107362137275814,-8.210331540476245],[111.107361938297387,-8.210331470175086],[111.107361775039138,-8.210331412494243],[111.107361647705176,-8.210331367505828],[111.10736155649964,-8.210331335281959],[111.107361501626642,-8.210331315894752],[111.107361483290276,-8.210331309416325]]]}},
{"type":"Feature","properties":{"id":3},"geometry":{"type":"MultiLineString","coordinates":[[[111.107121086328618,-8.210246333331455],[111.107121064309254,-8.21024632194375],[111.107120998414501,-8.210246287865136],[111.107120888889511,-8.210246231222385],[111.107120735979379,-8.210246152142261],[111.107120539929255,-8.210246050751529],[111.10712030098415,-8.210245927176945],[111.107120019389342,-8.210245781545284],[111.107119695389798,-8.210245613983311],[111.107119329230727,-8.210245424617787],[111.107118921157181,-8.210245213575474],[111.107118471414324,-8.210244980983143],[111.107117980247239,-8.210244726967556],[111.107117447901047,-8.210244451655477],[111.107116874620871,-8.210244155173672],[111.107116260651779,-8.210243837648907],[111.107115606238935,-8.210243499207944],[111.107114911627392,-8.210243139977546],[111.107114177062371,-8.210242760084487],[111.107113402788883,-8.210242359655521],[111.107112589052122,-8.21024193881742],[111.107111736097124,-8.210241497696947],[111.107110844169085,-8.210241036420866],[111.107109913513042,-8.210240555115943],[111.107108944374147,-8.21024005390894],[111.107107936997522,-8.210239532926627],[111.107106891628234,-8.210238992295762],[111.107105808511477,-8.210238432143116],[111.10710468789226,-8.21023785259545],[111.107103530015777,-8.210237253779528],[111.107102335127095,-8.21023663582212],[111.107101103471393,-8.210235998849988],[111.107099835293724,-8.210235342989897],[111.107098530839224,-8.21023466836861],[111.107097190353031,-8.210233975112894],[111.107095814080196,-8.210233263349512],[111.107094402265886,-8.210232533205231],[111.107092955155196,-8.210231784806815],[111.107091472993247,-8.210231018281029],[111.107089956025064,-8.210230233754634],[111.10708840449594,-8.210229431354401],[111.107086818650828,-8.210228611207093],[111.107085198734964,-8.210227773439474],[111.107083544993387,-8.210226918178307],[111.107081857671233,-8.210226045550359],[111.107080137013597,-8.210225155682394],[111.107078383265588,-8.210224248701181],[111.107076596672357,-8.210223324733477],[111.107074777479014,-8.210222383906052],[111.107072925930623,-8.210221426345671],[111.107071042272338,-8.210220452179096],[111.107069126749309,-8.210219461533093],[111.107067179606531,-8.210218454534429],[111.107065201089227,-8.210217431309863],[111.107063191442464,-8.210216391986167],[111.107061150911406,-8.210215336690103],[111.107059079741106,-8.210214265548434],[111.107056978176715,-8.210213178687928],[111.107054846463342,-8.210212076235347],[111.107052684846082,-8.210210958317457],[111.107050493570057,-8.210209825061025],[111.107048272880334,-8.21020867659281],[111.107046023022136,-8.210207513039581],[111.107043744240499,-8.210206334528104],[111.107041436780577,-8.210205141185142],[111.107039100887405,-8.210203933137459],[111.107036736806208,-8.210202710511821],[111.107034344782008,-8.210201473434994],[111.107031925059985,-8.210200222033741],[111.107029477885234,-8.210198956434827],[111.107027003502807,-8.210197676765018],[111.107024502157898,-8.210196383151077],[111.107021974095588,-8.210195075719769],[111.107019419560984,-8.210193754597862],[111.107016838799211,-8.210192419912115],[111.107014232055377,-8.210191071789296],[111.107011599574591,-8.210189710356174],[111.107008941602004,-8.210188335739506],[111.107006258382683,-8.210186948066063],[111.107003550161792,-8.210185547462608],[111.107000817184385,-8.210184134055904],[111.106998059695599,-8.210182707972718],[111.10699527794057,-8.210181269339815],[111.106992472164336,-8.210179818283956],[111.10698964261212,-8.210178354931909],[111.106986789528989,-8.21017687941044],[111.10698391316005,-8.210175391846313],[111.106981013750399,-8.210173892366292],[111.106978091545187,-8.210172381097141],[111.106975146789523,-8.210170858165627],[111.106972179728501,-8.210169323698514],[111.106969190607231,-8.210167777822564],[111.10696617967082,-8.210166220664547],[111.10696314716445,-8.210164652351223],[111.106960093333143,-8.21016307300936],[111.106957018422079,-8.210161482765722],[111.106953922676325,-8.210159881747073],[111.106950806341004,-8.210158270080179],[111.106947669661267,-8.210156647891804],[111.106944512882194,-8.210155015308713],[111.106941336248894,-8.21015337245767],[111.10693814000652,-8.210151719465442],[111.106934924400164,-8.210150056458794],[111.106931689674909,-8.210148383564485],[111.106928436075918,-8.210146700909288],[111.106925163848246,-8.210145008619962],[111.10692187323707,-8.210143306823277],[111.106918564487472,-8.210141595645991],[111.106915237844589,-8.210139875214875],[111.106911893553502,-8.210138145656689],[111.106908531859361,-8.210136407098204],[111.106905153007233,-8.210134659666181],[111.106901757242255,-8.210132903487381],[111.106898344809565,-8.210131138688578],[111.106894915954229,-8.210129365396526],[111.106891470921397,-8.210127583737997],[111.106888009956165,-8.210125793839756],[111.106884533303656,-8.210123995828562],[111.106881041208993,-8.210122189831189],[111.10687753391727,-8.210120375974393],[111.106874011673597,-8.210118554384945],[111.10687047472311,-8.210116725189605],[111.106866923310903,-8.210114888515141],[111.106863357682101,-8.210113044488317],[111.106859778081841,-8.210111193235896],[111.106856184755173,-8.210109334884649],[111.106852577947279,-8.210107469561333],[111.106848957903196,-8.210105597392715],[111.106845324868132,-8.210103718505565],[111.10684167908714,-8.210101833026645],[111.106838020805327,-8.210099941082714],[111.10683435026786,-8.210098042800544],[111.106830667719805,-8.210096138306897],[111.106826973406299,-8.21009422772854],[111.106823267572452,-8.210092311192234],[111.106819550463356,-8.210090388824748],[111.106815822324137,-8.210088460752841],[111.106812083399944,-8.210086527103286],[111.106808333935845,-8.210084588002841],[111.106804574176977,-8.210082643578273],[111.106800804368419,-8.21008069395635],[111.106797024755323,-8.210078739263832],[111.106793235582785,-8.210076779627483],[111.106789437095927,-8.210074815174071],[111.106785629539843,-8.210072846030364],[111.106781813159685,-8.21007087232312],[111.106777988200548,-8.210068894179109],[111.106774154907555,-8.210066911725093],[111.106770313525786,-8.210064925087838],[111.106766464300378,-8.210062934394108],[111.106762607476469,-8.210060939770667],[111.106758743299096,-8.210058941344283],[111.106754872013454,-8.210056939241719],[111.106750993864637,-8.21005493358974],[111.106747109097753,-8.210052924515111],[111.106743217957927,-8.210050912144595],[111.106739320690224,-8.21004889660496],[111.106735417539795,-8.210046878022968],[111.10673150875175,-8.210044856525384],[111.106727594571225,-8.210042832238976],[111.106723675243273,-8.210040805290506],[111.106719751013102,-8.210038775806739],[111.106715822125722,-8.21003674391444],[111.106711888826311,-8.210034709740375],[111.106707951359965,-8.210032673411307],[111.106704009971793,-8.210030635054002],[111.106700064906903,-8.210028594795226],[111.106696116410433,-8.21002655276174],[111.106692164727491,-8.210024509080311],[111.106688210103172,-8.210022463877706],[111.106684252782614,-8.210020417280687],[111.106680293010925,-8.210018369416019],[111.106676331033185,-8.210016320410469],[111.106672367094546,-8.210014270390799],[111.106668401440118,-8.210012219483776],[111.106664434315007,-8.210010167816163],[111.106660465964325,-8.210008115514729],[111.106656496633178,-8.210006062706235],[111.106652526566734,-8.210004009517444],[111.106648556010029,-8.210001956075125],[111.106644585208215,-8.209999902506041],[111.106640614406388,-8.209997848936956],[111.106636643849669,-8.209995795494637],[111.106632673783224,-8.209993742305848],[111.106628704452078,-8.209991689497352],[111.106624736101395,-8.209989637195916],[111.106620768976285,-8.209987585528303],[111.106616803321856,-8.20998553462128],[111.106612839383217,-8.209983484601612],[111.106608877405506,-8.20998143559606],[111.106604917633803,-8.209979387731392],[111.10660096031323,-8.209977341134376],[111.106597005688926,-8.20997529593177],[111.10659305400597,-8.209973252250343],[111.106589105509499,-8.209971210216857],[111.106585160444638,-8.209969169958079],[111.106581219056466,-8.209967131600774],[111.10657728159012,-8.209965095271707],[111.106573348290709,-8.209963061097641],[111.106569419403343,-8.209961029205342],[111.106565495173129,-8.209958999721575],[111.106561575845205,-8.209956972773103],[111.106557661664652,-8.209954948486697],[111.106553752876607,-8.209952926989112],[111.106549849726193,-8.209950908407121],[111.106545952458504,-8.209948892867484],[111.106542061318635,-8.20994688049697],[111.106538176551751,-8.209944871422341],[111.106534298402934,-8.20994286577036],[111.106530427117292,-8.209940863667796],[111.106526562939962,-8.209938865241412],[111.106522706116039,-8.209936870617973],[111.106518856890631,-8.209934879924244],[111.106515015508876,-8.209932893286988],[111.106511182215854,-8.209930910832972],[111.106507357256731,-8.20992893268896],[111.10650354087656,-8.209926958981717],[111.106499733320504,-8.20992498983801],[111.106495934833646,-8.209923025384599],[111.106492145661122,-8.209921065748253],[111.106488366048026,-8.209919111055733],[111.106484596239483,-8.209917161433808],[111.106480836480586,-8.20991521700924],[111.106477087016486,-8.209913277908795],[111.106473348092265,-8.20991134425924],[111.10646961995306,-8.209909416187333],[111.106465902843951,-8.209907493819847],[111.106462197010103,-8.209905577283539],[111.106458502696583,-8.209903666705181],[111.106454820148542,-8.209901762211535],[111.106451149611061,-8.209899863929365],[111.106447491329263,-8.209897971985436],[111.106443845548284,-8.209896086506514],[111.106440212513192,-8.209894207619362],[111.106436592469151,-8.209892335450748],[111.106432985661243,-8.209890470127432],[111.10642939233459,-8.209888611776183],[111.106425812734315,-8.209886760523764],[111.106422247105527,-8.209884916496939],[111.106418695693321,-8.209883079822477],[111.10641515874282,-8.209881250627138],[111.106411636499161,-8.209879429037688],[111.106408129207438,-8.209877615180893],[111.106404637112774,-8.209875809183517],[111.106401160460251,-8.209874011172328],[111.106397699495034,-8.209872221274086],[111.106394254462202,-8.209870439615555],[111.106390825606866,-8.209868666323507],[111.106387413174161,-8.209866901524698],[111.106384017409169,-8.209865145345901],[111.10638063855707,-8.209863397913875],[111.106377276862901,-8.20986165935539],[111.106373932571813,-8.209859929797204],[111.10637060592893,-8.209858209366089],[111.106367297179332,-8.209856498188804],[111.106364006568157,-8.209854796392117],[111.106360734340512,-8.209853104102791],[111.106357480741508,-8.209851421447595],[111.106354246016267,-8.209849748553289],[111.106351030409883,-8.209848085546639],[111.106347834167522,-8.209846432554411],[111.106344657534223,-8.20984478970337],[111.10634150075515,-8.209843157120277],[111.106338364075427,-8.209841534931902],[111.106335247740134,-8.20983992326501],[111.106332151994366,-8.209838322246361],[111.106329077083288,-8.209836732002723],[111.106326023251995,-8.209835152660856],[111.106322990745582,-8.209833584347535],[111.106319979809186,-8.209832027189517],[111.106316990687915,-8.209830481313567],[111.106314023626879,-8.209828946846454],[111.106311078871201,-8.209827423914939],[111.106308156666003,-8.209825912645789],[111.106305257256366,-8.209824413165766],[111.106302380887428,-8.209822925601639],[111.106299527804268,-8.20982145008017],[111.106296698252066,-8.209819986728125],[111.106293892475861,-8.209818535672268],[111.106291110720818,-8.209817097039362],[111.106288353232031,-8.209815670956177],[111.106285620254639,-8.209814257549473],[111.10628291203372,-8.209812856946018],[111.106280228814413,-8.209811469272573],[111.106277570841812,-8.209810094655909],[111.10627493836104,-8.209808733222783],[111.106272331617205,-8.209807385099968],[111.106269750855432,-8.209806050414223],[111.106267196320843,-8.209804729292312],[111.106264668258518,-8.209803421861004],[111.106262166913595,-8.209802128247064],[111.106259692531225,-8.209800848577254],[111.106257245356446,-8.209799582978341],[111.106254825634409,-8.209798331577087],[111.106252433610209,-8.209797094500258],[111.106250069528983,-8.20979587187462],[111.10624773363584,-8.209794663826939],[111.106245426175903,-8.209793470483977],[111.106243147394267,-8.209792291972498],[111.106240897536054,-8.209791128419271],[111.106238676846374,-8.209789979951058],[111.106236485570349,-8.209788846694623],[111.106234323953089,-8.209787728776734],[111.106232192239702,-8.209786626324155],[111.106230090675297,-8.209785539463647],[111.106228019505011,-8.209784468321979],[111.106225978973924,-8.209783413025914],[111.106223969327189,-8.209782373702218],[111.106221990809871,-8.209781350477655],[111.10622004366715,-8.20978034347899],[111.106218128144093,-8.209779352832987],[111.106216244485807,-8.209778378666412],[111.106214392937432,-8.209777421106029],[111.10621257374406,-8.209776480278604],[111.106210787150829,-8.209775556310902],[111.106209033402848,-8.209774649329685],[111.106207312745184,-8.20977375946172],[111.10620562542303,-8.209772886833774],[111.106203971681438,-8.209772031572607],[111.10620235176556,-8.209771193804986],[111.106200765920491,-8.209770373657678],[111.10619921439131,-8.209769571257445],[111.106197697423198,-8.209768786731052],[111.106196215261235,-8.209768020205265],[111.106194768150544,-8.20976727180685],[111.10619335633622,-8.209766541662569],[111.106191980063372,-8.209765829899187],[111.106190639577164,-8.209765136643471],[111.106189335122693,-8.209764462022184],[111.106188066945023,-8.209763806162091],[111.106186835289293,-8.20976316918996],[111.106185640400639,-8.209762551232551],[111.106184482524171,-8.209761952416631],[111.106183361904968,-8.209761372868966],[111.106182278788182,-8.209760812716318],[111.106181233418909,-8.209760272085456],[111.10618022604227,-8.209759751103139],[111.106179256903388,-8.209759249896139],[111.106178326247345,-8.209758768591215],[111.106177434319264,-8.209758307315134],[111.106176581364295,-8.209757866194659],[111.106175767627519,-8.209757445356558],[111.106174993354045,-8.209757044927594],[111.106174258788997,-8.209756665034533],[111.106173564177496,-8.20975630580414],[111.106172909764652,-8.209755967363176],[111.106172295795588,-8.209755649838408],[111.106171722515384,-8.209755353356602],[111.106171190169178,-8.209755078044525],[111.106170699002092,-8.209754824028938],[111.106170249259208,-8.209754591436605],[111.106169841185675,-8.209754380394294],[111.106169475026604,-8.20975419102877],[111.106169151027075,-8.209754023466793],[111.106168869432238,-8.209753877835134],[111.106168630487176,-8.209753754260554],[111.106168434437052,-8.20975365286982],[111.106168281526934,-8.209753573789694],[111.106168172001929,-8.209753517146945],[111.106168106107205,-8.209753483068333],[111.106168084087798,-8.209753471680626]]]}},
{"type":"Feature","properties":{"id":4},"geometry":{"type":"MultiLineString","coordinates":[[[111.105987786366583,-8.209659997850254],[111.105987761503854,-8.209659988425933],[111.105987687100182,-8.209659960222904],[111.105987563432322,-8.209659913346082],[111.105987390777088,-8.209659847900372],[111.105987169411151,-8.209659763990684],[111.105986899611281,-8.209659661721924],[111.105986581654335,-8.209659541199006],[111.10598621581704,-8.209659402526837],[111.105985802376182,-8.209659245810325],[111.105985341608459,-8.20965907115438],[111.1059848337907,-8.209658878663912],[111.105984279199618,-8.209658668443828],[111.105983678112011,-8.209658440599037],[111.105983030804651,-8.209658195234448],[111.105982337554281,-8.209657932454972],[111.105981598637698,-8.209657652365516],[111.105980814331573,-8.209657355070988],[111.105979984912807,-8.2096570406763],[111.105979110658055,-8.209656709286358],[111.105978191844159,-8.209656361006074],[111.105977228747861,-8.209655995940354],[111.105976221645903,-8.209655614194109],[111.105975170815057,-8.209655215872246],[111.105974076532107,-8.209654801079679],[111.105972939073794,-8.20965436992131],[111.10597175871689,-8.209653922502051],[111.105970535738194,-8.209653458926812],[111.105969270414448,-8.209652979300502],[111.105967963022337,-8.209652483728025],[111.10596661383876,-8.209651972314296],[111.105965223140387,-8.209651445164225],[111.105963791204076,-8.209650902382716],[111.10596231830651,-8.20965034407468],[111.105960804724475,-8.209649770345024],[111.105959250734742,-8.209649181298662],[111.105957656614066,-8.209648577040499],[111.105956022639219,-8.209647957675445],[111.105954349086986,-8.209647323308406],[111.105952636234079,-8.209646674044295],[111.105950884357313,-8.20964600998802],[111.105949093733443,-8.20964533124449],[111.105947264639227,-8.209644637918613],[111.10594539735142,-8.2096439301153],[111.105943492146821,-8.209643207939457],[111.105941549302159,-8.209642471495997],[111.105939569094218,-8.209641720889826],[111.105937551799769,-8.209640956225851],[111.105935497695526,-8.209640177608984],[111.10593340705833,-8.209639385144134],[111.105931280164896,-8.209638578936211],[111.105929117292007,-8.209637759090121],[111.105926918716449,-8.209636925710774],[111.105924684714893,-8.209636078903078],[111.105922415564208,-8.209635218771943],[111.105920111541138,-8.20963434542228],[111.105917772922425,-8.209633458958995],[111.105915399984866,-8.209632559487002],[111.105912993005205,-8.209631647111204],[111.105910552260156,-8.209630721936509],[111.105908078026573,-8.209629784067831],[111.105905570581143,-8.209628833610076],[111.105903030200707,-8.209627870668156],[111.105900457161994,-8.209626895346975],[111.105897851741744,-8.209625907751448],[111.105895214216758,-8.209624907986479],[111.105892544863792,-8.20962389615698],[111.105889843959616,-8.209622872367859],[111.105887111780973,-8.209621836724024],[111.105884348604661,-8.209620789330385],[111.105881554707437,-8.209619730291852],[111.105878730366001,-8.209618659713332],[111.105875875857208,-8.209617577699733],[111.105872991457787,-8.209616484355967],[111.105870077444493,-8.209615379786941],[111.105867134094083,-8.209614264097562],[111.105864161683371,-8.209613137392743],[111.105861160489084,-8.209611999777394],[111.105858130787993,-8.20961085135642],[111.105855072856869,-8.20960969223473],[111.105851986972482,-8.209608522517238],[111.105848873411588,-8.209607342308846],[111.105845732450931,-8.209606151714468],[111.105842564367279,-8.209604950839008],[111.105839369437447,-8.209603739787381],[111.105836147938177,-8.209602518664493],[111.105832900146225,-8.209601287575254],[111.105829626338348,-8.209600046624569],[111.105826326791302,-8.209598795917353],[111.1058230017819,-8.209597535558512],[111.10581965158687,-8.209596265652955],[111.105816276482955,-8.209594986305591],[111.105812876746981,-8.209593697621328],[111.105809452655677,-8.209592399705077],[111.105806004485814,-8.209591092661745],[111.105802532514147,-8.209589776596243],[111.105799037017434,-8.209588451613476],[111.105795518272458,-8.209587117818359],[111.10579197655602,-8.209585775315796],[111.10578841214479,-8.209584424210696],[111.10578482531561,-8.209583064607973],[111.105781216345235,-8.209581696612531],[111.10577758551041,-8.20958032032928],[111.105773933087917,-8.209578935863131],[111.105770259354529,-8.209577543318993],[111.105766564586929,-8.209576142801771],[111.105762849062003,-8.209574734416375],[111.10575911305645,-8.209573318267719],[111.105755356847055,-8.209571894460707],[111.105751580710603,-8.209570463100249],[111.105747784923807,-8.209569024291255],[111.105743969763466,-8.209567578138635],[111.105740135506323,-8.209566124747294],[111.105736282429135,-8.209564664222144],[111.105732410808699,-8.209563196668093],[111.105728520921772,-8.209561722190051],[111.10572461304514,-8.209560240892925],[111.105720687455545,-8.209558752881627],[111.105716744429728,-8.209557258261061],[111.105712784244474,-8.209555757136142],[111.105708807176541,-8.209554249611774],[111.105704813502712,-8.209552735792867],[111.105700803499744,-8.209551215784332],[111.105696777444393,-8.209549689691078],[111.105692735613445,-8.209548157618013],[111.105688678283656,-8.209546619670046],[111.105684605731767,-8.209545075952084],[111.105680518234593,-8.209543526569037],[111.10567641606886,-8.209541971625818],[111.105672299511312,-8.20954041122733],[111.105668168838804,-8.209538845478486],[111.105664024328007,-8.209537274484196],[111.105659866255735,-8.209535698349363],[111.105655694898743,-8.209534117178903],[111.105651510533804,-8.20953253107772],[111.105647313437629,-8.209530940150723],[111.105643103887061,-8.209529344502823],[111.105638882158814,-8.20952774423893],[111.105634648529673,-8.209526139463954],[111.105630403276436,-8.209524530282795],[111.105626146675775,-8.20952291680037],[111.105621879004531,-8.20952129912159],[111.10561760053946,-8.209519677351357],[111.105613311557306,-8.209518051594584],[111.105609012334824,-8.209516421956177],[111.105604703148799,-8.209514788541052],[111.105600384276045,-8.209513151454111],[111.105596055993232,-8.209511510800265],[111.105591718577188,-8.209509866684421],[111.105587372304683,-8.209508219211493],[111.105583017452432,-8.209506568486384],[111.105578654297233,-8.209504914614008],[111.105574283115843,-8.209503257699273],[111.105569904185032,-8.209501597847087],[111.105565517781585,-8.209499935162356],[111.105561124182245,-8.209498269749995],[111.105556723663767,-8.209496601714909],[111.105552316502923,-8.209494931162007],[111.105547902976497,-8.209493258196199],[111.105543483361231,-8.209491582922393],[111.105539057933882,-8.209489905445501],[111.105534626971263,-8.209488225870428],[111.105530190750102,-8.209486544302084],[111.105525749547169,-8.209484860845381],[111.105521303639222,-8.209483175605225],[111.10551685330303,-8.209481488686524],[111.105512398815335,-8.209479800194188],[111.105507940452952,-8.209478110233126],[111.105503478492636,-8.209476418908249],[111.10549901321113,-8.209474726324466],[111.105494544885232,-8.209473032586683],[111.105490073791657,-8.209471337799808],[111.105485600207146,-8.209469642068754],[111.105481124408584,-8.209467945498428],[111.105476646672656,-8.20946624819374],[111.105472167276119,-8.209464550259598],[111.105467686495786,-8.209462851800911],[111.10546320460837,-8.209461152922589],[111.105458721890699,-8.20945945372954],[111.105454238619458,-8.209457754326674],[111.105449755071461,-8.209456054818897],[111.105445271523465,-8.20945435531112],[111.105440788252224,-8.209452655908251],[111.105436305534539,-8.209450956715202],[111.105431823647109,-8.20944925783688],[111.105427342866776,-8.209447559378193],[111.105422863470238,-8.209445861444053],[111.105418385734311,-8.209444164139363],[111.105413909935749,-8.209442467569037],[111.105409436351266,-8.209440771837983],[111.105404965257705,-8.209439077051112],[111.105400496931793,-8.209437383313329],[111.105396031650287,-8.209435690729542],[111.105391569689957,-8.209433999404666],[111.105387111327587,-8.209432309443605],[111.105382656839922,-8.20943062095127],[111.10537820650373,-8.209428934032569],[111.105373760595782,-8.209427248792412],[111.105369319392835,-8.20942556533571],[111.10536488317166,-8.209423883767366],[111.105360452209027,-8.209422204192292],[111.105356026781692,-8.209420526715398],[111.105351607166426,-8.209418851441594],[111.10534719364,-8.209417178475785],[111.105342786479156,-8.209415507922884],[111.105338385960678,-8.209413839887798],[111.105333992361338,-8.209412174475435],[111.105329605957877,-8.209410511790706],[111.105325227027066,-8.20940885193852],[111.10532085584569,-8.209407195023783],[111.105316492690477,-8.209405541151408],[111.105312137838268,-8.209403890426302],[111.105307791565735,-8.209402242953372],[111.105303454149691,-8.209400598837529],[111.105299125866907,-8.209398958183684],[111.105294806994124,-8.209397321096741],[111.105290497808113,-8.209395687681614],[111.105286198585645,-8.209394058043209],[111.105281909603491,-8.209392432286437],[111.105277631138392,-8.209390810516204],[111.105273363467163,-8.209389192837422],[111.10526910686653,-8.209387579354997],[111.10526486161325,-8.209385970173845],[111.105260627984109,-8.209384365398863],[111.105256406255876,-8.209382765134968],[111.105252196705266,-8.209381169487068],[111.105247999609134,-8.209379578560075],[111.105243815244165,-8.20937799245889],[111.105239643887188,-8.209376411288428],[111.105235485814902,-8.209374835153598],[111.105231341304119,-8.209373264159305],[111.105227210631568,-8.209371698410461],[111.105223094074063,-8.209370138011973],[111.10521899190833,-8.209368583068754],[111.105214904411142,-8.209367033685709],[111.105210831859267,-8.209365489967748],[111.105206774529478,-8.20936395201978],[111.10520273269853,-8.209362419946714],[111.105198706643208,-8.209360893853459],[111.10519469664024,-8.209359373844926],[111.105190702966397,-8.209357860026021],[111.105186725898477,-8.209356352501654],[111.105182765713224,-8.209354851376734],[111.105178822687421,-8.209353356756168],[111.105174897097783,-8.209351868744868],[111.105170989221136,-8.209350387447744],[111.10516709933421,-8.2093489129697],[111.105163227713788,-8.20934744541565],[111.105159374636628,-8.209345984890499],[111.105155540379485,-8.209344531499159],[111.105151725219116,-8.209343085346537],[111.105147929432306,-8.209341646537542],[111.105144153295825,-8.209340215177084],[111.105140397086444,-8.209338791370072],[111.105136661080891,-8.209337375221416],[111.105132945555965,-8.209335966836022],[111.105129250788409,-8.209334566318802],[111.105125577054991,-8.209333173774661],[111.105121924632513,-8.209331789308511],[111.105118293797673,-8.209330413025263],[111.105114684827299,-8.20932904502982],[111.105111097998133,-8.209327685427098],[111.105107533586931,-8.209326334322],[111.105103991870465,-8.209324991819434],[111.105100473125518,-8.209323658024317],[111.10509697762879,-8.209322333041552],[111.105093505657123,-8.209321016976048],[111.10509005748726,-8.209319709932718],[111.10508663339597,-8.209318412016465],[111.105083233659954,-8.209317123332202],[111.105079858556067,-8.209315843984838],[111.105076508361037,-8.209314574079279],[111.105073183351607,-8.209313313720438],[111.105069883804575,-8.209312063013222],[111.105066609996697,-8.209310822062539],[111.105063362204731,-8.209309590973298],[111.105060140705447,-8.209308369850412],[111.105056945775615,-8.209307158798783],[111.105053777692007,-8.209305957923325],[111.105050636731335,-8.209304767328947],[111.105047523170427,-8.209303587120557],[111.10504443728604,-8.209302417403062],[111.105041379354915,-8.209301258281373],[111.105038349653839,-8.209300109860397],[111.105035348459552,-8.209298972245049],[111.105032376048825,-8.209297845540231],[111.105029432698444,-8.209296729850854],[111.105026518685165,-8.209295625281827],[111.105023634285729,-8.209294531938061],[111.105020779776908,-8.209293449924463],[111.105017955435514,-8.209292379345943],[111.105015161538262,-8.209291320307408],[111.10501239836195,-8.209290272913769],[111.105009666183307,-8.209289237269932],[111.105006965279102,-8.209288213480811],[111.10500429592615,-8.209287201651311],[111.105001658401164,-8.209286201886345],[111.104999052980929,-8.209285214290816],[111.104996479942216,-8.209284238969637],[111.104993939561751,-8.209283276027715],[111.10499143211635,-8.209282325569962],[111.104988957882753,-8.209281387701283],[111.104986517137746,-8.209280462526591],[111.104984110158057,-8.209279550150791],[111.10498173722047,-8.209278650678797],[111.10497939860177,-8.209277764215511],[111.104977094578686,-8.209276890865848],[111.10497482542803,-8.209276030734715],[111.104972591426517,-8.209275183927021],[111.104970392850902,-8.209274350547673],[111.104968229978041,-8.209273530701584],[111.104966103084607,-8.209272724493658],[111.104964012447383,-8.209271932028809],[111.104961958343182,-8.209271153411942],[111.104959941048705,-8.209270388747967],[111.104957960840764,-8.209269638141796],[111.104956017996116,-8.209268901698335],[111.104954112791503,-8.209268179522493],[111.104952245503696,-8.209267471719178],[111.10495041640948,-8.209266778393303],[111.10494862578561,-8.209266099649771],[111.104946873908844,-8.209265435593496],[111.104945161055966,-8.209264786329387],[111.104943487503689,-8.209264151962351],[111.104941853528857,-8.209263532597294],[111.104940259408181,-8.209262928339131],[111.104938705418462,-8.209262339292767],[111.104937191836427,-8.209261765563113],[111.104935718938847,-8.209261207255077],[111.104934287002507,-8.209260664473568],[111.104932896304163,-8.209260137323493],[111.104931547120572,-8.209259625909766],[111.104930239728503,-8.209259130337292],[111.104928974404729,-8.209258650710982],[111.104927751426018,-8.209258187135742],[111.104926571069129,-8.209257739716485],[111.104925433610831,-8.209257308558117],[111.10492433932788,-8.209256893765545],[111.104923288497005,-8.209256495443684],[111.104922281395062,-8.209256113697439],[111.10492131829875,-8.209255748631719],[111.104920399484868,-8.209255400351434],[111.104919525230116,-8.209255068961493],[111.104918695811335,-8.209254754566805],[111.10491791150524,-8.209254457272277],[111.104917172588657,-8.209254177182821],[111.104916479338272,-8.209253914403345],[111.104915832030912,-8.209253669038757],[111.104915230943291,-8.209253441193965],[111.104914676352209,-8.20925323097388],[111.104914168534464,-8.209253038483411],[111.104913707766741,-8.209252863827466],[111.104913294325854,-8.209252707110954],[111.104912928488559,-8.209252568438785],[111.104912610531613,-8.209252447915869],[111.104912340731815,-8.20925234564711],[111.104912119365878,-8.209252261737422],[111.104911946710601,-8.209252196291711],[111.104911823042741,-8.209252149414887],[111.104911748639054,-8.209252121211861],[111.10491172377634,-8.209252111787539]]]}},
{"type":"Feature","properties":{"id":5},"geometry":{"type":"MultiLineString","coordinates":[[[111.104491029093523,-8.209175633104142],[111.104491034846347,-8.209175613666442],[111.104491052062087,-8.209175555497596],[111.104491080676723,-8.209175458813979],[111.10449112062625,-8.209175323831964],[111.104491171846547,-8.209175150767924],[111.104491234273567,-8.209174939838235],[111.104491307843404,-8.20917469125928],[111.104491392491937,-8.209174405247429],[111.104491488155119,-8.209174082019052],[111.10449159476893,-8.209173721790529],[111.104491712269322,-8.209173324778236],[111.10449184059226,-8.209172891198547],[111.104491979673696,-8.209172421267835],[111.104492129449596,-8.209171915202479],[111.104492289855983,-8.209171373218853],[111.104492460828709,-8.209170795533328],[111.104492642303725,-8.209170182362284],[111.104492834217126,-8.209169533922093],[111.104493036504778,-8.209168850429133],[111.104493249102688,-8.20916813209978],[111.104493471946796,-8.209167379150403],[111.104493704973038,-8.209166591797382],[111.104493948117394,-8.209165770257091],[111.104494201315859,-8.209164914745907],[111.104494464504356,-8.209164025480202],[111.104494737618865,-8.209163102676353],[111.104495020595351,-8.209162146550735],[111.104495313369711,-8.209161157319723],[111.104495615877923,-8.209160135199689],[111.104495928056053,-8.209159080407012],[111.104496249839997,-8.209157993158069],[111.104496581165691,-8.20915687366923],[111.104496921969115,-8.209155722156872],[111.104497272186251,-8.209154538837371],[111.10449763175302,-8.209153323927103],[111.104498000605417,-8.20915207764244],[111.104498378679409,-8.20915080019976],[111.104498765910904,-8.209149491815438],[111.104499162235854,-8.209148152705845],[111.104499567590324,-8.209146783087361],[111.104499981910223,-8.209145383176358],[111.104500405131503,-8.209143953189214],[111.104500837190116,-8.209142493342302],[111.104501278022042,-8.209141003851999],[111.104501727563218,-8.209139484934679],[111.104502185749624,-8.209137936806716],[111.104502652517226,-8.209136359684486],[111.104503127802005,-8.209134753784364],[111.104503611539855,-8.209133119322725],[111.104504103666812,-8.209131456515948],[111.104504604118773,-8.2091297655804],[111.104505112831731,-8.209128046732463],[111.104505629741652,-8.209126300188508],[111.104506154784488,-8.209124526164914],[111.104506687896219,-8.209122724878053],[111.104507229012782,-8.209120896544304],[111.104507778070143,-8.209119041380037],[111.104508335004269,-8.209117159601631],[111.104508899751124,-8.209115251425459],[111.104509472246676,-8.209113317067896],[111.104510052426818,-8.209111356745316],[111.104510640227602,-8.209109370674097],[111.104511235584994,-8.209107359070615],[111.104511838434902,-8.209105322151245],[111.10451244871328,-8.209103260132357],[111.104513066356134,-8.20910117323033],[111.104513691299388,-8.20909906166154],[111.104514323479009,-8.209096925642362],[111.104514962831004,-8.209094765389167],[111.104515609291269,-8.209092581118334],[111.104516262795798,-8.209090373046237],[111.104516923280556,-8.209088141389252],[111.104517590681482,-8.209085886363752],[111.104518264934555,-8.209083608186116],[111.104518945975713,-8.209081307072713],[111.104519633740964,-8.209078983239923],[111.104520328166231,-8.209076636904122],[111.104521029187495,-8.209074268281682],[111.104521736740708,-8.209071877588979],[111.10452245076182,-8.209069465042388],[111.104523171186841,-8.209067030858284],[111.104523897951694,-8.209064575253045],[111.104524630992273,-8.20906209844304],[111.104525370244644,-8.209059600644649],[111.104526115644759,-8.209057082074247],[111.104526867128556,-8.209054542948207],[111.10452762463197,-8.209051983482906],[111.104528388090969,-8.209049403894719],[111.104529157441576,-8.209046804400019],[111.10452993261967,-8.209044185215184],[111.104530713561275,-8.209041546556586],[111.104531500202327,-8.209038888640602],[111.10453229247878,-8.20903621168361],[111.104533090326598,-8.209033515901979],[111.104533893681733,-8.209030801512087],[111.10453470248018,-8.20902806873031],[111.104535516657862,-8.209025317773023],[111.104536336150773,-8.2090225488566],[111.104537160894836,-8.209019762197414],[111.10453799082606,-8.209016958011848],[111.104538825880368,-8.209014136516268],[111.104539665993741,-8.209011297927056],[111.104540511102158,-8.209008442460581],[111.104541361141543,-8.209005570333222],[111.104542216047818,-8.209002681761355],[111.10454307575705,-8.208999776961353],[111.104543940205147,-8.208996856149589],[111.104544809328075,-8.208993919542445],[111.104545683061787,-8.208990967356289],[111.104546561342261,-8.208987999807503],[111.104547444105407,-8.208985017112456],[111.104548331287248,-8.208982019487525],[111.104549222823721,-8.208979007149084],[111.104550118650806,-8.208975980313513],[111.104551018704427,-8.208972939197182],[111.104551922920592,-8.208969884016465],[111.104552831235225,-8.208966814987745],[111.104553743584262,-8.208963732327389],[111.104554659903712,-8.208960636251776],[111.104555580129556,-8.208957526977279],[111.10455650419766,-8.208954404720275],[111.104557432044089,-8.208951269697138],[111.104558363604767,-8.208948122124244],[111.104559298815644,-8.20894496221797],[111.104560237612716,-8.208941790194686],[111.104561179931892,-8.208938606270772],[111.104562125709151,-8.208935410662599],[111.104563074880474,-8.208932203586548],[111.104564027381798,-8.208928985258988],[111.104564983149132,-8.208925755896296],[111.104565942118398,-8.208922515714848],[111.104566904225521,-8.208919264931023],[111.104567869406551,-8.208916003761189],[111.104568837597384,-8.208912732421723],[111.104569808733984,-8.208909451129001],[111.104570782752347,-8.208906160099399],[111.10457175958841,-8.208902859549292],[111.104572739178138,-8.208899549695056],[111.104573721457484,-8.208896230753062],[111.104574706362428,-8.20889290293969],[111.104575693828906,-8.208889566471312],[111.104576683792914,-8.208886221564303],[111.10457767619036,-8.20888286843504],[111.104578670957267,-8.208879507299896],[111.104579668029544,-8.208876138375249],[111.1045806673432,-8.208872761877474],[111.104581668834172,-8.208869378022943],[111.104582672438397,-8.208865987028032],[111.104583678091899,-8.208862589109119],[111.104584685730543,-8.208859184482575],[111.104585695290382,-8.208855773364778],[111.10458670670738,-8.208852355972102],[111.104587719917433,-8.208848932520922],[111.10458873485652,-8.208845503227616],[111.104589751460651,-8.208842068308558],[111.10459076966572,-8.208838627980118],[111.104591789407721,-8.208835182458678],[111.104592810622606,-8.208831731960608],[111.104593833246355,-8.208828276702286],[111.10459485721492,-8.208824816900085],[111.104595882464267,-8.208821352770384],[111.104596908930318,-8.208817884529555],[111.104597936549098,-8.208814412393973],[111.104598965256528,-8.208810936580015],[111.104599994988561,-8.208807457304053],[111.104601025681177,-8.208803974782462],[111.104602057270341,-8.208800489231622],[111.10460308969202,-8.208797000867907],[111.104604122882151,-8.208793509907688],[111.104605156776699,-8.208790016567344],[111.10460619131166,-8.208786521063249],[111.104607226422928,-8.208783023611774],[111.104608262046554,-8.208779524429302],[111.104609298118419,-8.208776023732202],[111.104610334574531,-8.208772521736854],[111.104611371350842,-8.208769018659629],[111.104612408383304,-8.208765514716903],[111.104613445607882,-8.208762010125055],[111.104614482960557,-8.208758505100452],[111.104615520377223,-8.208754999859476],[111.104616557793918,-8.2087514946185],[111.104617595146578,-8.208747989593899],[111.104618632371142,-8.208744485002047],[111.104619669403604,-8.208740981059321],[111.104620706179901,-8.208737477982098],[111.104621742636027,-8.208733975986746],[111.104622778707892,-8.208730475289649],[111.104623814331504,-8.208726976107176],[111.1046248494428,-8.208723478655703],[111.104625883977747,-8.208719983151608],[111.104626917872309,-8.208716489811264],[111.10462795106244,-8.208712998851045],[111.104628983484119,-8.208709510487328],[111.104630015073297,-8.20870602493649],[111.104631045765899,-8.208702542414899],[111.10463207549796,-8.20869906313894],[111.104633104205362,-8.20869558732498],[111.104634131824142,-8.208692115189399],[111.104635158290222,-8.208688646948568],[111.104636183539554,-8.208685182818867],[111.104637207508119,-8.208681723016667],[111.104638230131854,-8.208678267758344],[111.104639251346754,-8.208674817260274],[111.104640271088755,-8.208671371738832],[111.104641289293824,-8.208667931410394],[111.104642305897926,-8.208664496491332],[111.104643320837027,-8.208661067198026],[111.10464433404708,-8.208657643746847],[111.104645345464036,-8.208654226354172],[111.104646355023888,-8.208650815236375],[111.104647362662561,-8.208647410609833],[111.104648368316077,-8.20864401269092],[111.104649371920317,-8.208640621696009],[111.104650373411275,-8.208637237841479],[111.104651372724916,-8.208633861343701],[111.104652369797208,-8.208630492419056],[111.104653364564115,-8.208627131283912],[111.104654356961575,-8.208623778154649],[111.104655346925583,-8.208620433247642],[111.104656334392061,-8.208617096779262],[111.10465731929699,-8.20861376896589],[111.104658301576336,-8.208610450023896],[111.104659281166064,-8.208607140169658],[111.104660258002113,-8.208603839619551],[111.104661232020462,-8.208600548589951],[111.104662203157091,-8.208597267297229],[111.104663171347909,-8.208593995957763],[111.104664136528925,-8.208590734787929],[111.104665098636062,-8.2085874840041],[111.104666057605314,-8.208584243822655],[111.10466701337262,-8.208581014459963],[111.104667965873972,-8.208577796132403],[111.104668915045295,-8.208574589056351],[111.104669860822568,-8.20857139344818],[111.104670803141744,-8.208568209524266],[111.104671741938802,-8.208565037500982],[111.104672677149694,-8.208561877594708],[111.104673608710357,-8.208558730021814],[111.104674536556786,-8.208555594998678],[111.104675460624946,-8.208552472741674],[111.104676380850762,-8.208549363467178],[111.104677297170227,-8.208546267391565],[111.104678209519278,-8.208543184731209],[111.104679117833896,-8.208540115702487],[111.104680022050047,-8.20853706052177],[111.104680922103668,-8.208534019405439],[111.104681817930739,-8.208530992569866],[111.104682709467212,-8.208527980231427],[111.104683596649039,-8.208524982606495],[111.104684479412199,-8.208521999911449],[111.104685357692659,-8.208519032362659],[111.104686231426356,-8.208516080176505],[111.104687100549285,-8.208513143569359],[111.104687964997382,-8.208510222757599],[111.104688824706614,-8.208507317957597],[111.104689679612932,-8.20850442938573],[111.104690529652302,-8.208501557258371],[111.104691374760705,-8.208498701791896],[111.104692214874078,-8.208495863202684],[111.1046930499284,-8.208493041707106],[111.10469387985961,-8.208490237521538],[111.104694704603688,-8.208487450862354],[111.104695524096613,-8.208484681945931],[111.10469633827428,-8.208481930988642],[111.104697147072727,-8.208479198206867],[111.104697950427877,-8.208476483816975],[111.10469874827568,-8.208473788035345],[111.104699540552147,-8.208471111078349],[111.104700327193171,-8.208468453162366],[111.104701108134776,-8.208465814503768],[111.104701883312885,-8.208463195318933],[111.104702652663477,-8.208460595824231],[111.10470341612249,-8.208458016236046],[111.104704173625919,-8.208455456770745],[111.104704925109687,-8.208452917644705],[111.104705670509802,-8.208450399074302],[111.104706409762173,-8.20844790127591],[111.104707142802795,-8.208445424465909],[111.104707869567648,-8.208442968860668],[111.104708589992612,-8.208440534676564],[111.104709304013753,-8.208438122129973],[111.104710011566965,-8.20843573143727],[111.104710712588229,-8.20843336281483],[111.104711407013497,-8.208431016479027],[111.104712094778733,-8.208428692646239],[111.104712775819934,-8.208426391532839],[111.104713450073007,-8.2084241133552],[111.104714117473932,-8.208421858329702],[111.104714777958677,-8.208419626672715],[111.104715431463205,-8.208417418600618],[111.10471607792347,-8.208415234329786],[111.104716717275437,-8.208413074076592],[111.104717349455072,-8.208410938057412],[111.104717974398326,-8.208408826488622],[111.104718592041166,-8.208406739586595],[111.104719202319558,-8.208404677567708],[111.104719805169452,-8.208402640648336],[111.104720400526816,-8.208400629044853],[111.104720988327614,-8.208398642973634],[111.104721568507784,-8.208396682651056],[111.104722141003336,-8.208394748293493],[111.104722705750191,-8.208392840117323],[111.104723262684317,-8.208390958338915],[111.104723811741678,-8.208389103174648],[111.104724352858241,-8.208387274840897],[111.104724885969958,-8.208385473554037],[111.104725411012808,-8.208383699530444],[111.104725927922729,-8.208381952986489],[111.104726436635701,-8.208380234138552],[111.104726937087662,-8.208378543203006],[111.104727429214606,-8.208376880396226],[111.10472791295247,-8.208375245934587],[111.10472838823722,-8.208373640034466],[111.104728855004822,-8.208372062912236],[111.104729313191243,-8.208370514784274],[111.104729762732433,-8.208368995866953],[111.10473020356433,-8.20836750637665],[111.104730635622943,-8.208366046529738],[111.104731058844223,-8.208364616542593],[111.104731473164094,-8.208363216631591],[111.104731878518578,-8.208361847013107],[111.10473227484357,-8.208360507903516],[111.104732662075079,-8.208359199519192],[111.104733040149043,-8.208357922076512],[111.104733409001426,-8.208356675791849],[111.104733768568209,-8.208355460881579],[111.104734118785331,-8.20835427756208],[111.104734459588741,-8.208353126049722],[111.104734790914463,-8.208352006560883],[111.104735112698378,-8.208350919311938],[111.104735424876509,-8.208349864519262],[111.104735727384778,-8.20834884239923],[111.104736020159152,-8.208347853168217],[111.104736303135624,-8.208346897042599],[111.104736576250119,-8.20834597423875],[111.104736839438615,-8.208345084973045],[111.104737092637052,-8.208344229461858],[111.104737335781422,-8.20834340792157],[111.104737568807678,-8.208342620568549],[111.104737791651758,-8.208341867619172],[111.104738004249668,-8.208341149289819],[111.104738206537334,-8.208340465796857],[111.104738398450721,-8.208339817356668],[111.104738579925794,-8.208339204185624],[111.10473875089852,-8.208338626500101],[111.104738911304864,-8.208338084516473],[111.104739061080764,-8.208337578451117],[111.1047392001622,-8.208337108520405],[111.104739328485124,-8.208336674940716],[111.10473944598553,-8.208336277928423],[111.104739552599327,-8.208335917699902],[111.104739648262523,-8.208335594471523],[111.104739732911042,-8.208335308459672],[111.10473980648085,-8.208335059880714],[111.104739868907956,-8.208334848951027],[111.104739920128253,-8.20833467588699],[111.104739960077737,-8.208334540904975],[111.104739988692373,-8.208334444221355],[111.104740005908113,-8.20833438605251],[111.104740011660937,-8.20833436661481]]]}},
{"type":"Feature","properties":{"id":6},"geometry":{"type":"MultiLineString","coordinates":[[[111.104611227574352,-8.208215399492714],[111.104611185519317,-8.20821538064399],[111.104611059666297,-8.208215324237706],[111.104610850483425,-8.208215230483667],[111.104610558438864,-8.208215099591703],[111.104610184000776,-8.208214931771629],[111.104609727637211,-8.208214727233264],[111.104609189816415,-8.208214486186426],[111.104608571006565,-8.208214208840939],[111.104607871675697,-8.208213895406615],[111.104607092291999,-8.208213546093274],[111.104606233323665,-8.208213161110738],[111.104605295238741,-8.208212740668824],[111.104604278505462,-8.208212284977352],[111.104603183591948,-8.208211794246139],[111.104602010966317,-8.208211268685004],[111.104600761096734,-8.208210708503767],[111.10459943445133,-8.208210113912243],[111.104598031498284,-8.208209485120257],[111.104596552705686,-8.208208822337623],[111.104594998541771,-8.208208125774162],[111.104593369474586,-8.208207395639691],[111.104591665972336,-8.208206632144034],[111.104589888503156,-8.208205835497003],[111.10458803753518,-8.20820500590842],[111.104586113536556,-8.208204143588105],[111.104584116975417,-8.208203248745873],[111.104582048319955,-8.208202321591548],[111.104579908038247,-8.208201362334943],[111.104577696598454,-8.208200371185882],[111.104575414468769,-8.20819934835418],[111.104573062117325,-8.208198294049657],[111.104570640012227,-8.208197208482133],[111.104568148621667,-8.208196091861426],[111.104565588413763,-8.208194944397354],[111.104562959856651,-8.208193766299738],[111.104560263418492,-8.208192557778396],[111.10455749956742,-8.208191319043143],[111.104554668771598,-8.208190050303804],[111.104551771499132,-8.208188751770193],[111.104548808218226,-8.208187423652131],[111.104545779397,-8.208186066159435],[111.104542685503603,-8.208184679501928],[111.104539527006182,-8.208183263889424],[111.104536304372843,-8.208181819531745],[111.104533018071763,-8.208180346638709],[111.104529668571075,-8.208178845420134],[111.104526256338971,-8.208177316085838],[111.104522781843542,-8.208175758845643],[111.104519245552936,-8.208174173909363],[111.10451564793533,-8.208172561486823],[111.104511989458857,-8.208170921787836],[111.104508270591666,-8.208169255022224],[111.104504491801805,-8.208167561399804],[111.104500653557608,-8.208165841130397],[111.10449675632708,-8.20816409442382],[111.104492800578399,-8.208162321489892],[111.10448878677974,-8.208160522538435],[111.104484715399238,-8.208158697779263],[111.104480586904984,-8.208156847422197],[111.104476401765169,-8.208154971677056],[111.104472160447941,-8.208153070753657],[111.104467863421419,-8.208151144861821],[111.10446351115381,-8.208149194211366],[111.104459104113204,-8.208147219012112],[111.104454642767749,-8.208145219473877],[111.104450127585608,-8.20814319580648],[111.104445559034929,-8.208141148219738],[111.104440937583817,-8.208139076923471],[111.10443626370045,-8.208136982127499],[111.104431537853003,-8.208134864041638],[111.10442676050954,-8.208132722875709],[111.10442193213828,-8.208130558839532],[111.104417053207328,-8.208128372142921],[111.104412124184861,-8.208126162995699],[111.104407145538971,-8.208123931607682],[111.104402117737862,-8.208121678188695],[111.104397041249655,-8.208119402948551],[111.104391916542497,-8.20811710609707],[111.104386744084536,-8.208114787844069],[111.104381524343893,-8.208112448399371],[111.104376257788743,-8.208110087972791],[111.104370944887251,-8.20810770677415],[111.104365586107463,-8.208105305013266],[111.104360181917642,-8.208102882899956],[111.104354732785893,-8.208100440644046],[111.104349239180337,-8.208097978455344],[111.104343701569121,-8.208095496543679],[111.104338120420451,-8.208092995118861],[111.104332496202389,-8.208090474390715],[111.104326829383112,-8.208087934569059],[111.104321120430782,-8.20808537586371],[111.104315369813534,-8.208082798484487],[111.104309577999516,-8.208080202641211],[111.10430374545686,-8.208077588543699],[111.104297872653731,-8.208074956401765],[111.104291960058234,-8.208072306425237],[111.104286008138558,-8.208069638823925],[111.104280017362839,-8.208066953807657],[111.104273988199196,-8.208064251586245],[111.10426792111582,-8.208061532369509],[111.104261816580802,-8.208058796367272],[111.104255675062333,-8.208056043789346],[111.104249497028519,-8.208053274845556],[111.104243282947564,-8.208050489745716],[111.104237033287532,-8.208047688699645],[111.104230748516642,-8.208044871917167],[111.104224429102999,-8.208042039608095],[111.104218075514751,-8.208039191982254],[111.10421168822009,-8.208036329249458],[111.104205267687121,-8.208033451619526],[111.104198814383963,-8.208030559302276],[111.10419232877878,-8.20802765250753],[111.104185811339747,-8.208024731445107],[111.104179262534984,-8.208021796324822],[111.104172682832626,-8.208018847356497],[111.104166072700863,-8.208015884749951],[111.104159432607787,-8.208012908714998],[111.104152763021531,-8.208009919461464],[111.104146064410315,-8.20800691719916],[111.104139337242259,-8.208003902137913],[111.104132581985439,-8.208000874487533],[111.10412579910809,-8.207997834457846],[111.104118989078302,-8.20799478225867],[111.104112152364252,-8.207991718099819],[111.104105289434074,-8.207988642191118],[111.104098400755916,-8.207985554742383],[111.104091486797898,-8.207982455963426],[111.104084548028226,-8.207979346064079],[111.104077584914933,-8.207976225254153],[111.104070597926295,-8.207973093743467],[111.104063587530419,-8.207969951741841],[111.104056554195381,-8.207966799459093],[111.104049498389386,-8.207963637105047],[111.104042420580612,-8.207960464889513],[111.104035321237092,-8.207957283022315],[111.104028200827074,-8.207954091713269],[111.104021059818677,-8.207950891172199],[111.104013898680037,-8.207947681608918],[111.104006717879287,-8.207944463233249],[111.103999517884574,-8.207941236255007],[111.103992299164062,-8.207938000884013],[111.103985062185913,-8.207934757330088],[111.103977807418204,-8.207931505803044],[111.103970535329125,-8.207928246512708],[111.103963246386854,-8.207924979668892],[111.103955941059468,-8.20792170548142],[111.103948619815185,-8.207918424160107],[111.103941283122083,-8.207915135914776],[111.103933931448367,-8.207911840955241],[111.1039265652621,-8.207908539491324],[111.103919185031515,-8.207905231732841],[111.103911791224704,-8.207901917889616],[111.103904384309857,-8.207898598171463],[111.103896964755052,-8.207895272788203],[111.103889533028507,-8.207891941949654],[111.103882089598315,-8.207888605865636],[111.103874634932652,-8.207885264745965],[111.103867169499637,-8.20788191880046],[111.103859693767419,-8.207878568238943],[111.10385220820416,-8.20787521327123],[111.103844713278036,-8.207871854107143],[111.103837209457112,-8.2078684909565],[111.103829697209562,-8.207865124029116],[111.103822177003565,-8.207861753534811],[111.103814649307253,-8.207858379683408],[111.103807114588733,-8.207855002684719],[111.103799573316209,-8.207851622748569],[111.103792025957787,-8.207848240084775],[111.10378447298163,-8.207844854903154],[111.103776914855857,-8.20784146741353],[111.103769352048658,-8.207838077825713],[111.103761785028126,-8.207834686349528],[111.103754214262466,-8.207831293194793],[111.103746640219754,-8.207827898571328],[111.103739063368181,-8.207824502688949],[111.103731484175881,-8.207821105757475],[111.103723903111018,-8.207817707986727],[111.103716320641738,-8.207814309586524],[111.103708737236133,-8.207810910766682],[111.103701153362408,-8.207807511737021],[111.103693569488655,-8.207804112707361],[111.103685986083065,-8.207800713887519],[111.103678403613756,-8.207797315487314],[111.103670822548878,-8.207793917716565],[111.103663243356593,-8.207790520785093],[111.103655666505034,-8.207787124902712],[111.103648092462336,-8.207783730279248],[111.103640521696661,-8.207780337124515],[111.103632954676144,-8.20777694564833],[111.103625391868945,-8.207773556060516],[111.103617833743186,-8.207770168570889],[111.103610280767015,-8.207766783389268],[111.103602733408593,-8.207763400725474],[111.103595192136055,-8.207760020789323],[111.103587657417563,-8.207756643790638],[111.103580129721237,-8.207753269939232],[111.103572609515254,-8.207749899444929],[111.103565097267705,-8.207746532517547],[111.103557593446794,-8.2077431693669],[111.103550098520628,-8.207739810202813],[111.103542612957384,-8.2077364552351],[111.10353513722518,-8.207733104673583],[111.103527671792165,-8.207729758728078],[111.103520217126487,-8.207726417608407],[111.103512773696281,-8.207723081524389],[111.103505341969736,-8.20771975068584],[111.103497922414959,-8.207716425302579],[111.103490515500084,-8.207713105584425],[111.103483121693273,-8.207709791741198],[111.103475741462674,-8.207706483982719],[111.103468375276435,-8.207703182518802],[111.103461023602705,-8.207699887559267],[111.103453686909617,-8.207696599313934],[111.103446365665292,-8.207693317992625],[111.103439060337962,-8.207690043805151],[111.103431771395677,-8.207686776961335],[111.103424499306627,-8.207683517670999],[111.103417244538903,-8.207680266143958],[111.103410007560726,-8.20767702259003],[111.103402788840242,-8.207673787219038],[111.10339558884553,-8.207670560240796],[111.103388408044779,-8.207667341865125],[111.103381246906139,-8.207664132301845],[111.103374105897728,-8.207660931760774],[111.103366985487682,-8.207657740451729],[111.103359886144219,-8.20765455858453],[111.103352808335401,-8.207651386368996],[111.103345752529407,-8.207648224014948],[111.103338719194397,-8.2076450717322],[111.103331708798493,-8.207641929730574],[111.103324721809841,-8.20763879821989],[111.103317758696591,-8.207635677409964],[111.103310819926875,-8.207632567510613],[111.103303905968886,-8.20762946873166],[111.103297017290714,-8.207626381282925],[111.103290154360536,-8.207623305374224],[111.103283317646486,-8.207620241215373],[111.103276507616727,-8.207617189016197],[111.103269724739377,-8.207614148986512],[111.103262969482572,-8.207611121336132],[111.103256242314501,-8.207608106274884],[111.103249543703257,-8.207605104012583],[111.103242874117029,-8.207602114759045],[111.103236234023953,-8.207599138724094],[111.10322962389219,-8.207596176117546],[111.103223044189832,-8.207593227149221],[111.10321649538507,-8.207590292028936],[111.103209977946022,-8.207587370966513],[111.103203492340867,-8.207584464171765],[111.103197039037696,-8.207581571854519],[111.103190618504684,-8.207578694224585],[111.103184231210008,-8.207575831491789],[111.103177877621789,-8.207572983865944],[111.103171558208146,-8.207570151556874],[111.103165273437256,-8.207567334774398],[111.103159023777238,-8.207564533728327],[111.103152809696269,-8.207561748628487],[111.103146631662469,-8.207558979684697],[111.103140490144014,-8.207556227106771],[111.10313438560901,-8.207553491104532],[111.10312831852562,-8.207550771887798],[111.103122289361991,-8.207548069666387],[111.103116298586258,-8.207545384650118],[111.103110346666597,-8.207542717048806],[111.103104434071099,-8.207540067072278],[111.103098561267942,-8.207537434930348],[111.103092728725301,-8.207534820832834],[111.103086936911282,-8.207532224989556],[111.10308118629402,-8.207529647610333],[111.10307547734169,-8.207527088904982],[111.103069810522413,-8.207524549083326],[111.103064186304351,-8.20752202835518],[111.103058605155667,-8.207519526930364],[111.103053067544451,-8.207517045018697],[111.103047573938881,-8.207514582829997],[111.103042124807132,-8.207512140574085],[111.103036720617297,-8.207509718460775],[111.103031361837566,-8.207507316699893],[111.103026048936059,-8.207504935501252],[111.103020782380895,-8.207502575074674],[111.103015562640266,-8.207500235629974],[111.103010390182305,-8.207497917376973],[111.103005265475133,-8.207495620525492],[111.103000188986925,-8.207493345285346],[111.102995161185817,-8.207491091866357],[111.102990182539955,-8.207488860478344],[111.102985253517474,-8.207486651331124],[111.102980374586537,-8.207484464634513],[111.102975546215276,-8.207482300598336],[111.102970768871828,-8.207480159432407],[111.102966043024352,-8.207478041346546],[111.102961369140999,-8.207475946550574],[111.102956747689888,-8.207473875254305],[111.10295217913918,-8.207471827667563],[111.102947663957039,-8.207469804000166],[111.102943202611584,-8.207467804461931],[111.102938795570978,-8.207465829262677],[111.102934443303354,-8.20746387861222],[111.102930146276847,-8.207461952720386],[111.102925904959633,-8.207460051796987],[111.102921719819832,-8.207458176051846],[111.102917591325578,-8.207456325694782],[111.102913519945062,-8.20745450093561],[111.102909506146389,-8.207452701984149],[111.102905550397736,-8.207450929050223],[111.102901653167223,-8.207449182343645],[111.102897814922983,-8.20744746207424],[111.102894036133165,-8.207445768451819],[111.10289031726596,-8.207444101686209],[111.102886658789487,-8.20744246198722],[111.102883061171866,-8.20744084956468],[111.102879524881274,-8.207439264628402],[111.102876050385845,-8.207437707388205],[111.102872638153713,-8.207436178053911],[111.102869288653054,-8.207434676835334],[111.102866002351959,-8.207433203942298],[111.102862779718635,-8.207431759584619],[111.102859621221199,-8.207430343972115],[111.102856527327788,-8.207428957314606],[111.102853498506548,-8.207427599821912],[111.102850535225656,-8.20742627170385],[111.102847637953204,-8.207424973170239],[111.102844807157382,-8.2074237044309],[111.102842043306325,-8.207422465695648],[111.102839346868166,-8.207421257174305],[111.102836718311039,-8.207420079076689],[111.102834158103121,-8.207418931612617],[111.102831666712561,-8.207417814991908],[111.102829244607477,-8.207416729424386],[111.102826892256019,-8.207415675119863],[111.102824610126348,-8.207414652288163],[111.10282239868657,-8.2074136611391],[111.102820258404876,-8.207412701882497],[111.102818189749385,-8.20741177472817],[111.102816193188247,-8.207410879885938],[111.102814269189622,-8.207410017565623],[111.102812418221646,-8.20740918797704],[111.102810640752466,-8.207408391330009],[111.102808937250202,-8.20740762783435],[111.102807308183031,-8.207406897699881],[111.102805754019087,-8.20740620113642],[111.102804275226518,-8.207405538353786],[111.102802872273472,-8.2074049095618],[111.102801545628083,-8.20740431497028],[111.102800295758513,-8.207403754789039],[111.102799123132868,-8.207403229227905],[111.10279802821934,-8.207402738496693],[111.102797011486047,-8.207402282805219],[111.102796073401151,-8.207401862363305],[111.102795214432788,-8.207401477380767],[111.102794435049105,-8.207401128067428],[111.102793735718237,-8.207400814633106],[111.102793116908344,-8.207400537287617],[111.102792579087591,-8.207400296240779],[111.102792122724068,-8.207400091702414],[111.102791748285952,-8.207399923882342],[111.102791456241377,-8.207399792990376],[111.102791247058505,-8.207399699236339],[111.102791121205499,-8.207399642830053],[111.10279107915045,-8.207399623981329]]]}},
{"type":"Feature","properties":{"id":7},"geometry":{"type":"MultiLineString","coordinates":[[[111.104802972769946,-8.208107762542017],[111.104802976737417,-8.20810775174327],[111.104802988610331,-8.208107719427174],[111.104803008344575,-8.208107665713936],[111.104803035895941,-8.208107590723758],[111.104803071220317,-8.208107494576858],[111.104803114273423,-8.208107377393436],[111.104803165011248,-8.20810723929371],[111.104803223389538,-8.20810708039788],[111.104803289364156,-8.208106900826165],[111.104803362890905,-8.208106700698767],[111.104803443925675,-8.208106480135893],[111.104803532424256,-8.208106239257754],[111.104803628342481,-8.208105978184557],[111.104803731636224,-8.208105697036512],[111.104803842261276,-8.208105395933831],[111.104803960173513,-8.208105074996716],[111.104804085328681,-8.208104734345378],[111.104804217682755,-8.20810437410003],[111.104804357191512,-8.208103994380878],[111.104804503810755,-8.208103595308129],[111.104804657496331,-8.208103177001993],[111.104804818204101,-8.208102739582678],[111.104804985889871,-8.208102283170392],[111.104805160509486,-8.208101807885347],[111.104805342018807,-8.208101313847749],[111.104805530373639,-8.208100801177807],[111.104805725529815,-8.208100269995731],[111.104805927443181,-8.208099720421727],[111.104806136069541,-8.208099152576004],[111.1048063513648,-8.208098566578773],[111.104806573284762,-8.208097962550241],[111.104806801785244,-8.208097340610617],[111.104807036822081,-8.208096700880112],[111.104807278351132,-8.208096043478932],[111.104807526328216,-8.208095368527287],[111.10480778070918,-8.208094676145382],[111.104808041449857,-8.208093966453431],[111.104808308506065,-8.208093239571639],[111.104808581833609,-8.208092495620214],[111.10480886138842,-8.208091734719369],[111.104809147126289,-8.208090956989309],[111.10480943900302,-8.208090162550246],[111.104809736974488,-8.208089351522386],[111.104810040996497,-8.208088524025936],[111.104810351024909,-8.20808768018111],[111.104810667015528,-8.208086820108111],[111.104810988924228,-8.208085943927152],[111.104811316706844,-8.208085051758438],[111.104811650319135,-8.208084143722182],[111.104811989717049,-8.208083219938588],[111.104812334856348,-8.208082280527869],[111.104812685692863,-8.208081325610229],[111.104813042182442,-8.20808035530588],[111.104813404280932,-8.20807936973503],[111.104813771944222,-8.208078369017889],[111.104814145128074,-8.208077353274664],[111.104814523788306,-8.208076322625564],[111.104814907880822,-8.208075277190796],[111.104815297361426,-8.208074217090573],[111.104815692185895,-8.2080731424451],[111.104816092310131,-8.208072053374583],[111.104816497689995,-8.208070949999236],[111.104816908281293,-8.208069832439268],[111.104817324039857,-8.208068700814884],[111.104817744921505,-8.208067555246295],[111.104818170882083,-8.208066395853709],[111.10481860187744,-8.208065222757336],[111.104819037863379,-8.208064036077383],[111.10481947879579,-8.208062835934058],[111.104819924630476,-8.20806162244757],[111.104820375323214,-8.208060395738128],[111.104820830829965,-8.208059155925943],[111.104821291106489,-8.208057903131222],[111.104821756108606,-8.20805663747417],[111.104822225792134,-8.208055359075001],[111.104822700113004,-8.208054068053922],[111.104823179026994,-8.208052764531139],[111.104823662489935,-8.208051448626865],[111.104824150457659,-8.208050120461307],[111.10482464288603,-8.208048780154673],[111.104825139730877,-8.208047427827173],[111.104825640947993,-8.208046063599014],[111.104826146493195,-8.208044687590402],[111.104826656322444,-8.208043299921552],[111.104827170391488,-8.20804190071267],[111.104827688656158,-8.208040490083965],[111.104828211072316,-8.208039068155642],[111.104828737595781,-8.208037635047916],[111.104829268182399,-8.208036190880993],[111.104829802787989,-8.208034735775076],[111.104830341368384,-8.208033269850384],[111.104830883879458,-8.208031793227118],[111.104831430277017,-8.208030306025492],[111.104831980516877,-8.208028808365707],[111.104832534554944,-8.208027300367979],[111.104833092346965,-8.208025782152513],[111.1048336538488,-8.208024253839518],[111.104834219016354,-8.208022715549205],[111.104834787805331,-8.208021167401782],[111.10483536017172,-8.208019609517454],[111.104835936071225,-8.208018042016434],[111.104836515459766,-8.208016465018929],[111.104837098293146,-8.208014878645148],[111.104837684527183,-8.208013283015298],[111.104838274117739,-8.208011678249591],[111.104838867020646,-8.208010064468233],[111.104839463191752,-8.208008441791433],[111.104840062586874,-8.2080068103394],[111.104840665161831,-8.208005170232342],[111.104841270872527,-8.208003521590472],[111.104841879674694,-8.208001864533992],[111.104842491524238,-8.208000199183115],[111.10484310637699,-8.207998525658049],[111.104843724188754,-8.207996844079],[111.104844344915378,-8.207995154566181],[111.104844968512737,-8.207993457239798],[111.10484559493662,-8.20799175222006],[111.104846224142861,-8.207990039627175],[111.10484685608732,-8.207988319581352],[111.104847490725831,-8.207986592202801],[111.104848128014183,-8.207984857611729],[111.104848767908265,-8.207983115928347],[111.104849410363897,-8.207981367272859],[111.104850055336925,-8.207979611765481],[111.104850702783182,-8.207977849526415],[111.104851352658471,-8.207976080675873],[111.104852004918655,-8.20797430533406],[111.104852659519551,-8.207972523621191],[111.104853316417035,-8.20797073565747],[111.104853975566897,-8.207968941563109],[111.104854636925012,-8.207967141458314],[111.104855300447198,-8.207965335463291],[111.104855966089275,-8.207963523698254],[111.104856633807088,-8.20796170628341],[111.104857303556486,-8.207959883338965],[111.104857975293271,-8.207958054985131],[111.104858648973291,-8.207956221342116],[111.10485932455245,-8.207954382530128],[111.104860001986481,-8.207952538669375],[111.104860681231244,-8.207950689880068],[111.104861362242644,-8.207948836282416],[111.104862044976429,-8.207946977996622],[111.104862729388458,-8.2079451151429],[111.104863415434579,-8.207943247841456],[111.104864103070639,-8.207941376212503],[111.104864792252471,-8.207939500376243],[111.104865482935907,-8.20793762045289],[111.104866175076751,-8.20793573656265],[111.104866868630893,-8.207933848825734],[111.104867563554109,-8.207931957362348],[111.104868259802274,-8.207930062292702],[111.104868957331206,-8.207928163737005],[111.104869656096767,-8.207926261815464],[111.104870356054761,-8.207924356648292],[111.104871057161063,-8.207922448355692],[111.104871759371449,-8.207920537057877],[111.104872462641794,-8.207918622875054],[111.104873166927945,-8.207916705927431],[111.104873872185692,-8.207914786335216],[111.104874578370897,-8.207912864218621],[111.104875285439434,-8.20791093969785],[111.104875993347065,-8.207909012893117],[111.104876702049665,-8.207907083924628],[111.104877411503068,-8.207905152912588],[111.104878121663091,-8.207903219977212],[111.104878832485568,-8.207901285238705],[111.104879543926359,-8.207899348817277],[111.10488025594131,-8.207897410833134],[111.104880968486242,-8.207895471406491],[111.104881681516972,-8.20789353065755],[111.104882394989346,-8.207891588706524],[111.104883108859184,-8.207889645673617],[111.104883823082361,-8.207887701679045],[111.104884537614694,-8.207885756843009],[111.104885252412018,-8.207883811285722],[111.10488596743015,-8.207881865127391],[111.104886682624965,-8.207879918488228],[111.104887397952268,-8.207877971488436],[111.104888113367892,-8.207876024248229],[111.104888828827683,-8.207874076887812],[111.10488954428746,-8.207872129527395],[111.104890259703083,-8.207870182287188],[111.104890975030372,-8.207868235287396],[111.104891690225173,-8.207866288648232],[111.104892405243305,-8.2078643424899],[111.104893120040629,-8.207862396932613],[111.104893834572962,-8.207860452096579],[111.104894548796153,-8.207858508102007],[111.104895262666005,-8.2078565650691],[111.10489597613838,-8.207854623118074],[111.104896689169095,-8.207852682369133],[111.104897401714027,-8.20785074294249],[111.104898113728979,-8.207848804958347],[111.104898825169784,-8.207846868536921],[111.104899535992288,-8.207844933798413],[111.104900246152312,-8.207843000863036],[111.104900955605714,-8.207841069850998],[111.104901664308301,-8.207839140882509],[111.104902372215946,-8.207837214077774],[111.104903079284441,-8.207835289557003],[111.104903785469659,-8.207833367440408],[111.104904490727421,-8.207831447848193],[111.104905195013544,-8.20782953090057],[111.104905898283889,-8.207827616717747],[111.104906600494274,-8.20782570541993],[111.104907301600576,-8.207823797127331],[111.10490800155857,-8.207821891960156],[111.104908700324131,-8.207819990038617],[111.104909397853049,-8.20781809148292],[111.104910094101243,-8.207816196413276],[111.104910789024473,-8.20781430494989],[111.104911482578586,-8.207812417212972],[111.104912174719459,-8.207810533322734],[111.104912865402852,-8.207808653399381],[111.104913554584712,-8.207806777563121],[111.104914242220758,-8.207804905934168],[111.104914928266908,-8.207803038632726],[111.104915612678951,-8.207801175779004],[111.10491629541275,-8.207799317493208],[111.104916976424107,-8.207797463895556],[111.104917655668899,-8.207795615106249],[111.104918333102916,-8.207793771245496],[111.104919008682032,-8.207791932433508],[111.104919682362095,-8.207790098790493],[111.10492035409888,-8.207788270436659],[111.104921023848263,-8.207786447492214],[111.104921691566076,-8.20778463007737],[111.104922357208153,-8.207782818312333],[111.104923020730325,-8.20778101231731],[111.104923682088412,-8.207779212212515],[111.104924341238274,-8.207777418118154],[111.104924998135758,-8.207775630154432],[111.104925652736668,-8.207773848441562],[111.104926304996866,-8.207772073099752],[111.104926954872184,-8.207770304249209],[111.104927602318426,-8.207768542010143],[111.10492824729144,-8.207766786502765],[111.104928889747072,-8.207765037847279],[111.104929529641169,-8.207763296163897],[111.104930166929535,-8.207761561572823],[111.104930801568045,-8.207759834194274],[111.10493143351249,-8.207758114148453],[111.104932062718746,-8.207756401555567],[111.104932689142629,-8.207754696535829],[111.104933312739959,-8.207752999209445],[111.104933933466583,-8.207751309696624],[111.104934551278362,-8.207749628117575],[111.104935166131114,-8.207747954592509],[111.104935777980657,-8.207746289241632],[111.104936386782839,-8.207744632185152],[111.104936992493492,-8.20774298354328],[111.104937595068463,-8.207741343436224],[111.104938194463571,-8.207739711984189],[111.104938790634691,-8.207738089307391],[111.104939383537598,-8.207736475526033],[111.104939973128168,-8.207734870760325],[111.104940559362205,-8.207733275130476],[111.104941142195585,-8.207731688756695],[111.104941721584126,-8.20773011175919],[111.10494229748366,-8.20772854425817],[111.104942869850007,-8.207726986373842],[111.10494343863904,-8.207725438226419],[111.104944003806565,-8.207723899936106],[111.104944565308415,-8.207722371623111],[111.104945123100435,-8.207720853407647],[111.104945677138474,-8.207719345409917],[111.104946227378349,-8.207717847750136],[111.104946773775893,-8.207716360548506],[111.104947316286953,-8.20771488392524],[111.104947854867376,-8.207713418000548],[111.104948389472952,-8.207711962894631],[111.10494892005957,-8.207710518727708],[111.104949446583021,-8.20770908561998],[111.104949968999165,-8.207707663691659],[111.104950487263835,-8.207706253062954],[111.104951001332878,-8.20770485385407],[111.104951511162099,-8.207703466185221],[111.104952016707358,-8.20770209017661],[111.104952517924502,-8.207700725948452],[111.104953014769322,-8.207699373620951],[111.104953507197692,-8.207698033314317],[111.104953995165431,-8.207696705148759],[111.104954478628372,-8.207695389244483],[111.104954957542333,-8.207694085721702],[111.104955431863189,-8.207692794700623],[111.104955901546774,-8.207691516301454],[111.10495636654889,-8.207690250644404],[111.104956826825401,-8.207688997849681],[111.104957282332109,-8.207687758037496],[111.104957733024889,-8.207686531328054],[111.104958178859576,-8.207685317841568],[111.104958619791944,-8.207684117698241],[111.104959055777925,-8.207682931018288],[111.104959486773254,-8.207681757921915],[111.104959912733847,-8.207680598529327],[111.104960333615495,-8.207679452960738],[111.104960749374044,-8.207678321336354],[111.104961159965328,-8.207677203776386],[111.104961565345178,-8.207676100401041],[111.104961965469442,-8.207675011330526],[111.104962360293953,-8.207673936685051],[111.104962749774558,-8.207672876584828],[111.104963133867045,-8.20767183115006],[111.104963512527291,-8.20767080050096],[111.104963885711129,-8.207669784757734],[111.104964253374391,-8.207668784040592],[111.104964615472909,-8.207667798469743],[111.104964971962517,-8.207666828165396],[111.104965322799046,-8.207665873247757],[111.10496566793833,-8.207664933837036],[111.10496600733623,-8.207664010053444],[111.104966340948536,-8.207663102017186],[111.104966668731109,-8.207662209848474],[111.104966990639824,-8.207661333667513],[111.104967306630428,-8.207660473594514],[111.104967616658854,-8.207659629749688],[111.104967920680849,-8.207658802253238],[111.104968218652317,-8.207657991225378],[111.104968510529048,-8.207657196786315],[111.104968796266903,-8.207656419056255],[111.104969075821714,-8.207655658155408],[111.104969349149286,-8.207654914203985],[111.104969616205494,-8.207654187322195],[111.104969876946171,-8.207653477630242],[111.104970131327136,-8.207652785248339],[111.10497037930422,-8.207652110296692],[111.104970620833257,-8.207651452895512],[111.104970855870107,-8.207650813165007],[111.104971084370604,-8.207650191225383],[111.104971306290551,-8.207649587196851],[111.104971521585782,-8.20764900119962],[111.104971730212185,-8.207648433353899],[111.104971932125565,-8.207647883779895],[111.104972127281727,-8.207647352597817],[111.104972315636545,-8.207646839927877],[111.104972497145866,-8.207646345890277],[111.104972671765466,-8.207645870605232],[111.104972839451264,-8.207645414192946],[111.104973000159021,-8.207644976773631],[111.104973153844597,-8.207644558467495],[111.104973300463826,-8.207644159394746],[111.104973439972568,-8.207643779675594],[111.104973572326628,-8.207643419430244],[111.104973697481853,-8.207643078778908],[111.104973815394075,-8.207642757841796],[111.104973926019142,-8.207642456739112],[111.104974029312856,-8.207642175591069],[111.104974125231109,-8.20764191451787],[111.104974213729676,-8.207641673639731],[111.104974294764432,-8.207641453076857],[111.104974368291195,-8.207641252949456],[111.104974434265799,-8.207641073377738],[111.104974492644089,-8.207640914481914],[111.1049745433819,-8.207640776382185],[111.104974586435077,-8.207640659198766],[111.104974621759425,-8.207640563051866],[111.104974649310776,-8.207640488061688],[111.104974669045035,-8.20764043434845],[111.104974680917948,-8.207640402032354],[111.104974684885406,-8.207640391233607]]]}},
{"type":"Feature","properties":{"id":8},"geometry":{"type":"MultiLineString","coordinates":[[[111.110226399999988,-8.2100014],[111.110226375483307,-8.210001389327738],[111.110226302115223,-8.210001357390158],[111.110226180168638,-8.21000130430606],[111.11022600991646,-8.210001230194239],[111.110225791631635,-8.210001135173503],[111.110225525586984,-8.210001019362648],[111.110225212055553,-8.210000882880475],[111.110224851310164,-8.210000725845788],[111.11022444362375,-8.210000548377385],[111.110223989269258,-8.210000350594068],[111.110223488519551,-8.210000132614635],[111.11022294164755,-8.209999894557891],[111.1102223489262,-8.209999636542632],[111.11022171062838,-8.209999358687663],[111.110221027027023,-8.20999906111178],[111.110220298395021,-8.209998743933788],[111.110219525005277,-8.209998407272483],[111.110218707130741,-8.20999805124667],[111.110217845044346,-8.209997675975149],[111.11021693901894,-8.209997281576721],[111.110215989327514,-8.209996868170183],[111.110214996242917,-8.20999643587434],[111.110213960038095,-8.209995984807991],[111.110212880985912,-8.209995515089936],[111.110211759359331,-8.209995026838977],[111.110210595431241,-8.209994520173913],[111.110209389474576,-8.209993995213546],[111.110208141762214,-8.209993452076676],[111.11020685256706,-8.209992890882102],[111.11020552216209,-8.209992311748628],[111.110204150820181,-8.209991714795054],[111.110202738814266,-8.209991100140181],[111.110201286417222,-8.209990467902806],[111.110199793901984,-8.209989818201734],[111.11019826154147,-8.209989151155764],[111.110196689608571,-8.209988466883697],[111.110195078376208,-8.209987765504334],[111.110193428117313,-8.209987047136472],[111.110191739104749,-8.209986311898914],[111.110190011611508,-8.209985559910464],[111.110188245910436,-8.209984791289921],[111.110186442274482,-8.209984006156084],[111.110184600976538,-8.209983204627752],[111.110182722289537,-8.20998238682373],[111.110180806486369,-8.209981552862818],[111.11017885383994,-8.209980702863813],[111.110176864623213,-8.209979836945518],[111.110174839109064,-8.209978955226735],[111.110172777570398,-8.209978057826262],[111.110170680280149,-8.209977144862901],[111.110168547511222,-8.209976216455455],[111.110166379536508,-8.209975272722721],[111.110164176628956,-8.209974313783498],[111.110161939061456,-8.209973339756592],[111.110159667106942,-8.209972350760804],[111.110157361038318,-8.209971346914928],[111.110155021128463,-8.209970328337771],[111.110152647650352,-8.209969295148133],[111.110150240876848,-8.209968247464809],[111.110147801080885,-8.209967185406606],[111.110145328535353,-8.209966109092322],[111.110142823513186,-8.209965018640759],[111.110140286287333,-8.209963914170714],[111.110137717130669,-8.209962795800996],[111.110135116316087,-8.209961663650395],[111.110132484116505,-8.209960517837718],[111.110129820804872,-8.209959358481767],[111.110127126654092,-8.209958185701337],[111.110124401937057,-8.209956999615233],[111.110121646926672,-8.209955800342255],[111.11011886189587,-8.209954588001203],[111.110116047117586,-8.209953362710877],[111.110113202864682,-8.209952124590078],[111.110110329410105,-8.209950873757608],[111.110107427026719,-8.209949610332265],[111.110104495987514,-8.209948334432854],[111.110101536565367,-8.209947046178172],[111.110098549033182,-8.209945745687021],[111.110095533663909,-8.209944433078203],[111.110092490730381,-8.209943108470515],[111.110089420505602,-8.209941771982763],[111.110086323262436,-8.209940423733741],[111.110083199273802,-8.209939063842253],[111.110080048812605,-8.209937692427101],[111.110076872151765,-8.209936309607086],[111.110073669564244,-8.209934915501005],[111.110070441322847,-8.209933510227662],[111.110067187700594,-8.209932093905856],[111.110063908970332,-8.20993066665439],[111.11006060540501,-8.20992922859206],[111.110057277277505,-8.209927779837674],[111.110053924860765,-8.209926320510023],[111.110050548427694,-8.209924850727917],[111.110047148251184,-8.209923370610152],[111.110043724604168,-8.209921880275528],[111.110040277759566,-8.209920379842846],[111.110036807990269,-8.20991886943091],[111.110033315569183,-8.209917349158516],[111.110029800769269,-8.209915819144467],[111.110026263863389,-8.209914279507565],[111.110022705124479,-8.209912730366609],[111.110019124825442,-8.2099111718404],[111.110015523239213,-8.209909604047738],[111.110011900638682,-8.209908027107424],[111.110008257296755,-8.209906441138259],[111.110004593486366,-8.209904846259043],[111.110000909480448,-8.209903242588579],[111.109997205551878,-8.209901630245664],[111.109993481973547,-8.209900009349104],[111.109989739018459,-8.209898380017695],[111.109985976959422,-8.209896742370237],[111.109982196069382,-8.209895096525536],[111.109978396621315,-8.209893442602386],[111.109974578888043,-8.209891780719593],[111.10997074314254,-8.209890110995955],[111.109966889657699,-8.209888433550274],[111.109963018706395,-8.209886748501351],[111.109959130561606,-8.209885055967984],[111.109955225496222,-8.209883356068975],[111.109951303783134,-8.209881648923126],[111.109947365695263,-8.209879934649235],[111.10994341150554,-8.209878213366107],[111.109939441486887,-8.209876485192538],[111.109935455912165,-8.20987475024733],[111.109931455054337,-8.209873008649287],[111.109927439186293,-8.209871260517206],[111.109923408580983,-8.209869505969888],[111.109919363511239,-8.209867745126134],[111.109915304250052,-8.209865978104746],[111.109911231070299,-8.209864205024525],[111.109907144244914,-8.209862426004268],[111.109903044046789,-8.209860641162781],[111.109898930748841,-8.209858850618861],[111.109894804623991,-8.209857054491309],[111.10989066594513,-8.209855252898924],[111.10988651498522,-8.20985344596051],[111.109882352017109,-8.209851633794869],[111.10987817731376,-8.209849816520798],[111.109873991148078,-8.209847994257098],[111.109869793792939,-8.209846167122571],[111.109865585521305,-8.209844335236015],[111.109861366606054,-8.209842498716236],[111.109857137320134,-8.20984065768203],[111.109852897936406,-8.209838812252197],[111.109848648727819,-8.209836962545541],[111.109844389967293,-8.209835108680863],[111.109840121927718,-8.209833250776963],[111.109835844882042,-8.209831388952638],[111.109831559103128,-8.209829523326693],[111.109827264863881,-8.209827654017927],[111.109822962437306,-8.209825781145138],[111.109818652096237,-8.209823904827134],[111.109814334113594,-8.209822025182708],[111.10981000876231,-8.209820142330667],[111.109805676315318,-8.209818256389809],[111.109801337045468,-8.209816367478933],[111.109796991225721,-8.209814475716838],[111.109792639128969,-8.209812581222328],[111.109788281028131,-8.209810684114208],[111.109783917196125,-8.209808784511269],[111.109779547905887,-8.20980688253232],[111.109775173430279,-8.209804978296157],[111.109770794042248,-8.209803071921581],[111.109766410014686,-8.209801163527395],[111.109762021620526,-8.209799253232397],[111.109757629132645,-8.209797341155388],[111.109753232824005,-8.20979542741517],[111.109748832967512,-8.209793512130545],[111.109744429836041,-8.20979159542031],[111.109740023702543,-8.209789677403268],[111.109735614839906,-8.209787758198223],[111.109731203521051,-8.209785837923967],[111.109726790018897,-8.209783916699307],[111.109722374606349,-8.209781994643043],[111.109717957556313,-8.209780071873974],[111.109713539141751,-8.209778148510903],[111.109709119635511,-8.209776224672627],[111.109704699310541,-8.209774300477953],[111.109700278439746,-8.209772376045676],[111.109695857296032,-8.209770451494599],[111.109691436152332,-8.209768526943519],[111.109687015281523,-8.209766602511241],[111.109682594956553,-8.209764678316567],[111.109678175450313,-8.209762754478291],[111.109673757035722,-8.20976083111522],[111.1096693399857,-8.209758908346153],[111.109664924573167,-8.209756986289888],[111.109660511070985,-8.209755065065229],[111.109656099752158,-8.209753144790975],[111.109651690889521,-8.209751225585926],[111.109647284756022,-8.209749307568886],[111.109642881624552,-8.20974739085865],[111.109638481768059,-8.209745475574024],[111.109634085459419,-8.209743561833807],[111.109629692971552,-8.209741649756801],[111.109625304577392,-8.209739739461803],[111.109620920549816,-8.209737831067615],[111.109616541161785,-8.209735924693041],[111.10961216668619,-8.209734020456876],[111.109607797395924,-8.209732118477925],[111.109603433563933,-8.20973021887499],[111.10959907546308,-8.209728321766866],[111.109594723366342,-8.209726427272358],[111.109590377546596,-8.209724535510263],[111.109586038276746,-8.209722646599388],[111.10958170582974,-8.209720760658527],[111.109577380478456,-8.209718877806486],[111.109573062495826,-8.209716998162062],[111.109568752154757,-8.209715121844056],[111.109564449728154,-8.209713248971269],[111.10956015548895,-8.209711379662503],[111.109555869710036,-8.209709514036557],[111.109551592664332,-8.209707652212234],[111.109547324624771,-8.209705794308331],[111.109543065864244,-8.209703940443655],[111.109538816655672,-8.209702090737],[111.109534577271944,-8.209700245307168],[111.109530347986009,-8.209698404272963],[111.109526129070758,-8.209696567753181],[111.109521920799125,-8.209694735866627],[111.109517723443986,-8.2096929087321],[111.109513537278303,-8.209691086468398],[111.109509362574954,-8.209689269194328],[111.109505199606858,-8.209687457028684],[111.109501048646905,-8.209685650090272],[111.109496909968072,-8.209683848497887],[111.109492783843223,-8.209682052370335],[111.109488670545261,-8.209680261826414],[111.109484570347149,-8.209678476984926],[111.10948048352175,-8.209676697964671],[111.109476410342012,-8.20967492488445],[111.109472351080825,-8.209673157863062],[111.109468306011095,-8.209671397019308],[111.109464275405742,-8.20966964247199],[111.109460259537698,-8.209667894339908],[111.10945625867987,-8.209666152741866],[111.109452273105191,-8.209664417796658],[111.109448303086509,-8.209662689623091],[111.109444348896801,-8.209660968339961],[111.109440410808929,-8.209659254066072],[111.109436489095856,-8.209657546920221],[111.109432584030458,-8.209655847021214],[111.109428695885669,-8.209654154487847],[111.109424824934393,-8.209652469438922],[111.109420971449538,-8.209650791993241],[111.109417135704035,-8.209649122269603],[111.109413317970763,-8.209647460386808],[111.109409518522668,-8.209645806463662],[111.109405737632656,-8.209644160618959],[111.109401975573604,-8.209642522971501],[111.109398232618474,-8.209640893640092],[111.109394509040186,-8.20963927274353],[111.109390805111616,-8.209637660400617],[111.109387121105684,-8.209636056730151],[111.10938345729528,-8.209634461850936],[111.109379813953382,-8.209632875881772],[111.109376191352851,-8.20963129894146],[111.109372589766622,-8.209629731148798],[111.109369009467599,-8.209628172622589],[111.109365450728674,-8.209626623481633],[111.109361913822809,-8.209625083844729],[111.109358399022881,-8.209623553830681],[111.109354906601823,-8.209622033558288],[111.109351436832512,-8.209620523146352],[111.109347989987896,-8.209619022713669],[111.109344566340894,-8.209617532379045],[111.109341166164398,-8.20961605226128],[111.109337789731299,-8.209614582479171],[111.109334437314558,-8.209613123151524],[111.109331109187053,-8.209611674397134],[111.109327805621717,-8.209610236334807],[111.10932452689147,-8.209608809083338],[111.109321273269202,-8.209607392761534],[111.10931804502782,-8.209605987488191],[111.109314842440284,-8.20960459338211],[111.109311665779444,-8.209603210562094],[111.109308515318247,-8.209601839146943],[111.109305391329613,-8.209600479255457],[111.109302294086461,-8.209599131006435],[111.109299223861683,-8.209597794518681],[111.109296180928169,-8.209596469910993],[111.109293165558867,-8.209595157302173],[111.109290178026697,-8.209593856811024],[111.10928721860455,-8.209592568556342],[111.10928428756533,-8.209591292656931],[111.109281385181987,-8.209590029231588],[111.109278511727396,-8.209588778399118],[111.109275667474506,-8.209587540278321],[111.109272852696208,-8.209586314987995],[111.109270067665392,-8.209585102646942],[111.109267312655021,-8.209583903373963],[111.109264587937986,-8.209582717287859],[111.109261893787178,-8.209581544507429],[111.10925923047553,-8.209580385151476],[111.109256598275977,-8.209579239338801],[111.109253997461394,-8.2095781071882],[111.109251428304717,-8.209576988818478],[111.109248891078849,-8.209575884348437],[111.109246386056697,-8.209574793896874],[111.109243913511193,-8.20957371758259],[111.10924147371523,-8.209572655524386],[111.109239066941711,-8.209571607841065],[111.1092366934636,-8.209570574651424],[111.109234353553759,-8.209569556074268],[111.109232047485136,-8.209568552228392],[111.109229775530622,-8.209567563232602],[111.109227537963108,-8.209566589205698],[111.109225335055555,-8.209565630266477],[111.10922316708087,-8.209564686533742],[111.109221034311929,-8.209563758126295],[111.10921893702168,-8.209562845162935],[111.109216875483,-8.209561947762463],[111.109214849968851,-8.209561066043678],[111.109212860752109,-8.209560200125384],[111.109210908105709,-8.20955935012638],[111.109208992302527,-8.209558516165465],[111.109207113615525,-8.209557698361444],[111.109205272317581,-8.209556896833112],[111.109203468681613,-8.209556111699275],[111.109201702980542,-8.20955534307873],[111.1091999754873,-8.20955459109028],[111.109198286474765,-8.209553855852723],[111.109196636215856,-8.209553137484862],[111.109195024983492,-8.209552436105499],[111.109193453050608,-8.20955175183343],[111.109191920690066,-8.209551084787462],[111.109190428174841,-8.209550435086388],[111.109188975777798,-8.209549802849015],[111.109187563771869,-8.20954918819414],[111.109186192429959,-8.209548591240566],[111.109184862025003,-8.209548012107094],[111.109183572829863,-8.20954745091252],[111.109182325117516,-8.209546907775652],[111.109181119160837,-8.209546382815285],[111.109179955232747,-8.209545876150219],[111.109178833606165,-8.20954538789926],[111.109177754553968,-8.209544918181205],[111.109176718349147,-8.209544467114855],[111.109175725264535,-8.209544034819013],[111.109174775573081,-8.209543621412475],[111.109173869547689,-8.209543227014047],[111.10917300746128,-8.209542851742524],[111.109172189586772,-8.209542495716713],[111.109171416197057,-8.20954215905541],[111.109170687565054,-8.209541841877417],[111.109170003963683,-8.209541544301535],[111.109169365665878,-8.209541266446564],[111.109168772944514,-8.209541008431305],[111.109168226072526,-8.209540770374561],[111.109167725322806,-8.209540552395127],[111.1091672709683,-8.209540354611811],[111.109166863281885,-8.209540177143406],[111.10916650253651,-8.209540020108719],[111.109166189005052,-8.209539883626547],[111.109165922960443,-8.209539767815693],[111.109165704675604,-8.209539672794957],[111.109165534423425,-8.209539598683138],[111.109165412476827,-8.209539545599037],[111.109165339108756,-8.209539513661458],[111.109165314592076,-8.209539502989196]]]}},
{"type":"Feature","properties":{"id":9},"geometry":{"type":"MultiLineString","coordinates":[[[111.108913093989742,-8.209430290235828],[111.108913065280774,-8.20943027695642],[111.108912979366877,-8.209430237216745],[111.108912836567669,-8.209430171164627],[111.108912637202721,-8.209430078947888],[111.108912381591608,-8.209429960714345],[111.108912070053876,-8.209429816611825],[111.108911702909182,-8.209429646788154],[111.108911280477059,-8.209429451391152],[111.108910803077094,-8.209429230568643],[111.108910271028861,-8.209428984468447],[111.108909684651948,-8.209428713238388],[111.108909044265943,-8.20942841702629],[111.108908350190418,-8.209428095979975],[111.108907602744949,-8.209427750247267],[111.108906802249123,-8.209427379975983],[111.108905949022514,-8.209426985313952],[111.108905043384667,-8.209426566408991],[111.10890408565524,-8.209426123408932],[111.108903076153794,-8.209425656461589],[111.108902015199874,-8.209425165714789],[111.108900903113096,-8.209424651316352],[111.108899740213005,-8.209424113414103],[111.108898526819203,-8.209423552155863],[111.108897263251279,-8.209422967689457],[111.108895949828764,-8.209422360162705],[111.108894586871315,-8.209421729723433],[111.108893174698451,-8.20942107651946],[111.108891713629788,-8.209420400698612],[111.10889020398487,-8.209419702408708],[111.108888646083301,-8.209418981797572],[111.108887040244682,-8.209418239013031],[111.108885386788558,-8.209417474202903],[111.108883686034531,-8.209416687515011],[111.108881938302176,-8.209415879097181],[111.108880143911065,-8.209415049097233],[111.108878303180788,-8.209414197662991],[111.108876416430931,-8.209413324942275],[111.108874483981054,-8.20941243108291],[111.108872506150718,-8.209411516232716],[111.108870483259579,-8.209410580539522],[111.108868415627157,-8.209409624151146],[111.108866303573052,-8.209408647215414],[111.108864147416867,-8.209407649880143],[111.108861947478104,-8.20940663229316],[111.108859704076423,-8.209405594602288],[111.108857417531382,-8.209404536955345],[111.108855088162585,-8.209403459500162],[111.108852716289547,-8.209402362384553],[111.108850302231886,-8.209401245756348],[111.108847846309217,-8.209400109763362],[111.108845348841058,-8.209398954553427],[111.108842810147024,-8.209397780274358],[111.108840230546633,-8.209396587073979],[111.108837610359572,-8.209395375100117],[111.108834949905372,-8.209394144500592],[111.108832249503607,-8.209392895423225],[111.108829509473878,-8.20939162801584],[111.108826730135746,-8.209390342426262],[111.108823911808798,-8.209389038802312],[111.108821054812594,-8.209387717291811],[111.108818159466722,-8.209386378042582],[111.108815226090798,-8.209385021202452],[111.108812255004381,-8.209383646919241],[111.108809246527031,-8.209382255340772],[111.10880620097835,-8.209380846614867],[111.108803118677926,-8.209379420889347],[111.108799999945333,-8.209377978312036],[111.108796845100144,-8.209376519030759],[111.10879365446192,-8.20937504319334],[111.108790428350289,-8.209373550947594],[111.108787167084799,-8.209372042441352],[111.108783870985036,-8.20937051782243],[111.10878054037056,-8.209368977238656],[111.108777175561002,-8.20936742083785],[111.108773776875879,-8.209365848767833],[111.10877034463482,-8.209364261176434],[111.1087668791574,-8.209362658211472],[111.108763380763193,-8.209361040020768],[111.108759849771786,-8.209359406752146],[111.108756286502739,-8.209357758553431],[111.10875269127564,-8.209356095572442],[111.108749064410091,-8.209354417957003],[111.108745406225609,-8.209352725854938],[111.108741717041866,-8.20935101941407],[111.108737997178395,-8.209349298782218],[111.108734246954754,-8.20934756410721],[111.108730466690588,-8.209345815536865],[111.1087266567054,-8.209344053219009],[111.108722817318835,-8.209342277301461],[111.108718948850452,-8.209340487932044],[111.108715051619811,-8.209338685258583],[111.108711125946499,-8.209336869428899],[111.108707172150105,-8.209335040590817],[111.10870319055023,-8.209333198892157],[111.10869918146642,-8.209331344480745],[111.108695145218263,-8.209329477504397],[111.108691082125361,-8.209327598110946],[111.108686992507273,-8.209325706448205],[111.108682876683559,-8.209323802664002],[111.108678734973864,-8.209321886906158],[111.108674567697705,-8.209319959322498],[111.108670375174697,-8.20931802006084],[111.108666157724414,-8.209316069269011],[111.108661915666431,-8.209314107094832],[111.108657649320321,-8.209312133686126],[111.1086533590057,-8.209310149190717],[111.108649045042114,-8.209308153756425],[111.10864470774915,-8.209306147531075],[111.108640347446396,-8.20930413066249],[111.108635964453441,-8.209302103298494],[111.108631559089844,-8.209300065586904],[111.108627131675178,-8.209298017675547],[111.108622682529074,-8.209295959712245],[111.108618211971034,-8.209293891844819],[111.108613720320733,-8.209291814221093],[111.108609207897672,-8.209289726988894],[111.108604675021468,-8.209287630296039],[111.108600122011666,-8.209285524290351],[111.108595549187896,-8.209283409119656],[111.108590956869733,-8.209281284931773],[111.108586345376693,-8.209279151874528],[111.108581715028436,-8.209277010095741],[111.108577066144534,-8.209274859743239],[111.108572399044505,-8.209272700964837],[111.108567714047993,-8.209270533908366],[111.108563011474558,-8.209268358721644],[111.108558291643732,-8.209266175552496],[111.108553554875172,-8.209263984548745],[111.108548801488439,-8.20926178585821],[111.108544031803092,-8.209259579628718],[111.108539246138733,-8.209257366008085],[111.108534444814921,-8.209255145144144],[111.108529628151274,-8.209252917184713],[111.108524796467293,-8.209250682277613],[111.108519950082638,-8.209248440570665],[111.108515089316853,-8.209246192211697],[111.108510214489542,-8.209243937348528],[111.108505325920277,-8.209241676128983],[111.108500423928618,-8.209239408700885],[111.108495508834153,-8.209237135212053],[111.108490580956484,-8.209234855810312],[111.108485640615157,-8.209232570643486],[111.108480688129774,-8.209230279859396],[111.108475723819907,-8.209227983605864],[111.108470748005161,-8.209225682030715],[111.108465761005093,-8.209223375281772],[111.108460763139277,-8.209221063506856],[111.108455754727316,-8.209218746853789],[111.108450736088798,-8.209216425470395],[111.108445707543254,-8.209214099504496],[111.108440669410314,-8.209211769103916],[111.108435622009537,-8.209209434416479],[111.108430565660484,-8.209207095590004],[111.108425500682785,-8.209204752772315],[111.108420427396013,-8.209202406111237],[111.108415346119699,-8.209200055754589],[111.10841025717346,-8.209197701850197],[111.10840516087687,-8.209195344545883],[111.108400057549503,-8.209192983989468],[111.108394947510959,-8.209190620328775],[111.108389831080814,-8.209188253711631],[111.108384708578626,-8.209185884285851],[111.108379580323998,-8.209183512199264],[111.108374446636475,-8.209181137599691],[111.108369307835687,-8.209178760634956],[111.108364164241166,-8.209176381452874],[111.108359016172543,-8.209174000201278],[111.108353863949375,-8.209171617027987],[111.108348707891224,-8.209169232080823],[111.108343548317706,-8.209166845507609],[111.108338385548379,-8.209164457456167],[111.108333219902789,-8.20916206807432],[111.108328051700596,-8.209159677509893],[111.108322881261344,-8.209157285910708],[111.108317708904593,-8.209154893424584],[111.10831253494996,-8.209152500199348],[111.108307359716974,-8.20915010638282],[111.108302183525296,-8.209147712122824],[111.108297006694414,-8.209145317567184],[111.108291829543958,-8.20914292286372],[111.108286652393517,-8.209140528160255],[111.108281475562649,-8.209138133604617],[111.108276299370928,-8.209135739344619],[111.108271124137957,-8.209133345528091],[111.108265950183309,-8.209130952302857],[111.108260777826573,-8.209128559816733],[111.108255607387306,-8.209126168217548],[111.108250439185113,-8.209123777653119],[111.108245273539552,-8.209121388271274],[111.108240110770225,-8.209119000219832],[111.108234951196707,-8.209116613646618],[111.108229795138556,-8.209114228699454],[111.108224642915388,-8.209111845526163],[111.108219494846765,-8.209109464274567],[111.108214351252258,-8.209107085092487],[111.10820921245147,-8.209104708127752],[111.108204078763947,-8.209102333528177],[111.108198950509319,-8.209099961441591],[111.108193828007131,-8.209097592015812],[111.108188711576972,-8.209095225398665],[111.108183601538428,-8.209092861737973],[111.108178498211061,-8.209090501181558],[111.10817340191447,-8.209088143877244],[111.108168312968232,-8.209085789972852],[111.108163231691918,-8.209083439616204],[111.108158158405132,-8.209081092955126],[111.108153093427433,-8.209078750137436],[111.108148037078394,-8.209076411310962],[111.108142989677603,-8.209074076623523],[111.108137951544663,-8.209071746222945],[111.108132922999133,-8.209069420257045],[111.1081279043606,-8.209067098873653],[111.10812289594864,-8.209064782220587],[111.108117898082838,-8.209062470445669],[111.108112911082785,-8.209060163696726],[111.108107935268009,-8.209057862121577],[111.108102970958157,-8.209055565868045],[111.108098018472788,-8.209053275083956],[111.108093078131475,-8.209050989917129],[111.108088150253792,-8.20904871051539],[111.108083235159327,-8.209046437026558],[111.108078333167654,-8.209044169598457],[111.108073444598361,-8.209041908378911],[111.108068569771063,-8.209039653515743],[111.108063709005279,-8.209037405156774],[111.108058862620624,-8.20903516344983],[111.108054030936671,-8.209032928542726],[111.108049214272981,-8.209030700583295],[111.108044412949184,-8.209028479719352],[111.108039627284811,-8.209026266098723],[111.108034857599478,-8.209024059869231],[111.10803010421273,-8.209021861178696],[111.108025367444185,-8.209019670174943],[111.108020647613387,-8.209017487005795],[111.108015945039952,-8.209015311819073],[111.108011260043426,-8.209013144762604],[111.108006592943426,-8.209010985984204],[111.108001944059481,-8.2090088356317],[111.107997313711223,-8.209006693852913],[111.107992702218212,-8.209004560795668],[111.107988109900049,-8.209002436607786],[111.107983537076279,-8.209000321437092],[111.107978984066477,-8.208998215431402],[111.107974451190287,-8.208996118738547],[111.107969938767226,-8.208994031506347],[111.107965447116882,-8.208991953882622],[111.107960976558871,-8.208989886015198],[111.107956527412725,-8.208987828051896],[111.107952099998087,-8.208985780140537],[111.107947694634476,-8.208983742428948],[111.10794331164152,-8.208981715064949],[111.107938951338753,-8.208979698196362],[111.107934614045817,-8.208977691971015],[111.107930300082216,-8.208975696536724],[111.107926009767581,-8.208973712041313],[111.1079217434215,-8.208971738632608],[111.107917501363502,-8.208969776458432],[111.107913283913234,-8.208967825666601],[111.107909091390212,-8.208965886404945],[111.107904924114081,-8.208963958821283],[111.107900782404371,-8.20896204306344],[111.107896666580686,-8.208960139279236],[111.107892576962598,-8.208958247616495],[111.107888513869682,-8.208956368223044],[111.107884477621539,-8.208954501246698],[111.107880468537729,-8.208952646835284],[111.10787648693784,-8.208950805136624],[111.107872533141446,-8.208948976298542],[111.107868607468134,-8.20894716046886],[111.107864710237493,-8.208945357795397],[111.107860841769096,-8.208943568425981],[111.107857002382531,-8.208941792508433],[111.107853192397343,-8.208940030190575],[111.107849412133149,-8.208938281620229],[111.107845661909522,-8.208936546945221],[111.107841942046051,-8.208934826313371],[111.107838252862294,-8.208933119872501],[111.10783459467784,-8.208931427770437],[111.107830967812276,-8.208929750154999],[111.107827372585191,-8.20892808717401],[111.107823809316145,-8.208926438975295],[111.107820278324724,-8.208924805706673],[111.107816779930531,-8.208923187515969],[111.107813314453097,-8.208921584551007],[111.107809882212038,-8.208919996959606],[111.107806483526943,-8.208918424889593],[111.107803118717371,-8.208916868488787],[111.107799788102923,-8.208915327905013],[111.107796492003146,-8.208913803286091],[111.107793230737641,-8.208912294779847],[111.107790004625983,-8.208910802534104],[111.107786813987786,-8.208909326696681],[111.107783659142584,-8.208907867415403],[111.107780540409991,-8.208906424838094],[111.107777458109553,-8.208904999112574],[111.107774412560886,-8.208903590386669],[111.107771404083536,-8.208902198808198],[111.107768432997119,-8.208900824524987],[111.107765499621195,-8.208899467684857],[111.107762604275337,-8.20889812843563],[111.107759747279133,-8.208896806925129],[111.107756928952185,-8.208895503301179],[111.107754149614053,-8.208894217711601],[111.10775140958431,-8.208892950304216],[111.107748709182559,-8.20889170122685],[111.107746048728345,-8.208890470627324],[111.107743428541283,-8.208889258653462],[111.107740848940949,-8.208888065453085],[111.107738310246901,-8.208886891174014],[111.107735812778756,-8.208885735964079],[111.107733356856045,-8.208884599971094],[111.107730942798398,-8.208883483342888],[111.107728570925374,-8.20888238622728],[111.107726241556534,-8.208881308772094],[111.107723955011508,-8.208880251125155],[111.107721711609813,-8.208879213434281],[111.107719511671064,-8.208878195847298],[111.107717355514865,-8.208877198512027],[111.107715243460774,-8.208876221576293],[111.107713175828351,-8.208875265187917],[111.107711152937199,-8.208874329494723],[111.107709175106891,-8.208873414644531],[111.107707242657028,-8.208872520785167],[111.107705355907143,-8.208871648064452],[111.10770351517688,-8.208870796630208],[111.107701720785769,-8.20886996663026],[111.1076999730534,-8.208869158212428],[111.107698272299359,-8.208868371524538],[111.107696618843235,-8.20886760671441],[111.107695013004616,-8.208866863929869],[111.10769345510306,-8.208866143318733],[111.107691945458143,-8.208865445028831],[111.107690484389479,-8.208864769207981],[111.10768907221663,-8.208864116004008],[111.107687709259167,-8.208863485564736],[111.107686395836666,-8.208862878037984],[111.107685132268713,-8.208862293571578],[111.107683918874912,-8.208861732313338],[111.107682755974821,-8.208861194411089],[111.107681643888029,-8.208860680012652],[111.107680582934123,-8.208860189265852],[111.107679573432662,-8.208859722318509],[111.107678615703222,-8.208859279318446],[111.107677710065417,-8.208858860413489],[111.107676856838822,-8.20885846575146],[111.107676056342996,-8.208858095480176],[111.107675308897512,-8.208857749747466],[111.107674614821974,-8.208857428701151],[111.107673974435968,-8.208857132489051],[111.107673388059055,-8.208856861258994],[111.107672856010836,-8.208856615158799],[111.107672378610872,-8.208856394336289],[111.107671956178734,-8.208856198939287],[111.107671589034041,-8.208856029115616],[111.107671277496337,-8.208855885013097],[111.10767102188521,-8.208855766779557],[111.107670822520262,-8.208855674562816],[111.107670679721053,-8.208855608510698],[111.107670593807157,-8.208855568771021],[111.107670565098189,-8.208855555491613]]]}},
{"type":"Feature","properties":{"id":null},"geometry":{"type":"MultiLineString","coordinates":[[[111.107387240107698,-8.20868560267215],[111.107387205392456,-8.208685585983199],[111.107387101504358,-8.208685536040198],[111.107386928829811,-8.20868545302892],[111.10738668775528,-8.208685337135142],[111.107386378667258,-8.208685188544646],[111.107386001952008,-8.208685007443203],[111.107385557996196,-8.208684794016593],[111.10738504718617,-8.208684548450595],[111.107384469908325,-8.208684270930981],[111.107383826549139,-8.208683961643532],[111.10738311749509,-8.208683620774021],[111.107382343132556,-8.208683248508228],[111.107381503848003,-8.208682845031928],[111.107380600027881,-8.208682410530898],[111.10737963205861,-8.208681945190916],[111.107378600326641,-8.208681449197757],[111.107377505218395,-8.208680922737198],[111.107376347120351,-8.208680365995017],[111.107375126418958,-8.208679779156991],[111.107373843500611,-8.208679162408897],[111.107372498751758,-8.208678515936509],[111.107371092558878,-8.208677839925608],[111.107369625308351,-8.208677134561968],[111.107368097386683,-8.208676400031367],[111.107366509180281,-8.20867563651958],[111.107364861075567,-8.208674844212387],[111.107363153459005,-8.208674023295561],[111.107361386717074,-8.208673173954883],[111.10735956123608,-8.208672296376124],[111.107357677402604,-8.208671390745069],[111.107355735603079,-8.208670457247486],[111.107353736223871,-8.20866949606916],[111.107351679651458,-8.208668507395862],[111.107349566272305,-8.208667491413371],[111.107347396472804,-8.208666448307465],[111.107345170639405,-8.208665378263918],[111.107342889158588,-8.208664281468508],[111.107340552416758,-8.208663158107012],[111.107338160800339,-8.208662008365208],[111.107335714695807,-8.208660832428869],[111.1073332144896,-8.208659630483778],[111.107330660568167,-8.208658402715706],[111.107328053317914,-8.208657149310435],[111.107325393125308,-8.208655870453736],[111.107322680376768,-8.208654566331392],[111.107319915458788,-8.208653237129173],[111.107317098757747,-8.208651883032864],[111.10731423066008,-8.208650504228233],[111.107311311552294,-8.208649100901065],[111.107308341820783,-8.208647673237129],[111.107305321851982,-8.208646221422208],[111.107302252032355,-8.208644745642076],[111.107299132748295,-8.208643246082509],[111.107295964386324,-8.208641722929286],[111.107292747332821,-8.208640176368187],[111.107289481974249,-8.208638606584982],[111.107286168697058,-8.208637013765451],[111.107282807887657,-8.208635398095371],[111.107279399932509,-8.208633759760518],[111.107275945218063,-8.208632098946667],[111.1072724441307,-8.208630415839599],[111.10726889705694,-8.208628710625089],[111.107265304383205,-8.208626983488912],[111.107261666495901,-8.208625234616848],[111.107257983781494,-8.208623464194673],[111.107254256626419,-8.208621672408164],[111.107250485417126,-8.208619859443095],[111.107246670540036,-8.208618025485245],[111.1072428123816,-8.208616170720394],[111.107238911328267,-8.208614295334311],[111.107234967766459,-8.208612399512779],[111.107230982082655,-8.208610483441573],[111.107226954663219,-8.20860854730647],[111.107222885894672,-8.208606591293247],[111.107218776163393,-8.20860461558768],[111.107214625855875,-8.208602620375546],[111.107210435358539,-8.208600605842621],[111.107206205057821,-8.208598572174687],[111.107201935340157,-8.208596519557515],[111.107197626592011,-8.208594448176884],[111.107193279199777,-8.208592358218571],[111.107188893549932,-8.208590249868351],[111.107184470028912,-8.208588123311999],[111.107180009023153,-8.2085859787353],[111.107175510919092,-8.208583816324026],[111.107170976103205,-8.208581636263951],[111.107166404961873,-8.208579438740857],[111.107161797881588,-8.208577223940516],[111.107157155248771,-8.208574992048709],[111.107152477449844,-8.20857274325121],[111.107147764871257,-8.208570477733796],[111.107143017899489,-8.208568195682247],[111.107138236920918,-8.208565897282336],[111.107133422322022,-8.208563582719842],[111.107128574489266,-8.208561252180541],[111.107123693809015,-8.208558905850209],[111.107118780667776,-8.208556543914623],[111.107113835451969,-8.208554166559562],[111.107108858548003,-8.208551773970798],[111.107103850342384,-8.208549366334115],[111.107098811221519,-8.208546943835286],[111.107093741571816,-8.208544506660086],[111.107088641779768,-8.208542054994295],[111.10708351223181,-8.208539589023689],[111.107078353314336,-8.20853710893404],[111.107073165413823,-8.208534614911134],[111.107067948916722,-8.208532107140741],[111.107062704209454,-8.208529585808641],[111.107057431678484,-8.20852705110061],[111.107052131710205,-8.208524503202424],[111.107046804691095,-8.208521942299861],[111.107041451007575,-8.208519368578695],[111.10703607104611,-8.208516782224706],[111.107030665193108,-8.20851418342367],[111.10702523383506,-8.208511572361363],[111.107019777358346,-8.208508949223562],[111.10701429614943,-8.208506314196047],[111.10700879059479,-8.208503667464589],[111.107003261080806,-8.20850100921497],[111.106997707993926,-8.208498339632962],[111.106992131720617,-8.208495658904345],[111.10698653264734,-8.208492967214895],[111.106980911160505,-8.20849026475039],[111.106975267646533,-8.208487551696606],[111.106969602491915,-8.208484828239323],[111.106963916083046,-8.20848209456431],[111.10695820880639,-8.208479350857349],[111.106952481048381,-8.20847659730422],[111.106946733195471,-8.208473834090693],[111.106940965634081,-8.208471061402548],[111.106935178750646,-8.208468279425563],[111.10692937293166,-8.208465488345514],[111.106923548563515,-8.208462688348177],[111.106917706032661,-8.20845987961933],[111.106911845725534,-8.208457062344747],[111.10690596802857,-8.208454236710208],[111.106900073328234,-8.208451402901488],[111.106894162010974,-8.208448561104365],[111.106888234463185,-8.208445711504616],[111.106882291071329,-8.208442854288018],[111.106876332221844,-8.208439989640345],[111.106870358301194,-8.208437117747376],[111.106864369695799,-8.208434238794888],[111.106858366792096,-8.208431352968656],[111.106852349976521,-8.208428460454462],[111.106846319635522,-8.208425561438077],[111.106840276155566,-8.208422656105279],[111.106834219923059,-8.208419744641846],[111.106828151324464,-8.208416827233556],[111.10682207074619,-8.208413904066182],[111.106815978574701,-8.208410975325506],[111.106809875196419,-8.208408041197302],[111.106803760997849,-8.208405101867346],[111.106797636365343,-8.208402157521414],[111.106791501685422,-8.208399208345289],[111.106785357344478,-8.20839625452474],[111.106779203728934,-8.20839329624555],[111.106773041225253,-8.20839033369349],[111.1067668702199,-8.208387367054341],[111.106760691099282,-8.208384396513878],[111.106754504249892,-8.208381422257879],[111.10674831005808,-8.208378444472123],[111.106742108910368,-8.20837546334238],[111.106735901193161,-8.208372479054434],[111.106729687292898,-8.208369491794056],[111.106723467595984,-8.208366501747026],[111.106717242488941,-8.20836350909912],[111.106711012358176,-8.208360514036118],[111.106704777590124,-8.208357516743792],[111.106698538571209,-8.208354517407923],[111.106692295687907,-8.208351516214284],[111.106686049326612,-8.208348513348653],[111.106679799873802,-8.208345508996809],[111.106673547715928,-8.208342503344525],[111.106667293239383,-8.208339496577583],[111.106661036830673,-8.208336488881756],[111.106654778876162,-8.208333480442821],[111.106648519762388,-8.208330471446558],[111.106642259875684,-8.208327462078739],[111.10663599960256,-8.208324452525144],[111.106629739329421,-8.208321442971547],[111.106623479442717,-8.208318433603729],[111.106617220328914,-8.208315424607465],[111.106610962374418,-8.208312416168528],[111.10660470596568,-8.208309408472701],[111.106598451489162,-8.208306401705759],[111.106592199331274,-8.208303396053475],[111.106585949878479,-8.208300391701631],[111.106579703517184,-8.208297388836002],[111.106573460633882,-8.208294387642365],[111.106567221614981,-8.208291388306492],[111.106560986846929,-8.208288391014168],[111.10655475671615,-8.208285395951163],[111.106548531609121,-8.20828240330326],[111.106542311912236,-8.208279413256232],[111.106536098011958,-8.208276425995855],[111.106529890294752,-8.208273441707908],[111.106523689147025,-8.208270460578166],[111.106517494955227,-8.208267482792406],[111.106511308105809,-8.208264508536407],[111.106505128985205,-8.208261537995947],[111.106498957979824,-8.208258571356797],[111.106492795476186,-8.208255608804738],[111.106486641860641,-8.208252650525546],[111.106480497519669,-8.208249696704996],[111.106474362839748,-8.208246747528868],[111.106468238207242,-8.20824380318294],[111.106462124008658,-8.208240863852984],[111.10645602063039,-8.208237929724779],[111.106449928458915,-8.208235000984102],[111.106443847880669,-8.20823207781673],[111.106437779282061,-8.20822916040844],[111.106431723049553,-8.208226248945007],[111.106425679569583,-8.208223343612209],[111.106419649228613,-8.208220444595824],[111.106413632413037,-8.208217552081628],[111.106407629509306,-8.208214666255397],[111.106401640903925,-8.208211787302911],[111.106395666983275,-8.208208915409942],[111.106389708133776,-8.208206050762268],[111.106383764741921,-8.208203193545671],[111.106377837194131,-8.20820034394592],[111.106371925876857,-8.208197502148797],[111.10636603117652,-8.208194668340077],[111.106360153479557,-8.208191842705537],[111.106354293172444,-8.208189025430956],[111.106348450641576,-8.208186216702108],[111.106342626273431,-8.208183416704772],[111.10633682045443,-8.208180625624722],[111.10633103357101,-8.208177843647736],[111.10632526600962,-8.208175070959593],[111.10631951815671,-8.208172307746064],[111.10631379039873,-8.208169554192933],[111.106308083122045,-8.208166810485974],[111.10630239671319,-8.208164076810963],[111.106296731558558,-8.208161353353677],[111.1062910880446,-8.208158640299894],[111.106285466557779,-8.208155937835389],[111.106279867484474,-8.20815324614594],[111.106274291211179,-8.208150565417323],[111.106268738124328,-8.208147895835319],[111.106263208610343,-8.208145237585697],[111.106257703055675,-8.208142590854241],[111.106252221846773,-8.208139955826724],[111.106246765370059,-8.208137332688924],[111.106241334011997,-8.208134721626616],[111.106235928158995,-8.208132122825578],[111.106230548197544,-8.208129536471592],[111.106225194513996,-8.208126962750427],[111.1062198674949,-8.208124401847861],[111.106214567526621,-8.208121853949676],[111.106209294995637,-8.208119319241643],[111.106204050288369,-8.208116797909542],[111.106198833791268,-8.20811429013915],[111.106193645890755,-8.208111796116242],[111.106188486973295,-8.208109316026597],[111.106183357425351,-8.208106850055991],[111.106178257633289,-8.2081043983902],[111.1061731879836,-8.208101961215],[111.106168148862736,-8.208099538716169],[111.106163140657102,-8.208097131079487],[111.10615816375315,-8.208094738490725],[111.10615321853733,-8.208092361135664],[111.10614830539609,-8.20808999920008],[111.106143424715867,-8.208087652869747],[111.106138576883069,-8.208085322330447],[111.106133762284188,-8.20808300776795],[111.106128981305631,-8.208080709368039],[111.106124234333834,-8.208078427316488],[111.106119521755261,-8.208076161799076],[111.106114843956334,-8.208073913001577],[111.106110201323503,-8.20807168110977],[111.106105594243203,-8.208069466309428],[111.106101023101886,-8.208067268786333],[111.106096488285985,-8.20806508872626],[111.106091990181937,-8.208062926314984],[111.106087529176179,-8.208060781738284],[111.106083105655173,-8.208058655181937],[111.106078720005328,-8.208056546831717],[111.106074372613108,-8.208054456873402],[111.106070063864948,-8.20805238549277],[111.106065794147284,-8.208050332875599],[111.106061563846552,-8.208048299207663],[111.106057373349216,-8.20804628467474],[111.106053223041698,-8.208044289462606],[111.106049113310448,-8.208042313757041],[111.106045044541901,-8.208040357743817],[111.106041017122479,-8.208038421608714],[111.106037031438646,-8.208036505537509],[111.106033087876853,-8.208034609715975],[111.10602918682352,-8.208032734329894],[111.106025328665069,-8.20803087956504],[111.106021513787994,-8.208029045607191],[111.106017742578686,-8.208027232642122],[111.106014015423611,-8.208025440855613],[111.106010332709218,-8.208023670433436],[111.1060066948219,-8.208021921561372],[111.106003102148165,-8.208020194425197],[111.105999555074391,-8.208018489210687],[111.105996053987056,-8.208016806103618],[111.105992599272597,-8.208015145289771],[111.105989191317448,-8.208013506954916],[111.105985830508047,-8.208011891284835],[111.105982517230842,-8.208010298465304],[111.10597925187227,-8.208008728682099],[111.105976034818781,-8.208007182120998],[111.105972866456796,-8.208005658967776],[111.105969747172765,-8.208004159408212],[111.105966677353123,-8.208002683628077],[111.105963657384336,-8.208001231813157],[111.105960687652825,-8.207999804149223],[111.105957768545011,-8.207998400822053],[111.105954900447372,-8.207997022017423],[111.105952083746331,-8.207995667921113],[111.105949318828323,-8.207994338718894],[111.105946606079783,-8.207993034596548],[111.105943945887176,-8.207991755739851],[111.105941338636924,-8.207990502334578],[111.105938784715477,-8.207989274566508],[111.105936284509283,-8.207988072621415],[111.105933838404766,-8.207986896685078],[111.105931446788347,-8.207985746943274],[111.105929110046532,-8.207984623581778],[111.1059268285657,-8.207983526786368],[111.105924602732316,-8.207982456742821],[111.1059224329328,-8.207981413636915],[111.105920319553633,-8.207980397654424],[111.105918262981234,-8.207979408981126],[111.105916263602026,-8.207978447802796],[111.105914321802473,-8.207977514305217],[111.10591243796901,-8.20797660867416],[111.105910612488074,-8.207975731095404],[111.1059088457461,-8.207974881754724],[111.105907138129538,-8.207974060837898],[111.105905490024853,-8.207973268530706],[111.105903901818436,-8.207972505018919],[111.105902373896754,-8.207971770488317],[111.105900906646241,-8.207971065124678],[111.105899500453347,-8.207970389113775],[111.105898155704509,-8.207969742641389],[111.105896872786147,-8.207969125893294],[111.10589565208474,-8.207968539055267],[111.105894493986682,-8.207967982313086],[111.105893398878464,-8.207967455852529],[111.10589236714651,-8.207966959859371],[111.105891399177239,-8.207966494519388],[111.105890495357102,-8.207966060018357],[111.105889656072534,-8.207965656542058],[111.105888881710015,-8.207965284276264],[111.105888172655952,-8.207964943406752],[111.105887529296766,-8.207964634119303],[111.105886952018935,-8.207964356599691],[111.105886441208881,-8.207964111033691],[111.105885997253054,-8.207963897607081],[111.105885620537876,-8.20796371650564],[111.105885311449825,-8.207963567915144],[111.105885070375294,-8.207963452021369],[111.105884897700761,-8.207963369010089],[111.105884793812649,-8.207963319067087],[111.105884759097407,-8.207963302378136]]]}},
{"type":"Feature","properties":{"id":null},"geometry":{"type":"MultiLineString","coordinates":[[[111.108761,-8.2167307],[111.108761051726631,-8.216730716157402],[111.108761206522658,-8.216730764509711],[111.108761463812257,-8.216730844877056],[111.10876182301962,-8.216730957079587],[111.10876228356895,-8.216731100937441],[111.108762844884438,-8.216731276270753],[111.108763506390261,-8.216731482899672],[111.108764267510665,-8.216731720644336],[111.108765127669813,-8.216731989324879],[111.10876608629188,-8.216732288761449],[111.108767142801099,-8.216732618774181],[111.108768296621605,-8.216732979183217],[111.10876954717763,-8.216733369808699],[111.108770893893393,-8.216733790470764],[111.108772336193013,-8.216734240989553],[111.108773873500766,-8.216734721185208],[111.108775505240757,-8.216735230877866],[111.108777230837248,-8.21673576988767],[111.108779049714428,-8.21673633803476],[111.108780961296446,-8.216736935139277],[111.108782965007563,-8.216737561021359],[111.108785060271927,-8.216738215501149],[111.108787246513714,-8.216738898398782],[111.108789523157185,-8.216739609534404],[111.10879188962646,-8.216740348728152],[111.108794345345771,-8.216741115800167],[111.108796889739295,-8.216741910570589],[111.108799522231223,-8.216742732859556],[111.108802242245744,-8.216743582487213],[111.108805049207092,-8.216744459273697],[111.108807942539443,-8.216745363039152],[111.108810921666972,-8.216746293603713],[111.108813986013885,-8.216747250787522],[111.108817135004372,-8.216748234410719],[111.108820368062638,-8.216749244293448],[111.108823684612858,-8.216750280255845],[111.108827084079252,-8.216751342118048],[111.108830565885938,-8.216752429700204],[111.108834129457165,-8.216753542822447],[111.108837774217179,-8.216754681304923],[111.108841499590085,-8.216755844967768],[111.108845305000145,-8.216757033631122],[111.108849189871492,-8.216758247115129],[111.108853153628374,-8.216759485239924],[111.108857195694952,-8.216760747825653],[111.108861315495403,-8.216762034692451],[111.108865512453974,-8.216763345660462],[111.108869785994798,-8.216764680549824],[111.108874135542109,-8.216766039180678],[111.108878560520083,-8.216767421373165],[111.108883060352923,-8.216768826947423],[111.108887634464821,-8.216770255723596],[111.108892282279939,-8.216771707521817],[111.108897003222495,-8.216773182162232],[111.108901796716736,-8.216774679464983],[111.108906662186769,-8.216776199250207],[111.108911599056853,-8.216777741338042],[111.108916606751151,-8.216779305548632],[111.10892168469384,-8.216780891702118],[111.108926832309152,-8.216782499618636],[111.108932049021206,-8.216784129118327],[111.108937334254279,-8.216785780021336],[111.10894268743256,-8.216787452147798],[111.108948107980183,-8.216789145317856],[111.108953595321395,-8.216790859351651],[111.108959148880373,-8.216792594069316],[111.108964768081293,-8.216794349291003],[111.108970452348373,-8.216796124836842],[111.108976201105776,-8.216797920526979],[111.108982013777734,-8.216799736181551],[111.108987889788438,-8.216801571620699],[111.108993828562035,-8.216803426664567],[111.108999829522773,-8.21680530113329],[111.109005892094771,-8.216807194847009],[111.109012015702291,-8.216809107625865],[111.109018199769523,-8.21681103929],[111.109024443720628,-8.216812989659553],[111.10903074697984,-8.216814958554664],[111.109037108971307,-8.216816945795475],[111.109043529119262,-8.216818951202121],[111.10905000684788,-8.216820974594748],[111.109056541581339,-8.216823015793494],[111.109063132743813,-8.216825074618496],[111.109069779759594,-8.216827150889898],[111.109076482052757,-8.216829244427844],[111.109083239047621,-8.216831355052468],[111.109090050168248,-8.21683348258391],[111.109096914838915,-8.216835626842315],[111.109103832483797,-8.216837787647819],[111.109110802527056,-8.216839964820561],[111.109117824392939,-8.21684215818069],[111.109124897505581,-8.216844367548333],[111.109132021289255,-8.216846592743643],[111.109139195168083,-8.216848833586752],[111.109146418566269,-8.216851089897801],[111.10915369090803,-8.216853361496934],[111.10916101161753,-8.216855648204289],[111.109168380119002,-8.216857949840009],[111.109175795836592,-8.216860266224224],[111.109183258194534,-8.216862597177085],[111.109190766617019,-8.216864942518731],[111.109198320528222,-8.216867302069298],[111.10920591935232,-8.21686967564893],[111.109213562513546,-8.216872063077767],[111.109221249436075,-8.216874464175945],[111.109228979544056,-8.216876878763607],[111.109236752261793,-8.216879306660893],[111.109244567013377,-8.216881747687946],[111.109252423223069,-8.2168842016649],[111.109260320315059,-8.216886668411904],[111.109268257713438,-8.21688914774909],[111.10927623484254,-8.216891639496604],[111.109284251126439,-8.21689414347458],[111.109292305989413,-8.216896659503163],[111.109300398855609,-8.21689918740249],[111.109308529149274,-8.216901726992708],[111.109316696294499,-8.216904278093949],[111.109324899715574,-8.216906840526356],[111.109333138836689,-8.21690941411007],[111.109341413081978,-8.216911998665232],[111.109349721875631,-8.21691459401198],[111.10935806464191,-8.216917199970457],[111.10936644080499,-8.2169198163608],[111.10937484978902,-8.216922443003153],[111.109383291018233,-8.216925079717653],[111.109391763916818,-8.216927726324441],[111.10940026790891,-8.216930382643657],[111.109408802418812,-8.216933048495441],[111.109417366870645,-8.216935723699937],[111.109425960688611,-8.216938408077279],[111.109434583296903,-8.216941101447611],[111.109443234119709,-8.216943803631075],[111.109451912581278,-8.216946514447807],[111.109460618105743,-8.216949233717948],[111.109469350117323,-8.216951961261643],[111.109478108040179,-8.216954696899023],[111.109486891298531,-8.216957440450237],[111.109495699316568,-8.216960191735424],[111.109504531518482,-8.216962950574718],[111.109513387328462,-8.216965716788264],[111.109522266170714,-8.216968490196203],[111.109531167469441,-8.216971270618673],[111.109540090648778,-8.216974057875815],[111.109549035132972,-8.216976851787766],[111.109558000346226,-8.216979652174672],[111.109566985712704,-8.21698245885667],[111.109575990656595,-8.216985271653902],[111.109585014602132,-8.216988090386506],[111.109594056973449,-8.216990914874623],[111.109603117194766,-8.216993744938392],[111.109612194690328,-8.216996580397957],[111.109621288884256,-8.216999421073458],[111.109630399200753,-8.217002266785029],[111.10963952506404,-8.217005117352816],[111.109648665898334,-8.217007972596956],[111.109657821127769,-8.217010832337593],[111.109666990176549,-8.217013696394865],[111.109676172468895,-8.21701656458891],[111.109685367428995,-8.21701943673987],[111.109694574481026,-8.217022312667888],[111.109703793049192,-8.2170251921931],[111.109713022557685,-8.21702807513565],[111.109722262430694,-8.217030961315672],[111.109731512092409,-8.217033850553314],[111.109740770967036,-8.217036742668711],[111.109750038478737,-8.217039637482003],[111.109759314051757,-8.217042534813334],[111.109768597110246,-8.217045434482845],[111.109777887078451,-8.217048336310668],[111.109787183380504,-8.217051240116954],[111.109796485440626,-8.217054145721834],[111.109805792682977,-8.217057052945453],[111.109815104531819,-8.21705996160795],[111.109824420411314,-8.217062871529468],[111.109833739745625,-8.21706578253014],[111.109843061958969,-8.217068694430115],[111.109852386475552,-8.217071607049528],[111.109861712719578,-8.217074520208522],[111.109871040115195,-8.217077433727233],[111.109880368086607,-8.217080347425807],[111.109889696058048,-8.21708326112438],[111.109899023453636,-8.217086174643089],[111.109908349697648,-8.217089087802083],[111.109917674214216,-8.217092000421495],[111.109926996427589,-8.217094912321469],[111.1099363157619,-8.217097823322144],[111.109945631641381,-8.21710073324366],[111.109954943490237,-8.217103641906158],[111.109964250732617,-8.217106549129777],[111.109973552792724,-8.217109454734658],[111.109982849094791,-8.217112358540941],[111.109992139062967,-8.217115260368768],[111.110001422121485,-8.217118160038275],[111.110010697694477,-8.217121057369607],[111.11001996520622,-8.217123952182902],[111.110029224080847,-8.217126844298297],[111.110038473742549,-8.217129733535939],[111.110047713615558,-8.217132619715965],[111.11005694312405,-8.217135502658511],[111.110066161692203,-8.217138382183723],[111.110075368744248,-8.217141258111742],[111.110084563704334,-8.217144130262703],[111.110093745996664,-8.217146998456748],[111.110102915045459,-8.217149862514018],[111.110112070274894,-8.217152722254655],[111.110121211109174,-8.217155577498795],[111.11013033697246,-8.217158428066581],[111.110139447288958,-8.217161273778153],[111.110148541482914,-8.217164114453652],[111.110157618978434,-8.217166949913217],[111.110166679199779,-8.217169779976988],[111.11017572157111,-8.217172604465105],[111.110184745516619,-8.217175423197709],[111.110193750460525,-8.21717823599494],[111.110202735827016,-8.217181042676938],[111.110211701040242,-8.217183843063843],[111.110220645524464,-8.217186636975798],[111.110229568703843,-8.21718942423294],[111.110238470002528,-8.217192204655408],[111.110247348844752,-8.217194978063347],[111.110256204654775,-8.217197744276893],[111.110265036856674,-8.217200503116189],[111.110273844874712,-8.217203254401372],[111.110282628133064,-8.217205997952586],[111.11029138605592,-8.217208733589969],[111.110300118067471,-8.217211461133662],[111.110308823591922,-8.217214180403804],[111.110317502053476,-8.217216891220534],[111.110326152876297,-8.217219593403998],[111.110334775484603,-8.217222286774332],[111.110343369302555,-8.217224971151676],[111.110351933754401,-8.217227646356168],[111.110360468264275,-8.217230312207954],[111.11036897225641,-8.217232968527172],[111.110377445155009,-8.217235615133959],[111.110385886384208,-8.21723825184846],[111.110394295368252,-8.217240878490809],[111.110402671531318,-8.217243494881153],[111.110411014297597,-8.217246100839631],[111.110419323091293,-8.217248696186379],[111.110427597336582,-8.217251280741541],[111.110435836457654,-8.217253854325257],[111.110444039878729,-8.217256416757664],[111.110452207023968,-8.217258967858903],[111.110460337317619,-8.21726150744912],[111.110468430183815,-8.217264035348448],[111.110476485046789,-8.217266551377033],[111.110484501330703,-8.217269055355009],[111.110492478459761,-8.21727154710252],[111.110500415858183,-8.217274026439707],[111.110508312950145,-8.217276493186709],[111.110516169159808,-8.217278947163665],[111.110523983911406,-8.217281388190717],[111.110531756629129,-8.217283816088003],[111.110539486737139,-8.217286230675667],[111.110547173659668,-8.217288631773846],[111.110554816820894,-8.217291019202682],[111.11056241564502,-8.217293392782313],[111.110569969556224,-8.21729575233288],[111.110577477978694,-8.217298097674526],[111.110584940336636,-8.217300428627388],[111.110592356054241,-8.217302745011606],[111.110599724555698,-8.217305046647324],[111.110607045265212,-8.217307333354677],[111.110614317606988,-8.21730960495381],[111.110621541005145,-8.217311861264861],[111.110628714883987,-8.21731410210797],[111.110635838667619,-8.217316327303276],[111.110642911780289,-8.217318536670923],[111.110649933646172,-8.21732073003105],[111.110656903689431,-8.217322907203794],[111.110663821334313,-8.217325068009298],[111.110670686004951,-8.217327212267701],[111.110677497125621,-8.217329339799143],[111.110684254120429,-8.217331450423766],[111.110690956413649,-8.217333543961709],[111.110697603429387,-8.217335620233113],[111.110704194591918,-8.217337679058119],[111.110710729325348,-8.217339720256863],[111.110717207053966,-8.21734174364949],[111.110723627201892,-8.217343749056138],[111.110729989193388,-8.217345736296945],[111.1107362924526,-8.217347705192056],[111.110742536403691,-8.217349655561611],[111.110748720470937,-8.217351587225746],[111.110754844078457,-8.217353500004602],[111.110760906650498,-8.217355393718323],[111.110766907611222,-8.217357268187046],[111.110772846384819,-8.217359123230912],[111.110778722395494,-8.21736095867006],[111.110784535067452,-8.217362774324632],[111.110790283824855,-8.217364570014769],[111.110795968091935,-8.21736634556061],[111.110801587292855,-8.217368100782295],[111.110807140851819,-8.21736983549996],[111.110812628193031,-8.217371549533755],[111.110818048740668,-8.217373242703813],[111.110823401918935,-8.217374914830275],[111.110828687152008,-8.217376565733282],[111.110833903864105,-8.217378195232977],[111.110839051479388,-8.217379803149495],[111.110844129422091,-8.217381389302979],[111.110849137116361,-8.217382953513569],[111.110854073986445,-8.217384495601404],[111.110858939456463,-8.217386015386626],[111.110863732950705,-8.217387512689378],[111.110868453893275,-8.217388987329795],[111.110873101708421,-8.217390439128017],[111.110877675820319,-8.217391867904189],[111.11088217565316,-8.217393273478447],[111.110886600631133,-8.217394655670933],[111.110890950178444,-8.217396014301787],[111.110895223719282,-8.217397349191149],[111.110899420677825,-8.217398660159159],[111.110903540478276,-8.217399947025958],[111.11090758254484,-8.217401209611687],[111.110911546301708,-8.217402447736482],[111.110915431173069,-8.217403661220489],[111.110919236583115,-8.217404849883843],[111.110922961956035,-8.21740601354669],[111.110926606716021,-8.217407152029164],[111.110930170287276,-8.217408265151407],[111.110933652094005,-8.217409352733563],[111.110937051560384,-8.217410414595768],[111.11094036811059,-8.217411450558165],[111.110943601168842,-8.217412460440892],[111.110946750159329,-8.217413444064089],[111.110949814506242,-8.217414401247899],[111.110952793633771,-8.217415331812459],[111.110955686966122,-8.217416235577913],[111.110958493927455,-8.217417112364398],[111.110961213942005,-8.217417961992055],[111.110963846433947,-8.217418784281024],[111.110966390827485,-8.217419579051446],[111.110968846546783,-8.217420346123461],[111.110971213016057,-8.217421085317207],[111.1109734896595,-8.217421796452829],[111.110975675901301,-8.217422479350462],[111.110977771165651,-8.217423133830252],[111.110979774876753,-8.217423759712334],[111.110981686458786,-8.217424356816849],[111.110983505335966,-8.21742492496394],[111.110985230932471,-8.217425463973743],[111.110986862672476,-8.217425973666403],[111.110988399980215,-8.217426453862059],[111.110989842279849,-8.217426904380847],[111.110991188995598,-8.217427325042914],[111.110992439551623,-8.217427715668395],[111.110993593372143,-8.217428076077431],[111.110994649881334,-8.217428406090162],[111.110995608503416,-8.217428705526732],[111.110996468662549,-8.217428974207277],[111.110997229782924,-8.217429211951938],[111.11099789128879,-8.217429418580858],[111.110998452604278,-8.217429593914172],[111.110998913153622,-8.217429737772026],[111.110999272360999,-8.217429849974554],[111.11099952965057,-8.217429930341902],[111.110999684446597,-8.217429978694209],[111.110999736173227,-8.217429994851614]]]}},
{"type":"Feature","properties":{"id":null},"geometry":{"type":"MultiLineString","coordinates":[[[111.111608860220883,-8.217612502465393],[111.111608891387007,-8.217612513029545],[111.111608984701334,-8.217612544609223],[111.111609139887577,-8.217612597035272],[111.111609356669632,-8.217612670138523],[111.111609634771284,-8.217612763749825],[111.111609973916273,-8.217612877700009],[111.111610373828512,-8.217613011819925],[111.111610834231769,-8.217613165940401],[111.111611354849856,-8.217613339892285],[111.1116119354066,-8.217613533506414],[111.11161257562577,-8.217613746613624],[111.111613275231221,-8.21761397904476],[111.111614033946793,-8.217614230630659],[111.111614851496199,-8.217614501202162],[111.111615727603265,-8.217614790590106],[111.111616661991903,-8.217615098625334],[111.111617654385796,-8.217615425138678],[111.111618704508842,-8.217615769960986],[111.11161981208484,-8.217616132923098],[111.1116209768376,-8.217616513855848],[111.111622198490934,-8.217616912590078],[111.1116234767686,-8.217617328956626],[111.111624811394464,-8.217617762786334],[111.111626202092324,-8.21761821391004],[111.11162764858598,-8.217618682158584],[111.111629150599242,-8.217619167362807],[111.111630707855952,-8.217619669353546],[111.111632320079906,-8.217620187961641],[111.11163398699486,-8.217620723017932],[111.111635708324698,-8.21762127435326],[111.111637483793203,-8.217621841798463],[111.111639313124201,-8.217622425184381],[111.111641196041475,-8.217623024341853],[111.111643132268853,-8.217623639101721],[111.111645121530159,-8.21762426929482],[111.111647163549179,-8.217624914751992],[111.111649258049709,-8.21762557530408],[111.111651404755619,-8.217626250781919],[111.11165360339065,-8.217626941016347],[111.111655853678656,-8.217627645838208],[111.111658155343434,-8.21762836507834],[111.111660508108827,-8.217629098567585],[111.111662911698602,-8.217629846136781],[111.111665365836586,-8.217630607616762],[111.111667870246592,-8.217631382838375],[111.111670424652431,-8.217632171632458],[111.111673028777915,-8.217632973829847],[111.111675682346842,-8.217633789261384],[111.111678385083025,-8.217634617757909],[111.111681136710288,-8.217635459150262],[111.111683936952431,-8.21763631326928],[111.11168678553328,-8.217637179945804],[111.111689682176603,-8.217638059010673],[111.111692626606299,-8.217638950294729],[111.111695618546094,-8.21763985362881],[111.111698657719813,-8.217640768843756],[111.111701743851299,-8.217641695770405],[111.111704876664334,-8.217642634239599],[111.111708055882758,-8.217643584082174],[111.111711281230328,-8.217644545128973],[111.111714552430925,-8.217645517210832],[111.111717869208306,-8.217646500158594],[111.111721231286296,-8.217647493803099],[111.111724638388736,-8.217648497975182],[111.11172809023941,-8.217649512505689],[111.111731586562115,-8.217650537225454],[111.111735127080678,-8.21765157196532],[111.11173871151891,-8.217652616556125],[111.111742339600625,-8.217653670828707],[111.111746011049647,-8.217654734613909],[111.111749725589746,-8.217655807742567],[111.111753482944778,-8.217656890045523],[111.111757282838497,-8.217657981353618],[111.111761124994757,-8.217659081497686],[111.111765009137343,-8.217660190308571],[111.111768934990096,-8.217661307617114],[111.11177290227684,-8.21766243325415],[111.11177691072136,-8.217663567050522],[111.11178096004744,-8.217664708837068],[111.111785049978934,-8.217665858444628],[111.11178918023964,-8.217667015704041],[111.111793350553356,-8.217668180446148],[111.111797560643851,-8.217669352501787],[111.11180181023505,-8.217670531701797],[111.111806099050682,-8.217671717877021],[111.1118104268146,-8.217672910858294],[111.111814793250574,-8.217674110476459],[111.111819198082429,-8.217675316562357],[111.111823641033993,-8.217676528946821],[111.111828121829035,-8.217677747460696],[111.111832640191409,-8.21767897193482],[111.111837195844899,-8.217680202200032],[111.111841788513345,-8.217681438087174],[111.111846417920532,-8.217682679427083],[111.111851083790285,-8.217683926050599],[111.111855785846402,-8.217685177788562],[111.111860523812695,-8.217686434471812],[111.111865297412962,-8.217687695931186],[111.111870106371043,-8.217688961997528],[111.111874950410737,-8.217690232501674],[111.111879829255855,-8.217691507274463],[111.111884742630195,-8.217692786146738],[111.111889690257627,-8.217694068949337],[111.11189467186189,-8.217695355513099],[111.111899687166783,-8.217696645668862],[111.111904735896189,-8.21769793924747],[111.111909817773878,-8.217699236079762],[111.111914932523661,-8.21770053599657],[111.11192007986935,-8.217701838828745],[111.111925259534814,-8.217703144407119],[111.111930471243767,-8.217704452562533],[111.111935714720062,-8.217705763125826],[111.111940989687511,-8.217707075927839],[111.111946295869927,-8.217708390799409],[111.111951632991108,-8.217709707571382],[111.111957000774908,-8.217711026074593],[111.111962398945067,-8.217712346139878],[111.111967827225442,-8.217713667598082],[111.111973285339843,-8.217714990280042],[111.111978773012083,-8.217716314016599],[111.111984289965918,-8.217717638638591],[111.111989835925229,-8.217718963976861],[111.111995410613787,-8.217720289862243],[111.112001013755446,-8.21772161612558],[111.112006645073976,-8.217722942597712],[111.112012304293202,-8.217724269109478],[111.112017991136923,-8.217725595491716],[111.112023705328966,-8.217726921575268],[111.112029446593141,-8.217728247190973],[111.112035214653233,-8.217729572169668],[111.112041009233081,-8.217730896342196],[111.112046830056499,-8.217732219539396],[111.112052676847298,-8.217733541592107],[111.112058549329234,-8.217734862331168],[111.112064447226203,-8.217736181587417],[111.112070370261947,-8.217737499191696],[111.112076318160319,-8.217738814974844],[111.112082290645105,-8.217740128767703],[111.112088287440145,-8.217741440401108],[111.112094308269192,-8.2177427497059],[111.112100352856118,-8.217744056512919],[111.112106420924704,-8.217745360653005],[111.112112512198763,-8.217746661956998],[111.112118626402093,-8.217747960255736],[111.112124763258549,-8.21774925538006],[111.1121309224919,-8.217750547160808],[111.112137103825972,-8.217751835428821],[111.112143306984592,-8.217753120014937],[111.112149531691529,-8.217754400749998],[111.112155777670608,-8.217755677464844],[111.112162044645686,-8.21775694999031],[111.112168332340531,-8.217758218157238],[111.112174640478969,-8.21775948179647],[111.11218096878477,-8.217760740738843],[111.112187316981817,-8.217761994815199],[111.112193684793851,-8.217763243856373],[111.112200071944713,-8.217764487693207],[111.112206478158242,-8.217765726156543],[111.112212903158195,-8.217766959077215],[111.112219346668411,-8.217768186286067],[111.112225808412717,-8.217769407613941],[111.112232288114882,-8.217770622891669],[111.112238785498761,-8.217771831950095],[111.112245300288109,-8.217773034620059],[111.112251832206795,-8.217774230732399],[111.112258380978602,-8.217775420117954],[111.112264946327343,-8.217776602607566],[111.112271527976816,-8.217777778032074],[111.112278125650874,-8.217778946222316],[111.112284739073289,-8.217780107009133],[111.112291367967885,-8.217781260223363],[111.112298012058446,-8.217782405695848],[111.112304671068827,-8.217783543257426],[111.112311344722826,-8.217784672738937],[111.112318032744241,-8.217785793971217],[111.112324734856884,-8.217786906785111],[111.112331450784581,-8.217788011011457],[111.112338180251157,-8.217789106481096],[111.112344922980355,-8.217790193024864],[111.112351678696044,-8.217791270473601],[111.11235844712202,-8.217792338658148],[111.112365227982082,-8.217793397409345],[111.112372021000084,-8.217794446558027],[111.112378825899782,-8.217795485935042],[111.112385642405002,-8.217796515371223],[111.11239247023957,-8.217797534697411],[111.112399309127298,-8.217798543744447],[111.11240615879197,-8.217799542343171],[111.11241301895744,-8.217800530324418],[111.112419889347478,-8.217801507519033],[111.112426769685911,-8.217802473757851],[111.112433659696563,-8.217803428871715],[111.11244055910322,-8.217804372691464],[111.112447467629693,-8.217805305047937],[111.112454384999836,-8.217806225771973],[111.112461310937391,-8.217807134694411],[111.112468245166212,-8.217808031646094],[111.112475187410126,-8.217808916457857],[111.112482137392902,-8.217809788960542],[111.112489094838381,-8.217810648984988],[111.112496059470345,-8.217811496362037],[111.112503031012636,-8.217812330922525],[111.112510009189052,-8.217813152497294],[111.112516993723403,-8.217813960917182],[111.112523984339504,-8.217814756013027],[111.11253098076115,-8.217815537615675],[111.112537982712155,-8.217816305555957],[111.112544989916344,-8.21781705966472],[111.112552002097544,-8.217817799772799],[111.112559018979525,-8.217818525711035],[111.112566040286112,-8.217819237310268],[111.112573065741131,-8.217819934401335],[111.112580095068381,-8.21782061681508],[111.112587127991659,-8.217821284382339],[111.112594164234793,-8.217821936933952],[111.112601203521606,-8.217822574300762],[111.112608245575899,-8.217823196313603],[111.112615290121454,-8.21782380280332],[111.112622336882112,-8.217824393600747],[111.112629385581698,-8.217824968536728],[111.112636435943983,-8.217825527442102],[111.112643487692822,-8.217826070147707],[111.112650540551996,-8.217826596484382],[111.112657594245292,-8.21782710628297],[111.112664648496576,-8.217827599374308],[111.112671703029605,-8.217828075589233],[111.112678757568233,-8.21782853475859],[111.112685811836258,-8.217828976713216],[111.112692865557477,-8.21782940128395],[111.112699918455718,-8.217829808301634],[111.112706970254777,-8.217830197597104],[111.112714020678482,-8.217830569001201],[111.112721069450629,-8.217830922344765],[111.112728116295045,-8.217831257458636],[111.112735160935529,-8.217831574173653],[111.112742203095905,-8.217831872320657],[111.11274924249993,-8.217832151730482],[111.112756278871473,-8.217832412233976],[111.112763311934344,-8.217832653661972],[111.112770341412357,-8.217832875845312],[111.112777367029253,-8.217833078614834],[111.112784388508913,-8.217833261801381],[111.112791405575138,-8.21783342523579],[111.112798417951723,-8.217833568748901],[111.112805425362495,-8.217833692171553],[111.112812427531253,-8.217833795334588],[111.112819424181794,-8.217833878068841],[111.112826415037944,-8.217833940205155],[111.112833399823529,-8.217833981574371],[111.112840378262348,-8.217834002007324],[111.112847350078198,-8.217834001334857],[111.112854314994905,-8.217833979387809],[111.112861272736296,-8.217833935997017],[111.112868223026126,-8.217833870993324],[111.11287516558825,-8.217833784207569],[111.112882100146493,-8.217833675470589],[111.112889026424597,-8.217833544613226],[111.112895944146459,-8.21783339146632],[111.112902853035834,-8.217833215860708],[111.112909752816563,-8.217833017627232],[111.112916643212415,-8.217832796596731],[111.112923523947245,-8.217832552600044],[111.112930394744836,-8.21783228546801],[111.112937255329015,-8.217831995031469],[111.112944105423566,-8.217831681121261],[111.112950944752356,-8.217831343568227],[111.112957773039156,-8.217830982203202],[111.112964590007778,-8.217830596857031],[111.112971395382019,-8.217830187360549],[111.112978188885705,-8.217829753544599],[111.11298497024265,-8.217829295240019],[111.112991739176692,-8.217828812277649],[111.112998495411603,-8.217828304488327],[111.113005238671192,-8.217827771702895],[111.113011968679274,-8.217827213752191],[111.113018685159702,-8.217826630467057],[111.113025387836217,-8.217826021678327],[111.113032076432688,-8.217825387216847],[111.113038750672885,-8.217824726913454],[111.113045410280648,-8.217824040598984],[111.113052054979775,-8.217823328104283],[111.113058684494064,-8.217822589260185],[111.113065298547369,-8.217821823897534],[111.11307189686346,-8.217821031847166],[111.113078479166163,-8.217820212939923],[111.113085045179275,-8.217819367006644],[111.11309159462661,-8.217818493878166],[111.113098127231993,-8.217817593385334],[111.113104642719236,-8.217816665358981],[111.113111140812123,-8.217815709629951],[111.113117621234522,-8.217814726029083],[111.113124083710161,-8.217813714387216],[111.113130527962909,-8.217812674535191],[111.113136953716577,-8.217811606303844],[111.113143360694949,-8.217810509524016],[111.113149748621851,-8.21780938402655],[111.113156117221081,-8.21780822964228],[111.113162466216465,-8.217807046202049],[111.113168795331831,-8.217805833536698],[111.113175104290946,-8.217804591477062],[111.113181392817637,-8.217803319853983],[111.113187660635731,-8.217802018498302],[111.113193907469039,-8.217800687240858],[111.113200133041346,-8.217799325912488],[111.113206337076463,-8.217797934344032],[111.11321251929823,-8.217796512366334],[111.113218679430446,-8.21779505981023],[111.113224817196908,-8.21779357650656],[111.113230932321471,-8.217792062286163],[111.113237024527891,-8.217790516979878],[111.113243093539978,-8.217788940418545],[111.113249139081589,-8.217787332433005],[111.113255160876506,-8.217785692854099],[111.113261158648541,-8.217784021512664],[111.113267132121507,-8.217782318239536],[111.113273081019216,-8.217780582865563],[111.113279005065493,-8.217778815221576],[111.113284903984123,-8.217777015138422],[111.113290777498932,-8.217775182446935],[111.113296625333703,-8.217773316977956],[111.113302447212291,-8.217771418562329],[111.113308242858494,-8.217769487030887],[111.11331401199611,-8.217767522214475],[111.11331975434895,-8.217765523943928],[111.113325469640827,-8.217763492050087],[111.113331157595567,-8.217761426363792],[111.113336817936968,-8.217759326715885],[111.113342450388842,-8.217757192937201],[111.113348054674987,-8.217755024858581],[111.113353630519242,-8.217752822310869],[111.113359177645378,-8.217750585124897],[111.113364695777264,-8.217748313131512],[111.113370184638654,-8.217746006161546],[111.113375643953404,-8.217743664045845],[111.113381073445282,-8.217741286615247],[111.113386472838116,-8.21773887370059],[111.113391841855716,-8.217736425132712],[111.113397180221895,-8.217733940742457],[111.113402487660466,-8.217731420360662],[111.113407763895268,-8.217728863818168],[111.113413008650056,-8.217726270945812],[111.113418221648658,-8.217723641574436],[111.113423402614927,-8.217720975534878],[111.113428551272619,-8.217718272657978],[111.113433667345561,-8.217715532774577],[111.113438750557577,-8.217712755715512],[111.113443800632481,-8.217709941311623],[111.113448817294056,-8.217707089393752],[111.113453800266143,-8.217704199792738],[111.113458749272553,-8.217701272339418],[111.113463664037056,-8.217698306864634],[111.113468544283506,-8.217695303199225],[111.113473389735688,-8.21769226117403],[111.113478200117427,-8.217689180619887],[111.113482975152522,-8.217686061367639],[111.113487714564812,-8.217682903248123],[111.113492418078081,-8.217679706092181],[111.113497085416142,-8.21767646973065],[111.113501716302821,-8.217673193994374],[111.113506310461887,-8.217669878714183]]]}},
{"type":"Feature","properties":{"id":null},"geometry":{"type":"MultiLineString","coordinates":[[[111.113835199999983,-8.2175008],[111.113835218440414,-8.217500795890123],[111.113835273607606,-8.217500783681528],[111.113835365270361,-8.217500763555739],[111.113835493197499,-8.217500735694305],[111.113835657157821,-8.217500700278748],[111.113835856920119,-8.217500657490614],[111.11383609225328,-8.217500607511441],[111.113836362926079,-8.217500550522763],[111.113836668707336,-8.217500486706111],[111.113837009365852,-8.217500416243029],[111.113837384670461,-8.217500339315052],[111.113837794389951,-8.21750025610371],[111.113838238293198,-8.217500166790547],[111.113838716148933,-8.217500071557097],[111.113839227726018,-8.217499970584898],[111.113839772793284,-8.217499864055481],[111.113840351119464,-8.217499752150385],[111.113840962473503,-8.21749963505115],[111.113841606624078,-8.217499512939311],[111.113842283340148,-8.217499385996401],[111.113842992390403,-8.217499254403959],[111.113843733543732,-8.217499118343522],[111.11384450656891,-8.217498977996623],[111.113845311234783,-8.217498833544806],[111.113846147310156,-8.217498685169598],[111.113847014563788,-8.217498533052542],[111.113847912764612,-8.21749837737517],[111.113848841681317,-8.217498218319022],[111.113849801082765,-8.217498056065631],[111.113850790737814,-8.217497890796537],[111.113851810415255,-8.217497722693276],[111.113852859883892,-8.217497551937383],[111.113853938912541,-8.217497378710393],[111.113855047270022,-8.217497203193846],[111.113856184725122,-8.217497025569278],[111.113857351046718,-8.217496846018221],[111.11385854600357,-8.217496664722216],[111.113859769364481,-8.217496481862797],[111.113861020898327,-8.2174962976215],[111.113862300373867,-8.217496112179864],[111.113863607559963,-8.217495925719426],[111.113864942225419,-8.217495738421718],[111.113866304139037,-8.21749555046828],[111.113867693069622,-8.217495362040649],[111.113869108785991,-8.217495173320359],[111.113870551056991,-8.217494984488946],[111.113872019651382,-8.217494795727948],[111.113873514338053,-8.217494607218903],[111.113875034885751,-8.217494419143343],[111.113876581063352,-8.217494231682808],[111.113878152639572,-8.217494045018835],[111.113879749383329,-8.217493859332954],[111.113881371063371,-8.217493674806709],[111.113883017448558,-8.217493491621635],[111.113884688307721,-8.217493309959266],[111.113886383409607,-8.217493130001138],[111.113888102523106,-8.217492951928794],[111.113889845416963,-8.217492775923761],[111.113891611860026,-8.217492602167582],[111.113893401621098,-8.217492430841787],[111.113895214468997,-8.217492262127918],[111.11389705017254,-8.217492096207511],[111.113898908500559,-8.217491933262103],[111.113900789221873,-8.217491773473228],[111.11390269210527,-8.217491617022423],[111.113904616919584,-8.217491464091227],[111.113906563433616,-8.217491314861169],[111.113908531416172,-8.217491169513796],[111.113910520636111,-8.217491028230636],[111.11391253086218,-8.217490891193229],[111.113914561863254,-8.217490758583113],[111.113916613408136,-8.217490630581819],[111.113918685265617,-8.21749050737089],[111.113920777204513,-8.217490389131855],[111.113922888993656,-8.217490276046256],[111.113925020401865,-8.217490168295628],[111.113927171197943,-8.217490066061508],[111.113929341150723,-8.217489969525431],[111.113931530028992,-8.217489878868937],[111.113933737601585,-8.217489794273556],[111.113935963637317,-8.217489715920832],[111.113938207904994,-8.217489643992295],[111.113940470173404,-8.217489578669481],[111.113942750211422,-8.217489520133935],[111.113945047787823,-8.217489468567186],[111.113947362671439,-8.21748942415077],[111.113949694631089,-8.217489387066228],[111.11395204343556,-8.217489357495094],[111.113954408853715,-8.217489335618904],[111.113956790654299,-8.217489321619194],[111.11395918860616,-8.217489315677504],[111.113961602478142,-8.217489317975367],[111.113964032039036,-8.217489328694318],[111.113966477057687,-8.217489348015897],[111.113968937302815,-8.217489376121639],[111.11397141254335,-8.21748941319308],[111.113973902548025,-8.217489459411759],[111.113976407085701,-8.217489514959208],[111.113978925925181,-8.217489580016965],[111.113981458835269,-8.217489654766569],[111.113984005584811,-8.217489739389555],[111.113986565942582,-8.217489834067456],[111.113989139677443,-8.217489938981814],[111.11399172655814,-8.217490054314162],[111.113994326353549,-8.217490180246037],[111.113996938832457,-8.217490316958976],[111.113999563763699,-8.217490464634515],[111.114002200916076,-8.217490623454189],[111.114004850058393,-8.21749079359954],[111.114007510959539,-8.217490975252101],[111.114010183388217,-8.217491168593403],[111.114012867113289,-8.21749137380499],[111.114015561903571,-8.217491591068395],[111.114018267527882,-8.217491820565154],[111.114020983755069,-8.217492062476808],[111.114023710353891,-8.217492316984888],[111.114026447093181,-8.217492584270932],[111.114029193741757,-8.217492864516476],[111.114031950068437,-8.217493157903059],[111.114034715842038,-8.217493464612215],[111.114037490831322,-8.217493784825479],[111.114040274805234,-8.217494118724391],[111.114043067532464,-8.217494466490487],[111.114045868781886,-8.217494828305302],[111.114048678322291,-8.217495204350371],[111.114051495922524,-8.217495594807232],[111.114054321351318,-8.217495999857423],[111.114057154377633,-8.21749641968248],[111.114059994770145,-8.217496854463938],[111.114062842297727,-8.217497304383333],[111.114065696729199,-8.217497769622202],[111.114068557833363,-8.217498250362082],[111.11407142537908,-8.217498746784512],[111.114074299135098,-8.217499259071023],[111.114077178870247,-8.217499787403154],[111.114080064353359,-8.217500331962441],[111.114082955353254,-8.217500892930422],[111.114085851638748,-8.217501470488633],[111.114088752978603,-8.217502064818611],[111.114091659141693,-8.217502676101885],[111.114094569896821,-8.217503304520001],[111.114097485012778,-8.217503950254494],[111.114100404258423,-8.217504613486897],[111.114103327402518,-8.217505294398745],[111.114106254213908,-8.217505993171578],[111.114109184461427,-8.217506709986935],[111.114112117913862,-8.217507445026348],[111.114115054340033,-8.217508198471354],[111.114117993508742,-8.21750897050349],[111.114120935188794,-8.217509761304289],[111.114123879149076,-8.217510571055294],[111.114126825158337,-8.21751139993804],[111.114129772985407,-8.217512248134058],[111.11413272239912,-8.21751311582489],[111.114135673168278,-8.217514003192072],[111.114138625061656,-8.217514910417137],[111.11414157784813,-8.217515837681624],[111.114144531296489,-8.217516785167069],[111.11414748517555,-8.217517753055006],[111.114150439254132,-8.217518741526977],[111.114153393301052,-8.217519750764513],[111.114156347085128,-8.217520780949151],[111.11415930037515,-8.217521832262433],[111.114162252939934,-8.217522904885886],[111.114165204548314,-8.217523999001056],[111.114168154969093,-8.217525114789474],[111.114171103971103,-8.217526252432677],[111.114174051323147,-8.217527412112201],[111.114176996794043,-8.217528594009584],[111.114179940152624,-8.217529798306362],[111.114182881167665,-8.217531025184073],[111.114185819607997,-8.217532274824249],[111.114188755242452,-8.217533547408431],[111.114191687839835,-8.217534843118152],[111.114194617168977,-8.217536162134952],[111.114197542998653,-8.217537504640365],[111.114200465097696,-8.217538870815929],[111.114203383234951,-8.217540260843176],[111.114206297179209,-8.217541674903647],[111.114209206699257,-8.217543113178877],[111.114212111563944,-8.217544575850404],[111.114215011542086,-8.217546063099761],[111.114217906402473,-8.217547575108489],[111.114220795913937,-8.217549112058117],[111.11422367984531,-8.217550674130191],[111.114226557965381,-8.21755226150624],[111.114229430042968,-8.217553874367804],[111.114232295846904,-8.217555512896418],[111.114235155145963,-8.217557177273619],[111.114238007709005,-8.217558867680943],[111.114240853304835,-8.217560584299928],[111.114243691702256,-8.217562327312107],[111.114246522670101,-8.217564096899022],[111.114249345977157,-8.217565893242202],[111.114252161392258,-8.21756771652319],[111.114254968684207,-8.217569566923519],[111.114257767621837,-8.217571444624728],[111.11426055797395,-8.217573349808349],[111.114263339509364,-8.217575282655924],[111.114266111996898,-8.217577243348984],[111.114268875205354,-8.21757923206907],[111.114271628903566,-8.217581248997714],[111.114274372860336,-8.217583294316457],[111.114277106844469,-8.217585368206834],[111.11427983062481,-8.217587470850377],[111.114282543970148,-8.217589602428628],[111.114285246649303,-8.217591763123124],[111.11428793843109,-8.217593953115394],[111.114290619084358,-8.217596172586983],[111.114293288377866,-8.217598421719424],[111.11429594608046,-8.217600700694252],[111.11429859196096,-8.217603009693002],[111.114301225788182,-8.217605348897219],[111.114303847330888,-8.217607718488431],[111.114306456357951,-8.217610118648174],[111.114309052638163,-8.217612549557991],[111.114311635940368,-8.217615011399415],[111.114314206033356,-8.21761750435398],[111.114316762685945,-8.217620028603225],[111.114319305666925,-8.217622584328687],[111.114321834745155,-8.217625171711902],[111.11432434968944,-8.217627790934404],[111.114326850268569,-8.217630442177731],[111.114329336251359,-8.217633125623422],[111.114331807406685,-8.217635841453008],[111.114334263503281,-8.217638589848033],[111.11433670431002,-8.217641370990025],[111.114339129595663,-8.217644185060527],[111.114341539129072,-8.217647032241072],[111.114343932679049,-8.217649912713195],[111.114346310014412,-8.217652826658439],[111.114348670903979,-8.217655774258333],[111.114351015116526,-8.217658755694419],[111.114353342420898,-8.217661771148229],[111.114355652585971,-8.217664820801302],[111.114357945380462,-8.217667904835173],[111.11436022057319,-8.217671023431381],[111.114362477933028,-8.21767417677146],[111.114364717228767,-8.217677365036948],[111.114366938229239,-8.21768058840938],[111.114369140703232,-8.21768384707029],[111.114371324419551,-8.217687141201221],[111.114373489147042,-8.217690470983705],[111.114375634654522,-8.217693836599278],[111.114377760710767,-8.217697238229478],[111.114379867084637,-8.217700676055843],[111.114381953544921,-8.217704150259904],[111.114384019860438,-8.217707661023203],[111.114386065800019,-8.217711208527275],[111.11438809113244,-8.217714792953654],[111.114390095626561,-8.21771841448388],[111.114392079051157,-8.217722073299488],[111.114394041175089,-8.217725769582012],[111.114395981767132,-8.217729503512992],[111.114397900596117,-8.217733275273961],[111.114399797430877,-8.217737085046458],[111.114401672040174,-8.217740933012021],[111.114403524192866,-8.21774481935218],[111.114405353657759,-8.21774874424848],[111.114407160203669,-8.217752707882452],[111.1144089435994,-8.217756710435633],[111.1144107036138,-8.217760752089559],[111.114412440015656,-8.217764833025766],[111.114414152573772,-8.217768953425795],[111.114415841056967,-8.217773113471175],[111.114417505234087,-8.217777313343451],[111.114419144873921,-8.217781553224153],[111.1144207597453,-8.217785833294821],[111.114422349617016,-8.217790153736987],[111.114423914257898,-8.217794514732191],[111.11442545343678,-8.21779891646197],[111.114426966922423,-8.217803359107858],[111.114428454483701,-8.217807842851393],[111.114429915889389,-8.21781236787411],[111.114431350908333,-8.217816934357549],[111.114432759309324,-8.217821542483239],[111.114434140861164,-8.217826192432726],[111.114435495332728,-8.217830884387539],[111.114436822492763,-8.21783561852922],[111.114438122110101,-8.2178403950393],[111.114439393953617,-8.217845214099317],[111.114440637792043,-8.217850075890809],[111.11444185339424,-8.217854980595312],[111.114443040529011,-8.217859928394365],[111.114444198965145,-8.217864919469497],[111.114445328471504,-8.217869954002254],[111.11444642881689,-8.217875032174163],[111.114447499770108,-8.217880154166767],[111.114448541099961,-8.217885320161599],[111.114449552575294,-8.217890530340199],[111.114450533964913,-8.217895784884099],[111.114451485037605,-8.217901083974839],[111.114452405562204,-8.217906427793952],[111.11445329530757,-8.217911816522978],[111.114454154042434,-8.217917250343451],[111.114454981535658,-8.217922729436909],[111.11445577755606,-8.217928253984889],[111.114456541872443,-8.217933824168925],[111.114457274253624,-8.217939440170554],[111.114457974468422,-8.217945102171312],[111.114458642285655,-8.21795081035274],[111.11445927747414,-8.217956564896367],[111.114459879802638,-8.217962365983736],[111.114460449040067,-8.217968213796377],[111.114460984955173,-8.217974108515833],[111.11446148731676,-8.217980050323639],[111.11446195589366,-8.217986039401326],[111.114462390454747,-8.217992075930438],[111.114462790768727,-8.217998160092504],[111.114463156604486,-8.218004292069068],[111.114463487730859,-8.21801047204166],[111.114463783916591,-8.218016700191821],[111.114464044930529,-8.218022976701084],[111.114464270541504,-8.218029301750986],[111.114464460518306,-8.218035675523065],[111.114464614629767,-8.218042098198861],[111.114464732644706,-8.218048569959903],[111.114464814331939,-8.218055090987729],[111.114464859460256,-8.218061661463878],[111.114464867798475,-8.218068281569886],[111.114464839115428,-8.21807495148729],[111.114464773179961,-8.218081671397622],[111.114464669760821,-8.218088441482426],[111.114464528626854,-8.21809526192323],[111.114464349546878,-8.218102132901578],[111.114464132289697,-8.218109054599001],[111.114463876624157,-8.218116027197038],[111.114463582319047,-8.218123050877223],[111.114463249143185,-8.218130125821096],[111.114462876865375,-8.218137252210193],[111.114462465254434,-8.218144430226047],[111.114462014079223,-8.218151660050198],[111.114461523108488,-8.21815894186418],[111.114460992111077,-8.218166275849532],[111.114460420855835,-8.218173662187787],[111.114459809111537,-8.218181101060484],[111.114459156647001,-8.218188592649158],[111.114458463231045,-8.218196137135346],[111.114457728632487,-8.218203734700584],[111.114456952620159,-8.218211385526411],[111.11445613496285,-8.21821908979436],[111.114455275429378,-8.218226847685969],[111.114454373788561,-8.218234659382775],[111.114453429809217,-8.218242525066312],[111.114452443260163,-8.218250444918121],[111.114451413910245,-8.218258419119733],[111.114450341528226,-8.218266447852686],[111.114449225882922,-8.218274531298521],[111.114448066743165,-8.218282669638768],[111.114446863877788,-8.218290863054966],[111.11444561705558,-8.218299111728651],[111.114444326045387,-8.218307415841361],[111.114442990615984,-8.218315775574633],[111.114441610536218,-8.218324191110002],[111.114440185574878,-8.218332662629003],[111.114438715500796,-8.218341190313172],[111.114437200082776,-8.218349774344052],[111.114435639089663,-8.21835841490317],[111.114434032290205,-8.218367112172068],[111.114432379453291,-8.218375866332281]]]}},
{"type":"Feature","properties":{"id":null},"geometry":{"type":"MultiLineString","coordinates":[[[111.1144155,-8.2187213],[111.114415499630297,-8.218721337130185],[111.114415498523996,-8.2187214482452],[111.114415496685197,-8.218721632931715],[111.114415494117992,-8.218721890776406],[111.114415490826474,-8.218722221365958],[111.114415486814778,-8.218722624287034],[111.114415482087082,-8.218723099126329],[111.114415476647451,-8.218723645470508],[111.114415470499992,-8.21872426290625],[111.114415463648825,-8.218724951020233],[111.114415456098072,-8.218725709399134],[111.11441544785184,-8.21872653762963],[111.11441543891425,-8.218727435298398],[111.114415429289465,-8.218728401992113],[111.11441541898148,-8.218729437297453],[111.114415407994514,-8.218730540801099],[111.114415396332618,-8.218731712089719],[111.114415383999983,-8.218732950750001],[111.114415371000689,-8.218734256368613],[111.1144153573388,-8.218735628532237],[111.114415343018507,-8.218737066827547],[111.114415328043876,-8.218738570841222],[111.114415312419069,-8.218740140159937],[111.114415296148152,-8.21874177437037],[111.114415279235246,-8.218743473059199],[111.114415261684499,-8.218745235813101],[111.114415243499991,-8.218747062218752],[111.114415224685885,-8.218748951862827],[111.114415205246218,-8.218750904332003],[111.11441518518518,-8.218752919212964],[111.114415164506852,-8.218754996092377],[111.114415143215368,-8.218757134556927],[111.114415121314792,-8.218759334193287],[111.114415098809317,-8.218761594588134],[111.114415075703022,-8.218763915328147],[111.114415052,-8.218766296],[111.114415027704382,-8.218768736190373],[111.114415002820294,-8.21877123548594],[111.114414977351842,-8.218773793473378],[111.114414951303132,-8.21877640973937],[111.114414924678314,-8.218779083870583],[111.114414897481467,-8.218781815453703],[111.114414869716725,-8.218784604075404],[111.114414841388196,-8.21878744932236],[111.114414812500002,-8.218790350781251],[111.114414783056233,-8.218793308038752],[111.114414753061041,-8.218796320681543],[111.114414722518518,-8.218799388296297],[111.114414691432771,-8.218802510469695],[111.114414659807977,-8.218805686788411],[111.114414627648173,-8.218808916839121],[111.114414594957495,-8.218812200208507],[111.114414561740034,-8.218815536483239],[111.114414527999969,-8.21881892525],[111.114414493741421,-8.218822366095464],[111.114414458968454,-8.21882585860631],[111.11441442368519,-8.218829402369213],[111.114414387895749,-8.218832996970852],[111.114414351604239,-8.2188366419979],[111.114414314814809,-8.218840337037038],[111.114414277531537,-8.21884408167494],[111.114414239758545,-8.218847875498286],[111.114414201499969,-8.218851718093751],[111.114414162759914,-8.21885560904801],[111.114414123542502,-8.218859547947746],[111.114414083851841,-8.218863534379629],[111.114414043692037,-8.21886756793034],[111.114414003067211,-8.218871648186557],[111.114413961981469,-8.218875774734956],[111.114413920438949,-8.218879947162209],[111.11441387844377,-8.218884165055],[111.114413836000026,-8.218888428],[111.114413793111808,-8.218892735583893],[111.114413749783282,-8.21889708739335],[111.114413706018496,-8.218901483015046],[111.114413661821672,-8.218905922035665],[111.114413617196846,-8.21891040404188],[111.114413572148152,-8.21891492862037],[111.114413526679698,-8.218919495357811],[111.114413480795605,-8.218924103840878],[111.114413434499994,-8.21892875365625],[111.114413387796972,-8.218933444390606],[111.114413340690632,-8.218938175630614],[111.114413293185137,-8.218942946962963],[111.114413245284624,-8.21894775797432],[111.114413196993141,-8.218952608251371],[111.11441314831481,-8.218957497380789],[111.114413099253753,-8.218962424949245],[111.114413049814118,-8.218967390543424],[111.114413,-8.218972393750001],[111.114412949815488,-8.218977434155651],[111.11441289926475,-8.21898251134705],[111.114412848351876,-8.218987624910881],[111.114412797080959,-8.218992774433815],[111.114412745456107,-8.218997959502532],[111.114412693481484,-8.219003179703703],[111.114412641161195,-8.219008434624017],[111.114412588499334,-8.219013723850138],[111.114412535500009,-8.21901904696875],[111.114412482167353,-8.219024403566531],[111.114412428505474,-8.219029793230154],[111.114412374518523,-8.219035215546297],[111.114412320210562,-8.219040670101638],[111.114412265585727,-8.219046156482854],[111.114412210648126,-8.219051674276621],[111.11441215540188,-8.219057223069616],[111.114412099851165,-8.219062802448516],[111.114412043999977,-8.219068412],[111.114411987852506,-8.219074051310741],[111.114411931412889,-8.219079719967421],[111.114411874685175,-8.219085417556713],[111.114411817673513,-8.219091143665295],[111.11441176038204,-8.219096897879844],[111.114411702814806,-8.219102679787039],[111.114411644975988,-8.219108488973552],[111.114411586869693,-8.219114325026066],[111.114411528500014,-8.219120187531251],[111.114411469871072,-8.219126076075788],[111.114411410986989,-8.219131990246357],[111.114411351851871,-8.21913792962963],[111.114411292469811,-8.219143893812287],[111.114411232844986,-8.219149882381],[111.114411172981491,-8.219155894922455],[111.114411112883388,-8.219161931023319],[111.114411052554857,-8.219167990270277],[111.114410991999989,-8.219174072250002],[111.114410931222878,-8.219180176549166],[111.114410870227687,-8.219186302754457],[111.114410809018494,-8.219192450452546],[111.114410747599422,-8.219198619230109],[111.114410685974605,-8.219204808673826],[111.114410624148121,-8.219211018370368],[111.114410562124135,-8.219217247906421],[111.114410499906711,-8.219223496868658],[111.114410437499998,-8.21922976484375],[111.11441037490809,-8.219236051418381],[111.114410312135092,-8.219242356179226],[111.114410249185198,-8.219248678712963],[111.114410186062429,-8.219255018606269],[111.11441012277092,-8.219261375445818],[111.114410059314835,-8.219267748818288],[111.114409995698253,-8.219274138310357],[111.114409931925238,-8.219280543508704],[111.114409868,-8.219286964],[111.114409803926605,-8.219293399370926],[111.114409739709188,-8.219299849208161],[111.114409675351837,-8.219306313098381],[111.114409610858701,-8.219312790628258],[111.114409546233887,-8.219319281384475],[111.114409481481459,-8.219325784953703],[111.114409416605582,-8.219332300922623],[111.114409351610405,-8.219338828877914],[111.114409286499978,-8.219345368406248],[111.114409221278436,-8.219351919094306],[111.114409155949915,-8.219358480528765],[111.114409090518521,-8.219365052296295],[111.114409024988333,-8.219371633983583],[111.114408959363516,-8.219378225177298],[111.114408893648147,-8.219384825464122],[111.114408827846347,-8.21939143443073],[111.114408761962295,-8.219398051663795],[111.114408696000027,-8.219404676750003],[111.114408629963677,-8.219411309276023],[111.114408563857353,-8.219417948828534],[111.114408497685204,-8.219424594994216],[111.114408431451295,-8.21943124735974],[111.114408365159804,-8.219437905511789],[111.114408298814809,-8.219444569037037],[111.114408232420431,-8.219451237522161],[111.114408165980791,-8.219457910553841],[111.114408099499997,-8.21946458771875],[111.114408032982141,-8.219471268603565],[111.114407966431401,-8.219477952794966],[111.114407899851827,-8.219484639879628],[111.114407833247569,-8.21949132944423],[111.114407766622747,-8.219498021075445],[111.114407699981456,-8.219504714359953],[111.114407633327858,-8.219511408884433],[111.114407566665989,-8.219518104235554],[111.1144075,-8.2195248],[111.114407433334009,-8.219531495764446],[111.114407366672154,-8.21953819111557],[111.114407300018513,-8.219544885640047],[111.114407233377221,-8.219551578924555],[111.1144071667524,-8.219558270555771],[111.114407100148156,-8.219564960120371],[111.114407033568597,-8.219571647205035],[111.114406967017828,-8.219578331396434],[111.114406900500001,-8.219585012281252],[111.114406834019206,-8.21959168944616],[111.114406767579567,-8.219598362477837],[111.114406701185189,-8.219605030962963],[111.114406634840194,-8.219611694488211],[111.114406568548702,-8.219618352640261],[111.114406502314807,-8.219625005005788],[111.114406436142644,-8.219631651171468],[111.114406370036349,-8.21963829072398],[111.114406304,-8.219644923250002],[111.114406238037731,-8.219651548336206],[111.11440617215365,-8.219658165569275],[111.114406106351851,-8.219664774535879],[111.114406040636482,-8.219671374822703],[111.114405975011664,-8.219677966016416],[111.114405909481476,-8.219684547703705],[111.114405844050083,-8.219691119471236],[111.114405778721533,-8.219697680905693],[111.114405713500005,-8.219704231593751],[111.114405648389592,-8.219710771122084],[111.114405583394372,-8.219717299077377],[111.114405518518538,-8.219723815046297],[111.114405453766125,-8.219730318615527],[111.114405389141297,-8.219736809371742],[111.11440532464816,-8.219743286901622],[111.114405260290823,-8.219749750791838],[111.114405196073392,-8.219756200629073],[111.114405132,-8.219762636],[111.11440506807476,-8.219769056491298],[111.114405004301773,-8.219775461689643],[111.114404940685191,-8.219781851181713],[111.114404877229077,-8.219788224554184],[111.114404813937568,-8.219794581393733],[111.114404750814799,-8.219800921287039],[111.114404687864877,-8.219807243820775],[111.114404625091908,-8.21981354858162],[111.114404562500013,-8.219819835156249],[111.114404500093272,-8.219826103131345],[111.114404437875862,-8.219832352093578],[111.114404375851848,-8.219838581629629],[111.114404314025364,-8.219844791326175],[111.114404252400547,-8.219850980769891],[111.114404190981475,-8.219857149547455],[111.114404129772296,-8.219863297245542],[111.114404068777077,-8.219869423450831],[111.114404008,-8.21987552775],[111.114403947445126,-8.219881609729725],[111.114403887116595,-8.21988766897668],[111.114403827018506,-8.219893705077547],[111.114403767155011,-8.219899717618999],[111.114403707530187,-8.219905706187715],[111.114403648148155,-8.219911670370372],[111.114403589013037,-8.219917609753644],[111.114403530128953,-8.219923523924212],[111.114403471499998,-8.219929412468749],[111.114403413130333,-8.219935274973937],[111.11440335502401,-8.219941111026449],[111.114403297185191,-8.219946920212962],[111.114403239617985,-8.219952702120157],[111.114403182326484,-8.219958456334705],[111.114403125314809,-8.219964182443288],[111.114403068587109,-8.219969880032579],[111.114403012147449,-8.219975548689257],[111.114402956,-8.219981188],[111.114402900148832,-8.219986797551483],[111.114402844598089,-8.219992376930385],[111.114402789351857,-8.21999792572338],[111.114402734414284,-8.220003443517147],[111.114402679789436,-8.220008929898363],[111.114402625481489,-8.220014384453703],[111.114402571494523,-8.220019806769848],[111.114402517832659,-8.22002519643347],[111.114402464500003,-8.220030553031251],[111.114402411500691,-8.220035876149863],[111.114402358838817,-8.220041165375985],[111.114402306518514,-8.220046420296297],[111.11440225454389,-8.220051640497472],[111.114402202919052,-8.220056825566186],[111.11440215164815,-8.22006197508912],[111.114402100735276,-8.220067088652948],[111.114402050184509,-8.22007216584435],[111.114402,-8.22007720625],[111.114401950185879,-8.220082209456576],[111.114401900746245,-8.220087175050754],[111.114401851685187,-8.220092102619212],[111.114401803006871,-8.22009699174863],[111.11440175471536,-8.220101842025677],[111.114401706814817,-8.220106653037037],[111.114401659309323,-8.220111424369383],[111.114401612203011,-8.220116155609396],[111.114401565500003,-8.22012084634375],[111.114401519204392,-8.220125496159124],[111.114401473320314,-8.220130104642189],[111.11440142785186,-8.220134671379631],[111.114401382803152,-8.220139195958119],[111.11440133817834,-8.220143677964336],[111.114401293981501,-8.220148116984955],[111.114401250216744,-8.220152512606653],[111.114401206888203,-8.220156864416111],[111.114401164,-8.220161172],[111.114401121556241,-8.220165434945002],[111.114401079561048,-8.220169652837791],[111.114401038018528,-8.220173825265046],[111.114400996932773,-8.220177951813444],[111.114400956307946,-8.22018203206966],[111.114400916148142,-8.220186065620371],[111.114400876457495,-8.220190052052255],[111.114400837240069,-8.220193990951989],[111.114400798500014,-8.22019788190625],[111.114400760241423,-8.220201724501715],[111.114400722468446,-8.220205518325061],[111.114400685185188,-8.220209262962964],[111.114400648395758,-8.220212958002101],[111.114400612104248,-8.220216603029151],[111.114400576314807,-8.220220197630786],[111.114400541031543,-8.22022374139369],[111.114400506258562,-8.220227233904534],[111.114400471999986,-8.220230674749999],[111.114400438259935,-8.220234063516761],[111.114400405042502,-8.220237399791497],[111.114400372351867,-8.220240683160879],[111.114400340192049,-8.220243913211592],[111.114400308567227,-8.220247089530307],[111.114400277481494,-8.220250211703704],[111.11440024693897,-8.22025327931846],[111.114400216943764,-8.220256291961249],[111.11440018750001,-8.220259249218749],[111.114400158611815,-8.220262150677641],[111.114400130283272,-8.220264995924598],[111.11440010251853,-8.220267784546296],[111.114400075321683,-8.220270516129416],[111.114400048696851,-8.220273190260631],[111.114400022648155,-8.220275806526621],[111.114399997179703,-8.22027836451406],[111.114399972295601,-8.220280863809627],[111.114399948000013,-8.220283304],[111.11439992429699,-8.220285684671854],[111.11439990119068,-8.220288005411867],[111.114399878685191,-8.220290265806714],[111.11439985678463,-8.220292465443073],[111.114399835493145,-8.220294603907622],[111.114399814814817,-8.220296680787039],[111.11439979475378,-8.220298695667996],[111.114399775314126,-8.220300648137176],[111.114399756500006,-8.220302537781251],[111.114399738315498,-8.2203043641869],[111.114399720764752,-8.220306126940802],[111.114399703851845,-8.22030782562963],[111.114399687580942,-8.220309459840063],[111.114399671956107,-8.220311029158779],[111.114399656981504,-8.220312533172455],[111.114399642661184,-8.220313971467764],[111.114399628999323,-8.220315343631388],[111.114399616,-8.22031664925],[111.114399603667351,-8.22031788791028],[111.114399592005483,-8.220319059198903],[111.114399581018517,-8.220320162702548],[111.114399570710574,-8.220321198007888],[111.114399561085733,-8.220322164701603],[111.114399552148157,-8.220323062370371],[111.114399543901925,-8.220323890600866],[111.114399536351172,-8.220324648979767],[111.114399529499991,-8.220325337093751],[111.114399523352532,-8.220325954529493],[111.114399517912901,-8.220326500873671],[111.114399513185191,-8.220326975712963],[111.114399509173538,-8.220327378634044],[111.114399505882034,-8.220327709223595],[111.114399503314829,-8.220327967068288],[111.114399501476001,-8.220328151754801],[111.1143995003697,-8.220328262869812],[111.1143995,-8.2203283]]]}},
{"type":"Feature","properties":{"id":null},"geometry":{"type":"MultiLineString","coordinates":[[[111.114411025039274,-8.220651677640213],[111.114411028821024,-8.22065171229403],[111.114411040138236,-8.220651815998311],[111.114411058948789,-8.220651988367303],[111.114411085210591,-8.220652229015238],[111.114411118881549,-8.220652537556367],[111.114411159919555,-8.220652913604935],[111.114411208282547,-8.220653356775182],[111.114411263928361,-8.220653866681351],[111.114411326814974,-8.220654442937686],[111.114411396900252,-8.220655085158434],[111.114411474142102,-8.220655792957832],[111.114411558498404,-8.220656565950128],[111.114411649927092,-8.220657403749559],[111.114411748386075,-8.220658305970375],[111.114411853833218,-8.220659272226815],[111.114411966226427,-8.220660302133124],[111.114412085523625,-8.220661395303544],[111.114412211682733,-8.220662551352321],[111.114412344661631,-8.220663769893696],[111.11441248441821,-8.220665050541912],[111.114412630910394,-8.220666392911212],[111.114412784096061,-8.220667796615841],[111.114412943933118,-8.220669261270043],[111.114413110379516,-8.220670786488057],[111.114413283393091,-8.220672371884129],[111.114413462931793,-8.220674017072502],[111.114413648953501,-8.220675721667419],[111.114413841416138,-8.220677485283124],[111.114414040277524,-8.220679307533857],[111.114414245495666,-8.220681188033865],[111.114414457028431,-8.220683126397391],[111.114414674833725,-8.220685122238676],[111.114414898869441,-8.220687175171966],[111.114415129093501,-8.220689284811503],[111.114415365463771,-8.220691450771527],[111.11441560793817,-8.220693672666286],[111.114415856474636,-8.220695950110022],[111.114416111031019,-8.220698282716977],[111.114416371565213,-8.220700670101394],[111.114416638035166,-8.220703111877516],[111.114416910398774,-8.220705607659587],[111.114417188613956,-8.220708157061853],[111.114417472638564,-8.220710759698553],[111.11441776243052,-8.220713415183933],[111.114418057947731,-8.220716123132235],[111.114418359148118,-8.220718883157701],[111.114418665989561,-8.220721694874577],[111.114418978429967,-8.220724557897103],[111.114419296427243,-8.220727471839524],[111.114419619939284,-8.220730436316085],[111.114419948923995,-8.220733450941026],[111.114420283339285,-8.220736515328593],[111.114420623142976,-8.220739629093025],[111.114420968293118,-8.220742791848568],[111.114421318747546,-8.220746003209468],[111.114421674464154,-8.220749262789965],[111.114422035400835,-8.220752570204303],[111.114422401515526,-8.220755925066724],[111.114422772766105,-8.220759326991471],[111.114423149110465,-8.220762775592791],[111.114423530506471,-8.220766270484921],[111.114423916912131,-8.220769811282109],[111.114424308285265,-8.220773397598597],[111.114424704583854,-8.22077702904863],[111.114425105765719,-8.220780705246449],[111.114425511788795,-8.220784425806297],[111.114425922610991,-8.22078819034242],[111.114426338190199,-8.220791998469057],[111.114426758484328,-8.220795849800453],[111.114427183451269,-8.220799743950852],[111.114427613048903,-8.220803680534498],[111.114428047235208,-8.220807659165633],[111.11442848596802,-8.220811679458498],[111.114428929205246,-8.220815741027341],[111.114429376904781,-8.220819843486398],[111.114429829024601,-8.22082398644992],[111.114430285522559,-8.220828169532146],[111.114430746356533,-8.220832392347322],[111.114431211484458,-8.220836654509689],[111.114431680864229,-8.220840955633491],[111.114432154453738,-8.220845295332971],[111.114432632210907,-8.220849673222371],[111.114433114093586,-8.220854088915937],[111.114433600059755,-8.22085854202791],[111.114434090067277,-8.220863032172534],[111.11443458407409,-8.220867558964052],[111.114435082038042,-8.220872122016708],[111.114435583917043,-8.220876720944743],[111.114436089669042,-8.220881355362403],[111.114436599251889,-8.22088602488393],[111.114437112623506,-8.220890729123566],[111.114437629741815,-8.220895467695556],[111.114438150564695,-8.220900240214142],[111.114438675050053,-8.22090504629357],[111.114439203155769,-8.22090988554808],[111.114439734839806,-8.220914757591913],[111.114440270060001,-8.220919662039321],[111.114440808774319,-8.220924598504538],[111.114441350940595,-8.220929566601811],[111.11444189651678,-8.220934565945385],[111.114442445460753,-8.220939596149501],[111.114442997730436,-8.220944656828403],[111.114443553283735,-8.220949747596332],[111.114444112078516,-8.220954868067533],[111.114444674072701,-8.22096001785625],[111.11444523922421,-8.220965196576724],[111.114445807490924,-8.220970403843202],[111.114446378830777,-8.220975639269927],[111.114446953201636,-8.220980902471137],[111.114447530561421,-8.22098619306108],[111.114448110868025,-8.220991510653995],[111.114448694079329,-8.220996854864129],[111.114449280153295,-8.221002225305726],[111.11444986904776,-8.221007621593024],[111.11445046072069,-8.221013043340271],[111.114451055129948,-8.221018490161711],[111.114451652233441,-8.221023961671582],[111.114452251989064,-8.221029457484132],[111.114452854354738,-8.2210349772136],[111.11445345928837,-8.221040520474233],[111.114454066747811,-8.221046086880271],[111.114454676691039,-8.22105167604596],[111.114455289075892,-8.221057287585543],[111.114455903860332,-8.221062921113262],[111.114456521002211,-8.221068576243361],[111.11445714045945,-8.221074252590082],[111.114457762189943,-8.22107994976767],[111.11445838615164,-8.221085667390366],[111.114459012302376,-8.221091405072416],[111.114459640600103,-8.221097162428062],[111.11446027100267,-8.221102939071546],[111.114460903468,-8.221108734617113],[111.114461537954085,-8.221114548679006],[111.114462174418705,-8.221120380871469],[111.114462812819809,-8.221126230808739],[111.114463453115292,-8.221132098105066],[111.114464095263074,-8.221137982374692],[111.114464739221063,-8.221143883231861],[111.114465384947152,-8.221149800290814],[111.114466032399207,-8.221155733165794],[111.114466681535163,-8.221161681471045],[111.114467332312927,-8.221167644820813],[111.114467984690393,-8.221173622829335],[111.114468638625453,-8.221179615110858],[111.114469294076045,-8.221185621279627],[111.114469951000018,-8.221191640949881],[111.114470609355322,-8.221197673735869],[111.114471269099852,-8.221203719251829],[111.114471930191485,-8.221209777112003],[111.114472592588129,-8.22121584693064],[111.11447325624772,-8.221221928321981],[111.114473921128138,-8.221228020900268],[111.114474587187289,-8.221234124279745],[111.114475254383052,-8.221240238074655],[111.114475922673392,-8.221246361899242],[111.114476592016132,-8.221252495367748],[111.114477262369206,-8.221258638094417],[111.114477933690551,-8.221264789693491],[111.114478605938018,-8.221270949779214],[111.114479279069542,-8.221277117965831],[111.114479953043016,-8.221283293867584],[111.114480627816334,-8.221289477098715],[111.114481303347418,-8.221295667273466],[111.114481979594132,-8.221301864006083],[111.11448265651444,-8.22130806691081],[111.114483334066165,-8.221314275601888],[111.114484012207299,-8.221320489693559],[111.114484690895665,-8.221326708800069],[111.114485370089227,-8.221332932535663],[111.11448604974585,-8.221339160514578],[111.114486729823454,-8.221345392351063],[111.114487410279906,-8.221351627659358],[111.114488091073156,-8.221357866053708],[111.11448877216111,-8.221364107148354],[111.114489453501633,-8.221370350557542],[111.114490135052634,-8.221376595895514],[111.114490816772047,-8.221382842776514],[111.114491498617753,-8.221389090814785],[111.114492180547643,-8.221395339624568],[111.114492862519626,-8.221401588820108],[111.114493544491609,-8.221407838015647],[111.114494226421499,-8.22141408682543],[111.114494908267204,-8.221420334863698],[111.114495589986603,-8.221426581744698],[111.114496271537618,-8.221432827082669],[111.114496952878142,-8.221439070491858],[111.114497633966067,-8.221445311586503],[111.114498314759345,-8.221451549980854],[111.114498995215826,-8.22145778528915],[111.114499675293416,-8.221464017125635],[111.114500354950039,-8.22147024510455],[111.114501034143601,-8.221476468840144],[111.114501712831981,-8.221482687946654],[111.114502390973101,-8.221488902038327],[111.11450306852484,-8.221495110729405],[111.114503745445148,-8.22150131363413],[111.114504421691862,-8.221507510366749],[111.114505097222946,-8.221513700541502],[111.114505771996264,-8.221519883772631],[111.114506445969738,-8.221526059674382],[111.114507119101248,-8.221532227860999],[111.114507791348728,-8.221538387946723],[111.114508462670045,-8.221544539545796],[111.11450913302312,-8.221550682272465],[111.114509802365887,-8.221556815740971],[111.114510470656199,-8.221562939565555],[111.114511137851963,-8.221569053360465],[111.114511803911114,-8.221575156739943],[111.114512468791531,-8.221581249318231],[111.114513132451108,-8.221587330709573],[111.114513794847767,-8.221593400528207],[111.114514455939414,-8.221599458388384],[111.114515115683943,-8.221605503904346],[111.114515774039234,-8.221611536690331],[111.114516430963249,-8.221617556360588],[111.114517086413812,-8.221623562529356],[111.114517740348901,-8.22162955481088],[111.114518392726353,-8.221635532819404],[111.114519043504117,-8.22164149616917],[111.114519692640087,-8.221647444474421],[111.114520340092156,-8.2216533773494],[111.114520985818217,-8.221659294408353],[111.114521629776178,-8.221665195265519],[111.11452227192396,-8.221671079535145],[111.114522912219456,-8.221676946831476],[111.114523550620547,-8.221682796768746],[111.114524187085181,-8.221688628961209],[111.114524821571209,-8.221694443023098],[111.114525454036567,-8.221700238568665],[111.114526084439191,-8.221706015212149],[111.114526712736875,-8.221711772567796],[111.114527338887626,-8.221717510249844],[111.11452796284928,-8.221723227872545],[111.114528584579816,-8.22172892505013],[111.114529204037069,-8.221734601396852],[111.114529821178934,-8.22174025652695],[111.11453043596336,-8.22174589005467],[111.114531048348226,-8.221751501594252],[111.114531658291455,-8.221757090759944],[111.11453226575091,-8.221762657165982],[111.114532870684542,-8.221768200426613],[111.114533473050201,-8.221773720156085],[111.114534072805839,-8.221779215968633],[111.114534669909332,-8.221784687478504],[111.114535264318576,-8.22179013429994],[111.114535855991477,-8.221795556047189],[111.114536444885985,-8.221800952334487],[111.114537030959923,-8.221806322776084],[111.114537614171255,-8.221811666986218],[111.114538194477859,-8.221816984579135],[111.11453877183763,-8.221822275169076],[111.114539346208474,-8.221827538370286],[111.114539917548313,-8.221832773797008],[111.114540485815041,-8.221837981063487],[111.114541050966551,-8.221843159783962],[111.11454161296075,-8.22184830957268],[111.114542171755531,-8.221853430043883],[111.114542727308816,-8.221858520811812],[111.114543279578498,-8.221863581490712],[111.1145438285225,-8.221868611694827],[111.114544374098671,-8.221873611038401],[111.114544916264961,-8.221878579135675],[111.114545454979265,-8.221883515600894],[111.11454599019946,-8.221888420048298],[111.114546521883497,-8.221893292092135],[111.114547049989227,-8.221898131346645],[111.114547574474585,-8.221902937426071],[111.114548095297465,-8.221907709944656],[111.11454861241576,-8.221912448516647],[111.114549125787391,-8.221917152756284],[111.114549635370224,-8.221921822277809],[111.114550141122209,-8.221926456695471],[111.114550643001223,-8.221931055623505],[111.114551140965176,-8.221935618676161],[111.11455163497196,-8.221940145467677],[111.114552124979468,-8.221944635612303],[111.114552610945651,-8.221949088724276],[111.114553092828373,-8.221953504417842],[111.114553570585528,-8.221957882307242],[111.114554044175037,-8.221962222006722],[111.114554513554822,-8.221966523130524],[111.114554978682747,-8.221970785292891],[111.114555439516721,-8.221975008108066],[111.11455589601465,-8.221979191190293],[111.114556348134471,-8.221983334153816],[111.114556795834034,-8.221987436612874],[111.114557239071274,-8.221991498181715],[111.114557677804072,-8.221995518474582],[111.114558111990348,-8.221999497105719],[111.114558541588025,-8.222003433689363],[111.114558966554966,-8.22200732783976],[111.114559386849066,-8.222011179171156],[111.114559802428275,-8.222014987297793],[111.114560213250456,-8.222018751833915],[111.114560619273533,-8.222022472393764],[111.114561020455412,-8.222026148591583],[111.114561416753972,-8.222029780041614],[111.114561808127121,-8.222033366358103],[111.11456219453278,-8.222036907155292],[111.114562575928829,-8.222040402047423],[111.114562952273189,-8.222043850648742],[111.11456332352374,-8.222047252573491],[111.11456368963843,-8.222050607435911],[111.114564050575126,-8.222053914850248],[111.11456440629172,-8.222057174430745],[111.11456475674612,-8.222060385791643],[111.114565101896275,-8.222063548547188],[111.114565441700009,-8.222066662311622],[111.114565776115299,-8.222069726699187],[111.11456610510001,-8.222072741324128],[111.114566428612051,-8.222075705800689],[111.114566746609313,-8.22207861974311],[111.114567059049705,-8.222081482765638],[111.114567365891133,-8.222084294482514],[111.114567667091521,-8.222087054507977],[111.114567962608746,-8.22208976245628],[111.114568252400716,-8.22209241794166],[111.11456853642531,-8.22209502057836],[111.114568814640464,-8.222097569980624],[111.114569087004099,-8.222100065762698],[111.114569353474053,-8.222102507538819],[111.114569614008261,-8.222104894923238],[111.114569868564644,-8.222107227530191],[111.114570117101096,-8.222109504973925],[111.114570359575495,-8.222111726868686],[111.114570595945779,-8.222113892828711],[111.11457082616981,-8.222116002468246],[111.114571050205541,-8.222118055401536],[111.114571268010835,-8.222120051242822],[111.114571479543599,-8.222121989606347],[111.114571684761728,-8.222123870106357],[111.114571883623157,-8.222125692357091],[111.114572076085778,-8.222127455972794],[111.114572262107473,-8.222129160567713],[111.114572441646175,-8.222130805756084],[111.11457261465975,-8.222132391152156],[111.114572781106148,-8.222133916370172],[111.114572940943205,-8.222135381024371],[111.114573094128886,-8.222136784729001],[111.114573240621056,-8.222138127098301],[111.114573380377649,-8.222139407746518],[111.114573513356532,-8.222140626287892],[111.114573639515626,-8.222141782336667],[111.114573758812838,-8.222142875507091],[111.114573871206062,-8.222143905413398],[111.114573976653219,-8.222144871669839],[111.114574075112174,-8.222145773890654],[111.114574166540862,-8.222146611690087],[111.114574250897164,-8.222147384682382],[111.114574328139014,-8.222148092481778],[111.114574398224278,-8.222148734702527],[111.114574461110877,-8.22214931095886],[111.114574516756718,-8.222149820865031],[111.11457456511971,-8.222150264035278],[111.114574606157731,-8.222150640083845],[111.114574639828675,-8.222150948624979],[111.114574666090476,-8.222151189272914],[111.114574684901029,-8.222151361641902],[111.114574696218241,-8.222151465346183],[111.1145747,-8.2221515]]]}},
{"type":"Feature","properties":{"id":null},"geometry":{"type":"MultiLineString","coordinates":[[[111.1144969,-8.2223665],[111.114496890329519,-8.222366504984915],[111.114496861396503,-8.222366519940618],[111.114496813318581,-8.222366544868546],[111.114496746213291,-8.222366579770139],[111.114496660198284,-8.222366624646837],[111.114496555391142,-8.222366679500073],[111.114496431909487,-8.222366744331291],[111.114496289870942,-8.22236681914193],[111.114496129393046,-8.222366903933425],[111.114495950593508,-8.222366998707216],[111.114495753589836,-8.222367103464743],[111.114495538499668,-8.22236721820744],[111.114495305440613,-8.222367342936749],[111.114495054530295,-8.22236747765411],[111.114494785886265,-8.222367622360956],[111.114494499626161,-8.22236777705873],[111.11449419586755,-8.222367941748871],[111.114493874728126,-8.222368116432813],[111.114493536325412,-8.222368301112001],[111.11449318077706,-8.222368495787869],[111.114492808200637,-8.222368700461855],[111.11449241871378,-8.2223689151354],[111.114492012434056,-8.22236913980994],[111.114491589479101,-8.222369374486917],[111.114491149966526,-8.222369619167766],[111.114490694013924,-8.222369873853928],[111.114490221738862,-8.222370138546841],[111.114489733258978,-8.222370413247942],[111.114489228691866,-8.222370697958668],[111.114488708155164,-8.222370992680464],[111.114488171766453,-8.222371297414762],[111.114487619643342,-8.222371612163002],[111.11448705190341,-8.222371936926624],[111.114486468664296,-8.222372271707069],[111.114485870043595,-8.222372616505771],[111.1144852561589,-8.22237297132417],[111.114484627127851,-8.222373336163704],[111.114483983067998,-8.222373711025812],[111.114483324096923,-8.222374095911931],[111.114482650332334,-8.222374490823503],[111.114481961891798,-8.222374895761963],[111.114481258892866,-8.222375310728754],[111.11448054145319,-8.22237573572531],[111.114479809690366,-8.222376170753069],[111.114479063722015,-8.222376615813475],[111.114478303665692,-8.22237707090796],[111.114477529639046,-8.222377536037969],[111.11447674175966,-8.222378011204935],[111.114475940145169,-8.222378496410297],[111.114475124913142,-8.222378991655496],[111.114474296181172,-8.22237949694197],[111.114473454066911,-8.222380012271158],[111.114472598687911,-8.222380537644495],[111.114471730161824,-8.222381073063424],[111.114470848606246,-8.222381618529381],[111.114469954138769,-8.222382174043805],[111.114469046877005,-8.222382739608136],[111.114468126938561,-8.222383315223812],[111.114467194441005,-8.222383900892266],[111.114466249501973,-8.222384496614946],[111.114465292239075,-8.222385102393281],[111.114464322769891,-8.222385718228717],[111.114463341212058,-8.22238634412269],[111.114462347683201,-8.222386980076637],[111.114461342300842,-8.222387626091999],[111.114460325182648,-8.222388282170211],[111.114459296446199,-8.222388948312716],[111.114458256209147,-8.222389624520947],[111.11445720458903,-8.222390310796349],[111.114456141703457,-8.222391007140356],[111.114455067670065,-8.222391713554407],[111.114453982606477,-8.222392430039942],[111.114452886630261,-8.2223931565984],[111.114451779859024,-8.222393893231216],[111.11445066241032,-8.222394639939829],[111.114449534401871,-8.222395396725682],[111.1144483959512,-8.222396163590208],[111.114447247175946,-8.222396940534852],[111.114446088193688,-8.222397727561047],[111.114444919122064,-8.222398524670234],[111.114443740078642,-8.22239933186385],[111.114442551181043,-8.222400149143335],[111.114441352546848,-8.222400976510123],[111.114440144293695,-8.222401813965659],[111.114438926539165,-8.222402661511378],[111.114437699400909,-8.22240351914872],[111.11443646299648,-8.222404386879123],[111.1144352174435,-8.222405264704024],[111.114433962859579,-8.222406152624867],[111.114432699362283,-8.222407050643081],[111.114431427069292,-8.222407958760112],[111.114430146098144,-8.222408876977397],[111.114428856566505,-8.222409805296374],[111.114427558591899,-8.222410743718481],[111.114426252291963,-8.222411692245156],[111.114424937784335,-8.222412650877837],[111.114423615186595,-8.222413619617965],[111.114422284616325,-8.222414598466978],[111.114420946191174,-8.222415587426312],[111.114419600028697,-8.222416586497408],[111.114418246246544,-8.222417595681705],[111.114416884962296,-8.22241861498064],[111.114415516293604,-8.22241964439565],[111.114414140358008,-8.222420683928178],[111.114412757273101,-8.222421733579656],[111.114411367156549,-8.22242279335153],[111.114409970125948,-8.222423863245233],[111.114408566298863,-8.222424943262208],[111.114407155792946,-8.222426033403888],[111.114405738725765,-8.222427133671717],[111.114404315214955,-8.22242824406713],[111.11440288537807,-8.222429364591566],[111.114401449332746,-8.222430495246464],[111.114400007196608,-8.22243163603326],[111.114398559087221,-8.222432786953396],[111.114397105122237,-8.222433948008312],[111.114395645419208,-8.222435119199442],[111.114394180095744,-8.222436300528228],[111.114392709269509,-8.222437491996104],[111.114391233058058,-8.222438693604513],[111.114389751578955,-8.222439905354891],[111.114388264949909,-8.222441127248677],[111.114386773288444,-8.222442359287312],[111.114385276712198,-8.222443601472232],[111.114383775338766,-8.222444853804875],[111.114382269285755,-8.22244611628668],[111.114380758670734,-8.222447388919086],[111.114379243611381,-8.222448671703534],[111.11437772422525,-8.222449964641457],[111.114376200629977,-8.2224512677343],[111.114374672943114,-8.222452580983493],[111.114373141282314,-8.222453904390484],[111.114371605765172,-8.222455237956707],[111.114370066509309,-8.222456581683598],[111.114368523632265,-8.222457935572599],[111.114366977251692,-8.222459299625147],[111.114365427485183,-8.222460673842681],[111.11436387445039,-8.222462058226641],[111.114362318264824,-8.222463452778463],[111.114360759046178,-8.222464857499585],[111.114359196911991,-8.222466272391449],[111.114357631979914,-8.222467697455491],[111.114356064367513,-8.222469132693149],[111.114354494192412,-8.222470578105863],[111.114352921572234,-8.222472033695071],[111.114351346624559,-8.222473499462213],[111.114349769467012,-8.222474975408725],[111.114348190217157,-8.222476461536047],[111.114346608992633,-8.222477957845616],[111.114345025911035,-8.222479464338871],[111.114343441089986,-8.222480981017252],[111.114341854647066,-8.222482507882196],[111.114340266699884,-8.222484044935143],[111.11433867736605,-8.222485592177531],[111.114337086763186,-8.222487149610799],[111.114335495008874,-8.222488717236384],[111.114333902220693,-8.222490295055723],[111.11433230851631,-8.222491883070258],[111.114330714013263,-8.222493481281427],[111.114329118829218,-8.222495089690668],[111.114327523081727,-8.222496708299417],[111.114325926888441,-8.222498337109116],[111.114324330366912,-8.222499976121203],[111.114322733634793,-8.222501625337113],[111.114321136809679,-8.22250328475829],[111.11431954000912,-8.222504954386165],[111.114317943350798,-8.222506634222183],[111.114316346952279,-8.222508324267782],[111.114314750931186,-8.2225100245244],[111.114313155405114,-8.222511734993473],[111.114311560491643,-8.222513455676442],[111.114309966308383,-8.222515186574743],[111.114308372972999,-8.222516927689819],[111.114306780603016,-8.222518679023105],[111.114305189316099,-8.222520440576039],[111.114303599229828,-8.222522212350061],[111.114302010461813,-8.222523994346609],[111.114300423129635,-8.222525786567124],[111.114298837350944,-8.22252758901304],[111.114297253243279,-8.222529401685799],[111.114295670924292,-8.222531224586838],[111.114294090511578,-8.222533057717595],[111.114292512122745,-8.222534901079509],[111.114290935875403,-8.222536754674019],[111.114289361887131,-8.222538618502563],[111.114287790275554,-8.22254049256658],[111.114286221158267,-8.222542376867509],[111.114284654652892,-8.222544271406788],[111.114283090877009,-8.222546176185853],[111.114281529948244,-8.222548091206146],[111.114279971984189,-8.222550016469105],[111.11427841710244,-8.222551951976168],[111.114276865420635,-8.222553897728771],[111.114275317056325,-8.222555853728355],[111.114273772127177,-8.222557819976362],[111.114272230750757,-8.222559796474224],[111.114270693044659,-8.222561783223384],[111.114269159126522,-8.222563780225276],[111.114267629113925,-8.222565787481344],[111.114266103124507,-8.222567804993023],[111.114264581275819,-8.222569832761751],[111.114263063685513,-8.222571870788968],[111.114261550471156,-8.222573919076115],[111.114260041750384,-8.222575977624626],[111.114258537640779,-8.22257804643594],[111.11425703825995,-8.222580125511499],[111.114255543725534,-8.222582214852739],[111.114254054155069,-8.222584314461098],[111.114252569666235,-8.222586424338015],[111.11425109037657,-8.22258854448493],[111.114249616403725,-8.22259067490328],[111.114248147865297,-8.222592815594506],[111.114246684878864,-8.222594966560042],[111.114245227562066,-8.222597127801329],[111.114243776032453,-8.222599299319805],[111.114242330407691,-8.222601481116907],[111.114240890805362,-8.222603673194081],[111.114239457343061,-8.222605875552755],[111.114238030138409,-8.222608088194374],[111.114236609308989,-8.222610311120377],[111.114235194972437,-8.222612544332197],[111.11423378724632,-8.222614787831279],[111.114232386248261,-8.222617041619056],[111.114230992095855,-8.222619305696972],[111.11422960490674,-8.222621580066459],[111.114228224798495,-8.222623864728961],[111.114226851888674,-8.222626159685912],[111.114225486294998,-8.222628464938756],[111.114224128134964,-8.222630780488927],[111.114222777526237,-8.222633106337867],[111.114221434586426,-8.222635442487009],[111.114220099433055,-8.222637788937798],[111.114218772183833,-8.222640145691667],[111.114217452956325,-8.22264251275006],[111.114216141868098,-8.22264489011441],[111.114214839036805,-8.222647277786159],[111.114213544580025,-8.222649675766743],[111.114212258615368,-8.222652084057604],[111.114210981260428,-8.222654502660179],[111.114209712632857,-8.222656931575905],[111.114208452850221,-8.222659370806218],[111.114207202030087,-8.222661820352565],[111.114205960290121,-8.222664280216378],[111.114204727747932,-8.222666750399098],[111.114203504521086,-8.222669230902161],[111.114202290727192,-8.222671721727007],[111.114201086483874,-8.222674222875074],[111.114199891908726,-8.222676734347804],[111.114198707119328,-8.22267925614663],[111.114197532233334,-8.222681788272993],[111.114196367368351,-8.222684330728335],[111.114195212641889,-8.222686883514086],[111.114194068171656,-8.222689446631692],[111.11419293407522,-8.22269202008259],[111.114191810470203,-8.222694603868218],[111.114190697474157,-8.222697197990012],[111.114189595204778,-8.222699802449414],[111.114188503779559,-8.222702417247859],[111.114187423316181,-8.222705042386792],[111.114186353932212,-8.222707677867643],[111.114185295745301,-8.222710323691857],[111.114184248872988,-8.222712979860869],[111.114183213432966,-8.222715646376118],[111.114182189542731,-8.222718323239043],[111.114181177319963,-8.222721010451085],[111.114180176882243,-8.222723708013678],[111.114179188347194,-8.222726415928264],[111.114178211832396,-8.222729134196278],[111.114177247455459,-8.222731862819163],[111.114176295334005,-8.222734601798354],[111.114175355585601,-8.222737351135292],[111.114174428327885,-8.222740110831413],[111.11417351367848,-8.222742880888157],[111.114172611754938,-8.222745661306964],[111.114171722674868,-8.222748452089268],[111.114170846555936,-8.222751253236511],[111.114169983515694,-8.222754064750131],[111.114169133671737,-8.222756886631567],[111.114168297141703,-8.222759718882255],[111.114167474043185,-8.222762561503636],[111.11416666449378,-8.222765414497148],[111.114165868611138,-8.222768277864228],[111.114165086512784,-8.222771151606318],[111.114164318316355,-8.222774035724852],[111.114163564139488,-8.222776930221272],[111.114162824099751,-8.222779835097016],[111.114162098314765,-8.22278275035352],[111.11416138690214,-8.222785675992226],[111.114160689979443,-8.22278861201457],[111.114160007664324,-8.22279155842199],[111.114159340074366,-8.222794515215927],[111.114158687327176,-8.222797482397818],[111.114158049540379,-8.2228004599691],[111.114157426831525,-8.222803447931218],[111.114156819318268,-8.222806446285603],[111.114156227118201,-8.222809455033698],[111.114155650348934,-8.222812474176937],[111.114155089128047,-8.222815503716761],[111.114154543573164,-8.222818543654611],[111.114154013801908,-8.222821593991922],[111.114153499931831,-8.222824654730136],[111.114153002080585,-8.222827725870687],[111.114152520365749,-8.222830807415018],[111.114152054904949,-8.222833899364563],[111.114151605815763,-8.222837001720766],[111.114151173215816,-8.222840114485058],[111.114150757222689,-8.222843237658887],[111.114150357954045,-8.222846371243682],[111.114149975527425,-8.222849515240886],[111.114149610060437,-8.222852669651939],[111.114149261670718,-8.222855834478279],[111.114148930475864,-8.22285900972134],[111.114148616593482,-8.222862195382566],[111.114148320141126,-8.222865391463394],[111.114148041236461,-8.222868597965261],[111.114147779997083,-8.222871814889608],[111.1141475365406,-8.22287504223787],[111.114147310984592,-8.222878280011489],[111.114147103446697,-8.2228815282119],[111.114146914044454,-8.222884786840547],[111.114146742895514,-8.22288805589886],[111.1141465901175,-8.222891335388285],[111.114146455827992,-8.222894625310257],[111.114146340144586,-8.222897925666217],[111.114146243184905,-8.2229012364576],[111.114146165066558,-8.222904557685849],[111.114146105907125,-8.222907889352399],[111.114146065824229,-8.222911231458689],[111.114146044935481,-8.222914584006157],[111.114146043358446,-8.222917946996246],[111.114146061210775,-8.222921320430387],[111.114146098610036,-8.222924704310024],[111.114146155673879,-8.222928098636592],[111.114146232519857,-8.222931503411534],[111.114146329265608,-8.222934918636287],[111.114146446028741,-8.222938344312286],[111.114146582926821,-8.222941780440975],[111.114146740077473,-8.222945227023787],[111.114146917598333,-8.222948684062162],[111.114147115606954,-8.222952151557543],[111.114147334220974,-8.222955629511361],[111.114147573557986,-8.222959117925061],[111.114147833735601,-8.22296261680008],[111.114148114871426,-8.222966126137853],[111.114148417083058,-8.222969645939823],[111.114148740488105,-8.222973176207427],[111.114149085204161,-8.222976716942101],[111.114149451348823,-8.222980268145287],[111.114149839039754,-8.222983829818423],[111.114150248394481,-8.222987401962943],[111.114150679530653,-8.222990984580294],[111.11415113256588,-8.222994577671907],[111.114151607617714,-8.222998181239223],[111.114152104803821,-8.223001795283681],[111.114152624241768,-8.22300541980672],[111.114153166049206,-8.223009054809774],[111.114153730343673,-8.223012700294287],[111.114154317242836,-8.223016356261697],[111.114154926864259,-8.22302002271344],[111.114155559325539,-8.223023699650955]]]}},
{"type":"Feature","properties":{"id":null},"geometry":{"type":"MultiLineString","coordinates":[[[111.114069703267802,-8.223522209702216],[111.114069703267802,-8.223522245042105],[111.114069703267802,-8.223522350799504],[111.114069703267802,-8.223522526581018],[111.114069703267802,-8.223522771993263],[111.114069703267802,-8.223523086642832],[111.114069703267802,-8.223523470136335],[111.114069703267759,-8.223523922080386],[111.114069703267802,-8.223524442081585],[111.114069703267759,-8.223525029746535],[111.114069703267802,-8.223525684681848],[111.114069703267802,-8.223526406494125],[111.114069703267802,-8.223527194789979],[111.114069703267802,-8.223528049176007],[111.114069703267802,-8.223528969258822],[111.114069703267802,-8.223529954645027],[111.114069703267802,-8.223531004941231],[111.114069703267759,-8.223532119754035],[111.114069703267802,-8.223533298690047],[111.114069703267759,-8.223534541355878],[111.114069703267802,-8.223535847358129],[111.114069703267802,-8.223537216303406],[111.114069703267802,-8.223538647798318],[111.114069703267802,-8.223540141449469],[111.114069703267802,-8.223541696863467],[111.114069703267802,-8.223543313646914],[111.114069703267802,-8.223544991406419],[111.114069703267802,-8.223546729748588],[111.11406970326783,-8.223548528280029],[111.114069703267759,-8.223550386607341],[111.114069703267802,-8.223552304337138],[111.114069703267788,-8.223554281076025],[111.114069703267802,-8.223556316430605],[111.114069703267802,-8.223558410007485],[111.114069703267802,-8.223560561413271],[111.114069703267802,-8.223562770254571],[111.114069703267802,-8.223565036137988],[111.114069703267802,-8.223567358670127],[111.114069703267816,-8.2235697374576],[111.114069703267759,-8.223572172107007],[111.114069703267802,-8.223574662224959],[111.114069703267788,-8.223577207418058],[111.114069703267802,-8.223579807292914],[111.114069703267802,-8.223582461456132],[111.114069703267802,-8.223585169514315],[111.114069703267802,-8.223587931074073],[111.114069703267802,-8.22359074574201],[111.114069703267802,-8.223593613124731],[111.114069703267802,-8.223596532828843],[111.114069703267802,-8.223599504460953],[111.11406970326783,-8.223602527627669],[111.114069703267802,-8.223605601935592],[111.114069703267802,-8.22360872699133],[111.114069703267802,-8.22361190240149],[111.114069703267802,-8.22361512777268],[111.114069703267802,-8.223618402711503],[111.114069703267802,-8.223621726824566],[111.114069703267802,-8.223625099718477],[111.114069703267802,-8.223628520999839],[111.114069703267802,-8.223631990275258],[111.114069703267802,-8.223635507151343],[111.114069703267788,-8.223639071234697],[111.114069703267802,-8.223642682131928],[111.114069703267802,-8.223646339449642],[111.114069703267802,-8.223650042794445],[111.114069703267802,-8.223653791772943],[111.114069703267802,-8.223657585991742],[111.114069703267802,-8.223661425057447],[111.114069703267802,-8.223665308576663],[111.114069703267802,-8.223669236156002],[111.114069703267816,-8.223673207402065],[111.114069703267802,-8.223677221921459],[111.11406970326783,-8.223681279320793],[111.114069703267802,-8.223685379206666],[111.114069703267802,-8.22368952118569],[111.114069703267802,-8.223693704864466],[111.114069703267802,-8.223697929849608],[111.114069703267802,-8.22370219574772],[111.114069703267802,-8.223706502165403],[111.114069703267802,-8.223710848709265],[111.114069703267802,-8.223715234985914],[111.114069703267802,-8.223719660601954],[111.114069703267802,-8.223724125163994],[111.114069703267788,-8.223728628278636],[111.114069703267802,-8.223733169552489],[111.114069703267802,-8.223737748592157],[111.114069703267802,-8.22374236500425],[111.114069703267802,-8.223747018395374],[111.114069703267802,-8.223751708372127],[111.114069703267802,-8.223756434541123],[111.114069703267802,-8.223761196508967],[111.114069703267802,-8.223765993882264],[111.114069703267802,-8.223770826267618],[111.114069703267802,-8.223775693271639],[111.114069703267802,-8.223780594500932],[111.114069703267802,-8.223785529562097],[111.114069703267802,-8.223790498061749],[111.114069703267816,-8.223795499606489],[111.114069703267802,-8.223800533802928],[111.114069703267802,-8.223805600257663],[111.114069703267802,-8.223810698577308],[111.114069703267802,-8.223815828368465],[111.114069703267802,-8.223820989237744],[111.114069703267802,-8.223826180791749],[111.114069703267802,-8.223831402637085],[111.114069703267802,-8.223836654380358],[111.114069703267802,-8.223841935628176],[111.114069703267802,-8.223847245987145],[111.114069703267802,-8.223852585063867],[111.114069703267802,-8.223857952464956],[111.114069703267802,-8.22386334779701],[111.114069703267802,-8.223868770666641],[111.114069703267802,-8.223874220680452],[111.114069703267802,-8.223879697445048],[111.114069703267802,-8.223885200567036],[111.114069703267802,-8.223890729653025],[111.114069703267802,-8.223896284309619],[111.114069703267802,-8.223901864143423],[111.114069703267802,-8.223907468761043],[111.114069703267816,-8.223913097769087],[111.114069703267802,-8.22391875077416],[111.114069703267802,-8.223924427382869],[111.114069703267802,-8.223930127201816],[111.114069703267802,-8.223935849837614],[111.114069703267802,-8.223941594896866],[111.114069703267802,-8.223947361986177],[111.114069703267802,-8.223953150712152],[111.114069703267802,-8.223958960681397],[111.114069703267802,-8.223964791500523],[111.114069703267802,-8.223970642776131],[111.114069703267788,-8.223976514114829],[111.114069703267802,-8.223982405123225],[111.114069703267802,-8.223988315407922],[111.114069703267802,-8.223994244575529],[111.114069703267802,-8.224000192232648],[111.114069703267802,-8.22400615798589],[111.114069703267802,-8.224012141441854],[111.114069703267802,-8.224018142207154],[111.114069703267802,-8.224024159888394],[111.114069703267816,-8.224030194092174],[111.114069703267802,-8.224036244425108],[111.114069703267802,-8.224042310493797],[111.114069703267802,-8.224048391904851],[111.114069703267802,-8.224054488264871],[111.114069703267802,-8.224060599180465],[111.114069703267802,-8.224066724258243],[111.114069703267802,-8.224072863104809],[111.114069703267802,-8.224079015326769],[111.114069703267802,-8.224085180530725],[111.114069703267802,-8.224091358323289],[111.114069703267802,-8.224097548311061],[111.114069703267802,-8.224103750100653],[111.114069703267774,-8.22410996329867],[111.114069703267802,-8.224116187511715],[111.114069703267802,-8.224122422346397],[111.114069703267802,-8.224128667409321],[111.114069703267802,-8.224134922307094],[111.114069703267802,-8.224141186646319],[111.114069703267802,-8.224147460033606],[111.114069703267802,-8.224153742075556],[111.114069703267802,-8.224160032378784],[111.114069703267802,-8.224166330549885],[111.114069703267802,-8.224172636195473],[111.114069703267802,-8.224178948922152],[111.114069703267802,-8.224185268336527],[111.114069703267802,-8.224191594045202],[111.114069703267802,-8.224197925654789],[111.114069703267802,-8.224204262771888],[111.114069703267802,-8.224210605003112],[111.114069703267802,-8.224216951955059],[111.114069703267802,-8.224223303234341],[111.114069703267802,-8.224229658447562],[111.114069703267802,-8.224236017201328],[111.114069703267802,-8.224242379102247],[111.114069703267802,-8.22424874375692],[111.114069703267802,-8.22425511077196],[111.114069703267802,-8.224261479753968],[111.114069703267802,-8.224267850309552],[111.114069703267802,-8.22427422204532],[111.114069703267802,-8.224280594567876],[111.114069703267802,-8.224286967483822],[111.114069703267802,-8.22429334039977],[111.114069703267802,-8.224299712922326],[111.114069703267802,-8.224306084658091],[111.114069703267802,-8.224312455213674],[111.114069703267802,-8.224318824195681],[111.114069703267802,-8.224325191210722],[111.114069703267802,-8.224331555865398],[111.114069703267802,-8.224337917766315],[111.114069703267802,-8.224344276520082],[111.114069703267802,-8.224350631733303],[111.114069703267802,-8.224356983012585],[111.114069703267802,-8.224363329964536],[111.114069703267802,-8.224369672195756],[111.114069703267802,-8.224376009312856],[111.114069703267802,-8.224382340922443],[111.114069703267802,-8.224388666631121],[111.114069703267802,-8.224394986045493],[111.114069703267802,-8.224401298772172],[111.114069703267802,-8.224407604417758],[111.114069703267802,-8.224413902588864],[111.114069703267802,-8.224420192892087],[111.114069703267802,-8.224426474934038],[111.114069703267802,-8.224432748321325],[111.114069703267802,-8.22443901266055],[111.114069703267802,-8.224445267558322],[111.114069703267802,-8.224451512621245],[111.114069703267802,-8.224457747455928],[111.114069703267802,-8.224463971668975],[111.114069703267802,-8.224470184866989],[111.114069703267802,-8.224476386656583],[111.114069703267802,-8.224482576644355],[111.114069703267802,-8.224488754436919],[111.114069703267802,-8.224494919640875],[111.114069703267802,-8.224501071862836],[111.114069703267802,-8.224507210709399],[111.114069703267802,-8.224513335787179],[111.114069703267802,-8.224519446702775],[111.114069703267802,-8.224525543062796],[111.114069703267802,-8.224531624473848],[111.114069703267802,-8.224537690542537],[111.114069703267802,-8.22454374087547],[111.114069703267802,-8.224549775079252],[111.114069703267802,-8.224555792760491],[111.114069703267802,-8.22456179352579],[111.114069703267802,-8.224567776981754],[111.114069703267802,-8.224573742734995],[111.114069703267802,-8.224579690392115],[111.114069703267802,-8.22458561955972],[111.114069703267802,-8.224591529844417],[111.114069703267802,-8.224597420852813],[111.114069703267802,-8.224603292191512],[111.114069703267802,-8.22460914346712],[111.114069703267802,-8.224614974286247],[111.114069703267802,-8.224620784255492],[111.114069703267802,-8.224626572981471],[111.114069703267802,-8.22463234007078],[111.114069703267802,-8.224638085130028],[111.114069703267802,-8.224643807765828],[111.114069703267802,-8.224649507584775],[111.114069703267802,-8.224655184193486],[111.114069703267802,-8.224660837198558],[111.114069703267802,-8.224666466206603],[111.114069703267802,-8.224672070824223],[111.114069703267802,-8.224677650658027],[111.114069703267802,-8.224683205314617],[111.114069703267802,-8.224688734400607],[111.114069703267802,-8.224694237522597],[111.114069703267802,-8.224699714287192],[111.114069703267802,-8.224705164301003],[111.114069703267802,-8.224710587170634],[111.114069703267802,-8.224715982502689],[111.114069703267802,-8.224721349903774],[111.114069703267802,-8.224726688980498],[111.114069703267802,-8.224731999339468],[111.114069703267802,-8.224737280587286],[111.114069703267802,-8.224742532330559],[111.114069703267802,-8.224747754175896],[111.114069703267802,-8.2247529457299],[111.114069703267802,-8.224758106599179],[111.114069703267802,-8.22476323639034],[111.114069703267802,-8.224768334709982],[111.114069703267802,-8.224773401164718],[111.114069703267802,-8.224778435361156],[111.114069703267802,-8.224783436905897],[111.114069703267802,-8.224788405405548],[111.114069703267802,-8.224793340466714],[111.114069703267802,-8.224798241696007],[111.114069703267802,-8.224803108700026],[111.114069703267802,-8.224807941085382],[111.114069703267802,-8.224812738458676],[111.114069703267802,-8.22481750042652],[111.114069703267802,-8.224822226595515],[111.114069703267802,-8.224826916572271],[111.114069703267802,-8.224831569963392],[111.114069703267802,-8.224836186375484],[111.114069703267802,-8.224840765415154],[111.114069703267802,-8.224845306689009],[111.114069703267802,-8.224849809803651],[111.114069703267802,-8.22485427436569],[111.114069703267802,-8.224858699981731],[111.114069703267802,-8.224863086258381],[111.114069703267802,-8.224867432802242],[111.114069703267802,-8.224871739219925],[111.114069703267802,-8.224876005118034],[111.114069703267802,-8.224880230103176],[111.114069703267802,-8.224884413781956],[111.114069703267802,-8.22488855576098],[111.114069703267802,-8.224892655646855],[111.114069703267802,-8.224896713046185],[111.114069703267802,-8.224900727565579],[111.114069703267802,-8.224904698811642],[111.114069703267802,-8.224908626390979],[111.114069703267802,-8.224912509910197],[111.114069703267802,-8.224916348975905],[111.114069703267802,-8.224920143194703],[111.114069703267802,-8.224923892173198],[111.114069703267802,-8.224927595518002],[111.114069703267802,-8.224931252835717],[111.114069703267802,-8.224934863732946],[111.114069703267802,-8.224938427816301],[111.114069703267802,-8.224941944692386],[111.114069703267802,-8.224945413967806],[111.114069703267802,-8.224948835249167],[111.114069703267802,-8.224952208143078],[111.114069703267802,-8.224955532256139],[111.114069703267802,-8.224958807194964],[111.114069703267802,-8.224962032566152],[111.114069703267802,-8.224965207976314],[111.114069703267802,-8.224968333032054],[111.114069703267802,-8.224971407339977],[111.114069703267802,-8.224974430506691],[111.114069703267802,-8.224977402138801],[111.114069703267802,-8.224980321842914],[111.114069703267802,-8.224983189225634],[111.114069703267802,-8.224986003893573],[111.114069703267802,-8.224988765453329],[111.114069703267802,-8.224991473511512],[111.114069703267802,-8.224994127674728],[111.114069703267802,-8.224996727549584],[111.114069703267802,-8.224999272742686],[111.114069703267802,-8.225001762860638],[111.114069703267802,-8.225004197510046],[111.114069703267802,-8.225006576297517],[111.114069703267802,-8.225008898829659],[111.114069703267802,-8.225011164713075],[111.114069703267802,-8.225013373554374],[111.114069703267802,-8.22501552496016],[111.114069703267802,-8.225017618537041],[111.114069703267802,-8.22501965389162],[111.114069703267802,-8.225021630630502],[111.114069703267802,-8.225023548360301],[111.114069703267802,-8.225025406687616],[111.114069703267802,-8.225027205219057],[111.114069703267802,-8.225028943561226],[111.114069703267802,-8.22503062132073],[111.114069703267802,-8.225032238104179],[111.114069703267802,-8.225033793518175],[111.114069703267802,-8.225035287169327],[111.114069703267802,-8.225036718664237],[111.114069703267802,-8.225038087609516],[111.114069703267802,-8.225039393611764],[111.114069703267802,-8.225040636277594],[111.114069703267802,-8.22504181521361],[111.114069703267802,-8.225042930026415],[111.114069703267802,-8.225043980322617],[111.114069703267802,-8.225044965708822],[111.114069703267802,-8.225045885791639],[111.114069703267802,-8.225046740177666],[111.114069703267802,-8.225047528473519],[111.114069703267802,-8.225048250285797],[111.114069703267802,-8.225048905221112],[111.114069703267802,-8.225049492886061],[111.114069703267802,-8.225050012887257],[111.114069703267802,-8.225050464831307],[111.114069703267802,-8.225050848324814],[111.114069703267802,-8.225051162974385],[111.114069703267802,-8.225051408386626],[111.114069703267802,-8.225051584168142],[111.114069703267802,-8.225051689925543],[111.114069703267802,-8.225051725265429]]]}},
{"type":"Feature","properties":{"id":null},"geometry":{"type":"MultiLineString","coordinates":[[[111.107658599999979,-8.2292194],[111.107658594731973,-8.229219424625608],[111.10765857896709,-8.229219498319683],[111.107658552763866,-8.229219620808101],[111.107658516181047,-8.229219791816734],[111.107658469277254,-8.229220011071458],[111.107658412111093,-8.229220278298145],[111.107658344741225,-8.229220593222674],[111.107658267226284,-8.229220955570913],[111.107658179624977,-8.229221365068748],[111.107658081995865,-8.229221821442042],[111.107657974397625,-8.229222324416673],[111.107657856888864,-8.229222873718516],[111.10765772952827,-8.229223469073446],[111.107657592374466,-8.229224110207337],[111.107657445486097,-8.229224796846063],[111.107657288921814,-8.229225528715499],[111.107657122740193,-8.229226305541518],[111.107656946999953,-8.229227127049999],[111.107656761759756,-8.229227992966809],[111.107656567078166,-8.229228903017829],[111.107656363013874,-8.229229856928933],[111.107656149625498,-8.229230854425992],[111.107655926971674,-8.229231895234882],[111.107655695111106,-8.229232979081479],[111.107655454102343,-8.229234105691656],[111.107655204004104,-8.229235274791288],[111.107654944874994,-8.229236486106249],[111.107654676773649,-8.229237739362413],[111.107654399758715,-8.229239034285653],[111.10765411388887,-8.22924037060185],[111.107653819222705,-8.229241748036872],[111.107653515818896,-8.229243166316596],[111.107653203736078,-8.229244625166896],[111.107652883032898,-8.229246124313647],[111.107652553767991,-8.229247663482724],[111.107652215999977,-8.229249242399998],[111.107651869787531,-8.229250860791348],[111.107651515189289,-8.229252518382646],[111.107651152263855,-8.229254214899765],[111.107650781069921,-8.229255950068584],[111.10765040166612,-8.229257723614975],[111.107650014111073,-8.229259535264813],[111.107649618463455,-8.229261384743971],[111.107649214781873,-8.229263271778324],[111.107648803125002,-8.229265196093747],[111.107648383551407,-8.229267157416116],[111.107647956119848,-8.229269155471302],[111.107647520888889,-8.229271189985184],[111.107647077917164,-8.22927326068363],[111.107646627263364,-8.229275367292523],[111.107646168986093,-8.229277509537729],[111.107645703144016,-8.22927968714513],[111.10764522979575,-8.229281899840593],[111.107644748999974,-8.229284147349999],[111.107644260815306,-8.229286429399219],[111.107643765300395,-8.229288745714127],[111.107643262513861,-8.229291096020599],[111.107642752514394,-8.229293480044513],[111.107642235360586,-8.229295897511735],[111.107641711111086,-8.229298348148147],[111.10764117982454,-8.229300831679618],[111.107640641559641,-8.229303347832028],[111.107640096374979,-8.229305896331248],[111.107639544329189,-8.229308476903153],[111.107638985480946,-8.229311089273617],[111.107638419888858,-8.229313733168516],[111.107637847611599,-8.229316408313723],[111.107637268707805,-8.229319114435114],[111.10763668323608,-8.229321851258563],[111.107636091255131,-8.229324618509946],[111.107635492823547,-8.229327415915131],[111.107634888,-8.2293302432],[111.1076342768431,-8.229333100090424],[111.107633659411505,-8.229335986312277],[111.107633035763854,-8.229338901591433],[111.107632405958825,-8.229341845653771],[111.107631770055022,-8.229344818225162],[111.107631128111095,-8.229347819031478],[111.107630480185676,-8.229350847798601],[111.10762982633743,-8.229353904252397],[111.107629166624989,-8.229356988118749],[111.107628501107001,-8.229360099123523],[111.107627829842059,-8.229363236992597],[111.107627152888853,-8.229366401451848],[111.107626470306045,-8.229369592227149],[111.10762578215224,-8.229372809044374],[111.107625088486088,-8.229376051629394],[111.107624389366222,-8.229379319708091],[111.107623684851319,-8.229382613006335],[111.107622974999984,-8.229385931249997],[111.107622259870865,-8.229389274164959],[111.107621539522626,-8.229392641477091],[111.10762081401387,-8.229396032912268],[111.10762008340329,-8.229399448196364],[111.107619347749477,-8.229402887055254],[111.107618607111121,-8.229406349214814],[111.107617861546814,-8.229409834400917],[111.107617111115218,-8.229413342339436],[111.107616355874981,-8.229416872756248],[111.107615595884752,-8.229420425377228],[111.107614831203179,-8.229423999928247],[111.107614061888853,-8.229427596135183],[111.107613288000493,-8.22943121372391],[111.107612509596692,-8.229434852420301],[111.107611726736081,-8.229438511950228],[111.107610939477354,-8.229442192039572],[111.107610147879072,-8.229445892414203],[111.107609351999955,-8.229449612799998],[111.107608551898622,-8.229453352922828],[111.107607747633722,-8.229457112508571],[111.107606939263889,-8.2294608912831],[111.107606126847713,-8.229464688972289],[111.107605310443915,-8.229468505302012],[111.107604490111086,-8.229472339998146],[111.107603665907902,-8.229476192786564],[111.107602837893012,-8.22948006339314],[111.107602006124992,-8.229483951543751],[111.107601170662548,-8.229487856964266],[111.107600331564299,-8.229491779380563],[111.107599488888894,-8.229495718518518],[111.107598642694924,-8.229499674104002],[111.107597793041123,-8.229503645862893],[111.107596939986095,-8.229507633521063],[111.107596083588476,-8.229511636804387],[111.10759522390687,-8.229515655438743],[111.107594360999968,-8.229519689149999],[111.107593494926419,-8.229523737664032],[111.107592625744829,-8.22952780070672],[111.107591753513873,-8.229531878003932],[111.107590878292172,-8.229535969281548],[111.107590000138345,-8.229540074265438],[111.107589119111083,-8.229544192681479],[111.10758823526902,-8.229548324255545],[111.107587348670762,-8.229552468713511],[111.107586459374971,-8.22955662578125],[111.10758556744031,-8.229560795184634],[111.107584672925412,-8.229564976649543],[111.107583775888884,-8.229569169901851],[111.107582876389401,-8.229573374667428],[111.107581974485583,-8.229577590672152],[111.107581070236108,-8.229581817641897],[111.107580163699595,-8.229586055302537],[111.107579254934677,-8.229590303379947],[111.107578344,-8.229594561599999],[111.107577430954194,-8.22959882968857],[111.107576515855939,-8.229603107371535],[111.107575598763873,-8.229607394374767],[111.107574679736601,-8.229611690424141],[111.1075737588328,-8.229615995245531],[111.107572836111075,-8.229620308564812],[111.107571911630117,-8.22962463010786],[111.107570985448518,-8.229628959600547],[111.107570057624969,-8.229633296768748],[111.107569128218074,-8.229637641338337],[111.107568197286511,-8.229641993035193],[111.107567264888885,-8.229646351585185],[111.107566331083831,-8.229650716714188],[111.10756539593001,-8.229655088148078],[111.107564459486099,-8.229659465612729],[111.107563521810675,-8.229663848834019],[111.107562582962458,-8.229668237537817],[111.107561643,-8.229672631450001],[111.107560701981981,-8.229677030296443],[111.107559759967074,-8.229681433803018],[111.107558817013881,-8.229685841695602],[111.107557873181037,-8.229690253700067],[111.107556928527259,-8.22969466954229],[111.107555983111098,-8.229699088948147],[111.107555036991243,-8.229703511643509],[111.107554090226316,-8.229707937354251],[111.107553142874991,-8.22971236580625],[111.107552194995861,-8.229716796725373],[111.107551246647589,-8.229721229837505],[111.107550297888849,-8.229725664868518],[111.107549348778264,-8.229730101544281],[111.107548399374451,-8.22973453959067],[111.107547449736089,-8.229738978733563],[111.107546499921796,-8.229743418698831],[111.107545549990206,-8.229747859212353],[111.107544599999983,-8.2297523],[111.107543650009774,-8.229756740787645],[111.10754270007817,-8.229761181301164],[111.107541750263863,-8.229765621266434],[111.107540800625486,-8.229770060409326],[111.107539851221702,-8.229774498455717],[111.107538902111102,-8.229778935131479],[111.107537953352349,-8.22978337016249],[111.107537005004104,-8.229787803274622],[111.107536057124975,-8.229792234193749],[111.10753510977365,-8.229796662645747],[111.107534163008722,-8.229801088356488],[111.107533216888868,-8.22980551105185],[111.107532271472706,-8.229809930457705],[111.107531326818915,-8.22981434629993],[111.107530382986084,-8.229818758304397],[111.107529440032906,-8.229823166196981],[111.107528498017984,-8.229827569703556],[111.107527556999969,-8.229831968549998],[111.107526617037536,-8.229836362462182],[111.10752567818929,-8.22984075116598],[111.107524740513867,-8.229845134387267],[111.107523804069942,-8.229849511851921],[111.107522868916135,-8.229853883285809],[111.107521935111095,-8.229858248414814],[111.107521002713455,-8.229862606964804],[111.107520071781877,-8.22986695866166],[111.107519142374983,-8.229871303231249],[111.107518214551419,-8.229875640399451],[111.107517288369849,-8.229879969892137],[111.107516363888863,-8.229884291435186],[111.107515441167152,-8.229888604754466],[111.107514520263365,-8.229892909575856],[111.107513601236093,-8.229897205625228],[111.107512684144027,-8.229901492628462],[111.107511769045772,-8.229905770311426],[111.107510855999976,-8.229910038399998],[111.107509945065303,-8.229914296620052],[111.107509036300385,-8.229918544697462],[111.107508129763872,-8.229922782358098],[111.107507225514397,-8.229927009327845],[111.107506323610579,-8.229931225332569],[111.107505424111082,-8.229935430098147],[111.107504527074582,-8.229939623350454],[111.107503632559656,-8.229943804815363],[111.107502740624994,-8.229947974218749],[111.107501851329204,-8.229952131286488],[111.107500964730946,-8.229956275744453],[111.107500080888883,-8.229960407318517],[111.107499199861621,-8.229964525734559],[111.107498321707794,-8.229968630718449],[111.107497446486093,-8.229972721996063],[111.107496574255123,-8.229976799293278],[111.107495705073546,-8.229980862335964],[111.107494839,-8.229984910849998],[111.107493976093082,-8.229988944561255],[111.10749311641149,-8.229992963195608],[111.107492260013871,-8.229996966478932],[111.107491406958815,-8.230000954137104],[111.107490557305013,-8.230004925895994],[111.107489711111086,-8.230008881481481],[111.107488868435695,-8.230012820619436],[111.107488029337446,-8.230016743035733],[111.107487193874988,-8.23002064845625],[111.107486362106982,-8.230024536606857],[111.107485534092064,-8.230028407213434],[111.107484709888865,-8.230032260001851],[111.10748388955605,-8.230036094697985],[111.107483073152252,-8.230039911027708],[111.107482260736077,-8.230043708716897],[111.107481452366244,-8.230047487491426],[111.10748064810133,-8.230051247077169],[111.107479847999969,-8.230054987199999],[111.107479052120866,-8.230058707585794],[111.107478260522626,-8.230062407960425],[111.10747747326387,-8.230066088049767],[111.10747669040326,-8.230069747579696],[111.107475911999472,-8.230073386276088],[111.107475138111084,-8.230077003864814],[111.107474368796787,-8.23008060007175],[111.107473604115214,-8.230084174622771],[111.107472844124985,-8.230087727243751],[111.107472088884776,-8.230091257660561],[111.10747133845318,-8.23009476559908],[111.107470592888887,-8.230098250785185],[111.107469852250489,-8.230101712944744],[111.107469116596675,-8.230105151803635],[111.107468385986095,-8.230108567087731],[111.107467660477354,-8.230111958522908],[111.1074669401291,-8.230115325835039],[111.107466224999982,-8.23011866875],[111.107465515148647,-8.230121986993662],[111.107464810633729,-8.230125280291904],[111.107464111513877,-8.230128548370599],[111.107463417847725,-8.230131790955623],[111.107462729693921,-8.230135007772846],[111.107462047111085,-8.230138198548147],[111.107461370157907,-8.230141363007398],[111.107460698892979,-8.230144500876474],[111.107460033374991,-8.230147611881248],[111.107459373662536,-8.230150695747598],[111.107458719814289,-8.230153752201396],[111.107458071888885,-8.230156780968517],[111.107457429944958,-8.230159781774836],[111.107456794041141,-8.230162754346225],[111.107456164236112,-8.230165698408564],[111.107455540588461,-8.230168613687722],[111.107454923156865,-8.230171499909574],[111.107454311999987,-8.230174356799999],[111.107453707176418,-8.230177184084866],[111.107453108744835,-8.230179981490055],[111.107452516763871,-8.230182748741434],[111.107451931292161,-8.230185485564881],[111.107451352388352,-8.230188191686274],[111.107450780111094,-8.23019086683148],[111.107450214519019,-8.230193510726378],[111.107449655670777,-8.230196123096844],[111.107449103624987,-8.230198703668748],[111.107448558440311,-8.230201252167969],[111.107448020175397,-8.230203768320377],[111.10744748888888,-8.23020625185185],[111.107446964639379,-8.230208702488262],[111.107446447485586,-8.230211119955486],[111.107445937486091,-8.230213503979398],[111.107445434699571,-8.23021585428587],[111.10744493918466,-8.230218170600779],[111.107444450999978,-8.230220452649998],[111.107443970204201,-8.230222700159404],[111.10744349685595,-8.230224912854869],[111.107443031013872,-8.230227090462268],[111.107442572736602,-8.230229232707476],[111.107442122082801,-8.230231339316365],[111.107441679111105,-8.230233410014815],[111.107441243880146,-8.230235444528693],[111.107440816448545,-8.230237442583881],[111.107440396874964,-8.23023940390625],[111.107439985218093,-8.230241328221673],[111.107439581536497,-8.230243215256026],[111.107439185888879,-8.230245064735184],[111.107438798333831,-8.230246876385021],[111.107438418930045,-8.230248649931411],[111.107438047736082,-8.230250385100231],[111.107437684810677,-8.230252081617351],[111.107437330212434,-8.230253739208651],[111.107436983999989,-8.230255357600001],[111.107436646231974,-8.230256936517275],[111.107436316967053,-8.23025847568635],[111.10743599626386,-8.230259974833102],[111.107435684181056,-8.230261433683403],[111.107435380777247,-8.230262851963126],[111.107435086111096,-8.230264229398147],[111.107434800241236,-8.23026556571434],[111.107434523226317,-8.230266860637585],[111.107434255125,-8.230268113893748],[111.107433995995876,-8.23026932520871],[111.107433745897623,-8.230270494308341],[111.107433504888874,-8.230271620918517],[111.107433273028278,-8.230272704765113],[111.107433050374468,-8.230273745574003],[111.107432836986092,-8.230274743071064],[111.1074326329218,-8.230275696982165],[111.10743243824021,-8.230276607033186],[111.107432252999985,-8.230277472949998],[111.107432077259759,-8.230278294458479],[111.10743191107818,-8.230279071284498],[111.107431754513868,-8.230279803153934],[111.107431607625486,-8.23028048979266],[111.107431470471695,-8.230281130926551],[111.107431343111088,-8.230281726281481],[111.107431225602369,-8.230282275583322],[111.107431118004101,-8.230282778557957],[111.107431020374989,-8.230283234931248],[111.107430932773653,-8.230283644429083],[111.107430855258741,-8.230284006777323],[111.107430787888873,-8.230284321701852],[111.107430730722712,-8.230284588928541],[111.107430683818905,-8.230284808183264],[111.1074306472361,-8.230284979191897],[111.107430621032904,-8.230285101680314],[111.107430605267993,-8.230285175374391],[111.107430599999986,-8.2302852]]]}},
{"type":"Feature","properties":{"id":null},"geometry":{"type":"MultiLineString","coordinates":[[[111.107827599999979,-8.2309502],[111.107827611464813,-8.230950194295309],[111.107827645774279,-8.23095017722356],[111.107827702800691,-8.230950148848265],[111.107827782416436,-8.230950109232921],[111.107827884493958,-8.230950058441039],[111.107828008905514,-8.230949996536111],[111.107828155523592,-8.230949923581647],[111.107828324220549,-8.230949839641154],[111.107828514868729,-8.230949744778123],[111.107828727340518,-8.230949639056069],[111.107828961508275,-8.230949522538491],[111.107829217244415,-8.23094939528889],[111.107829494421296,-8.230949257370769],[111.107829792911303,-8.230949108847636],[111.107830112586797,-8.230948949782986],[111.107830453320148,-8.230948780240331],[111.107830814983714,-8.230948600283167],[111.107831197449983,-8.230948409974999],[111.107831600591211,-8.230948209379333],[111.107832024279816,-8.230947998559671],[111.107832468388168,-8.230947777579514],[111.107832932788654,-8.230947546502366],[111.10783341735366,-8.230947305391732],[111.107833921955546,-8.230947054311111],[111.107834446466669,-8.230946793324012],[111.107834990759443,-8.23094652249393],[111.107835554706256,-8.230946241884375],[111.107836138179422,-8.23094595155885],[111.107836741051315,-8.230945651580852],[111.10783736319442,-8.230945342013889],[111.107838004481025,-8.230945022921464],[111.107838664783515,-8.230944694367079],[111.107839343974263,-8.230944356414238],[111.107840041925684,-8.230944009126441],[111.10784075851015,-8.230943652567195],[111.107841493599992,-8.230943286800001],[111.107842247067609,-8.230942911888363],[111.107843018785374,-8.230942527895783],[111.107843808625645,-8.230942134885764],[111.107844616460881,-8.230941732921812],[111.107845442163381,-8.230941322067425],[111.107846285605518,-8.230940902386111],[111.107847146659722,-8.23094047394137],[111.107848025198322,-8.230940036796708],[111.107848921093733,-8.230939591015625],[111.1078498342183,-8.230939136661625],[111.107850764444407,-8.230938673798214],[111.107851711644429,-8.230938202488892],[111.107852675690751,-8.23093772279716],[111.10785365645576,-8.230937234786525],[111.107854653811785,-8.230936738520487],[111.10785566763127,-8.230936234062552],[111.107856697786531,-8.230935721476222],[111.107857744149968,-8.230935200825],[111.107858806593967,-8.23093467217239],[111.107859884990916,-8.230934135581894],[111.107860979213172,-8.230933591117013],[111.107862089133121,-8.230933038841256],[111.107863214623109,-8.23093247881812],[111.107864355555535,-8.230931911111114],[111.107865511802757,-8.230931335783731],[111.107866683237205,-8.230930752899484],[111.107867869731209,-8.230930162521874],[111.107869071157154,-8.230929564714403],[111.107870287387428,-8.230928959540574],[111.107871518294417,-8.230928347063889],[111.107872763750464,-8.230927727347852],[111.107874023627971,-8.230927100455967],[111.107875297799282,-8.230926466451738],[111.107876586136811,-8.230925825398664],[111.107877888512931,-8.230925177360252],[111.1078792048,-8.2309245224],[111.10788053487039,-8.230923860581418],[111.107881878596501,-8.230923191968007],[111.107883235850665,-8.230922516623263],[111.107884606505323,-8.230921834610699],[111.107885990432806,-8.230921145993815],[111.107887387505528,-8.230920450836111],[111.107888797595834,-8.230919749201092],[111.107890220576124,-8.230919041152264],[111.107891656318742,-8.230918326753127],[111.107893104696061,-8.230917606067182],[111.10789456558048,-8.230916879157935],[111.107896038844416,-8.230916146088889],[111.107897524360183,-8.230915406923547],[111.107899022000169,-8.230914661725411],[111.107900531636787,-8.230913910557986],[111.107902053142354,-8.230913153484774],[111.107903586389327,-8.230912390569276],[111.107905131249993,-8.230911621875],[111.107906687596753,-8.230910847465445],[111.107908255302036,-8.230910067404116],[111.1079098342382,-8.230909281754515],[111.10791142427756,-8.230908490580145],[111.107913025292561,-8.230907693944509],[111.107914637155545,-8.230906891911113],[111.107916259738914,-8.230906084543456],[111.107917892915026,-8.230905271905044],[111.10791953655621,-8.230904454059376],[111.107921190534952,-8.230903631069959],[111.107922854723569,-8.230902803000296],[111.107924528994431,-8.230901969913891],[111.107926213219926,-8.230901131874241],[111.107927907272398,-8.230900288944856],[111.107929611024275,-8.230899441189235],[111.107931324347902,-8.230898588670883],[111.107933047115679,-8.230897731453306],[111.107934779199951,-8.2308968696],[111.107936520473146,-8.230896003174472],[111.107938270807594,-8.230895132240226],[111.107940030075696,-8.230894256860765],[111.107941798149767,-8.230893377099589],[111.107943574902265,-8.230892493020203],[111.10794536020552,-8.230891604686112],[111.107947153931946,-8.230890712160818],[111.107948955953901,-8.230889815507823],[111.107950766143745,-8.230888914790626],[111.107952584373876,-8.230888010072738],[111.107954410516641,-8.230887101417659],[111.107956244444438,-8.23088618888889],[111.107958086029626,-8.230885272549935],[111.107959935144635,-8.230884352464301],[111.107961791661779,-8.230883428695488],[111.107963655453474,-8.230882501306997],[111.107965526392093,-8.230881570362335],[111.107967404349978,-8.230880635925001],[111.107969289199517,-8.2308796980585],[111.107971180813109,-8.230878756826336],[111.107973079063157,-8.230877812292013],[111.107974983821975,-8.230876864519031],[111.107976894961965,-8.230875913570896],[111.107978812355526,-8.230874959511109],[111.107980735875017,-8.230874002403176],[111.107982665392768,-8.230873042310598],[111.107984600781208,-8.230872079296875],[111.107986541912737,-8.230871113425515],[111.107988488659672,-8.230870144760019],[111.10799044089444,-8.230869173363891],[111.107992398489387,-8.23086819930063],[111.107994361316869,-8.230867222633744],[111.107996329249303,-8.230866243426735],[111.107998302159046,-8.230865261743109],[111.108000279918485,-8.230864277646361],[111.108002262399978,-8.2308632912],[111.10800424947594,-8.230862302467528],[111.108006241018714,-8.230861311512449],[111.108008236900673,-8.230860318398264],[111.108010236994204,-8.230859323188479],[111.108012241171721,-8.230858325946592],[111.108014249305512,-8.23085732673611],[111.108016261268034,-8.230856325620536],[111.108018276931659,-8.230855322663373],[111.108020296168718,-8.230854317928124],[111.108022318851596,-8.230853311478292],[111.108024344852737,-8.230852303377379],[111.108026374044428,-8.23085129368889],[111.10802840629907,-8.230850282476325],[111.108030441489063,-8.230849269803189],[111.108032479486781,-8.230848255732987],[111.10803452016458,-8.230847240329219],[111.108036563394876,-8.230846223655389],[111.108038609049999,-8.230845205775001],[111.108040657002334,-8.230844186751558],[111.108042707124284,-8.230843166648562],[111.108044759288191,-8.230842145529516],[111.108046813366428,-8.230841123457923],[111.108048869231425,-8.230840100497288],[111.108050926755524,-8.230839076711112],[111.108052985811128,-8.230838052162898],[111.108055046270579,-8.230837026916152],[111.108057108006236,-8.230836001034374],[111.108059170890499,-8.230834974581068],[111.10806123479577,-8.230833947619738],[111.108063299594406,-8.230832920213889],[111.10806536515878,-8.230831892427018],[111.108067431361263,-8.230830864322634],[111.108069498074258,-8.230829835964236],[111.10807156517015,-8.23082880741533],[111.10807363252124,-8.230827778739418],[111.108075699999972,-8.23082675],[111.108077767478704,-8.230825721260583],[111.108079834829809,-8.230824692584672],[111.108081901925686,-8.230823664035764],[111.108083968638667,-8.230822635677365],[111.108086034841165,-8.230821607572981],[111.108088100405524,-8.230820579786112],[111.108090165204175,-8.230819552380261],[111.108092229109445,-8.230818525418929],[111.108094291993723,-8.230817498965624],[111.108096353729408,-8.230816473083848],[111.108098414188845,-8.230815447837102],[111.108100473244434,-8.230814423288891],[111.10810253076852,-8.230813399502713],[111.108104586633516,-8.230812376542078],[111.108106640711782,-8.230811354470486],[111.108108692875703,-8.230810333351441],[111.108110742997638,-8.230809313248445],[111.108112790949974,-8.230808294225],[111.108114836605097,-8.230807276344612],[111.108116879835364,-8.230806259670782],[111.108118920513164,-8.230805244267014],[111.108120958510881,-8.23080423019681],[111.108122993700874,-8.230803217523675],[111.10812502595553,-8.230802206311111],[111.108127055147236,-8.23080119662262],[111.108129081148334,-8.230800188521709],[111.108131103831241,-8.230799182071873],[111.108133123068285,-8.230798177336625],[111.108135138731882,-8.230797174379463],[111.108137150694418,-8.23079617326389],[111.108139158828251,-8.230795174053409],[111.10814116300574,-8.230794176811521],[111.108143163099299,-8.230793181601737],[111.108145158981259,-8.230792188487552],[111.108147150524033,-8.230791197532472],[111.108149137599995,-8.2307902088],[111.108151120081487,-8.230789222353639],[111.108153097840926,-8.230788238256892],[111.108155070750684,-8.230787256573265],[111.108157038683117,-8.230786277366256],[111.108159001510614,-8.23078530069937],[111.108160959105533,-8.23078432663611],[111.108162911340258,-8.230783355239984],[111.108164858087207,-8.230782386574486],[111.108166799218736,-8.230781420703126],[111.10816873460719,-8.230780457689404],[111.10817066412497,-8.230779497596822],[111.108172587644418,-8.23077854048889],[111.108174505037979,-8.230777586429102],[111.108176416177955,-8.230776635480968],[111.108178320936787,-8.230775687707986],[111.108180219186806,-8.230774743173663],[111.108182110800414,-8.230773801941499],[111.108183995649966,-8.230772864075],[111.10818587360788,-8.230771929637667],[111.10818774454647,-8.230770998693004],[111.108189608338179,-8.230770071304512],[111.108191464855338,-8.2307691475357],[111.108193313970332,-8.230768227450065],[111.108195155555535,-8.230767311111112],[111.108196989483346,-8.230766398582343],[111.10819881562611,-8.230765489927265],[111.108200633856228,-8.230764585209375],[111.108202444046057,-8.230763684492182],[111.108204246067999,-8.230762787839184],[111.108206039794425,-8.230761895313888],[111.108207825097679,-8.230761006979797],[111.108209601850177,-8.230760122900412],[111.108211369924291,-8.230759243139236],[111.108213129192364,-8.230758367759774],[111.108214879526798,-8.230757496825529],[111.108216620799979,-8.2307566304],[111.108218352884265,-8.230755768546695],[111.108220075652042,-8.230754911329116],[111.108221788975669,-8.230754058810763],[111.108223492727546,-8.230753211055143],[111.108225186780047,-8.23075236812576],[111.108226871005542,-8.230751530086112],[111.108228545276404,-8.230750696999705],[111.108230209465006,-8.230749868930042],[111.108231863443734,-8.230749045940625],[111.108233507084961,-8.230748228094958],[111.108235140261058,-8.230747415456547],[111.108236762844442,-8.230746608088889],[111.108238374707412,-8.230745806055491],[111.108239975722398,-8.230745009419856],[111.108241565761787,-8.230744218245487],[111.108243144697923,-8.230743432595885],[111.108244712403206,-8.230742652534556],[111.10824626874998,-8.230741878125],[111.108247813610646,-8.230741109430724],[111.10824934685759,-8.230740346515226],[111.108250868363172,-8.230739589442013],[111.108252377999762,-8.230738838274588],[111.108253875639761,-8.230738093076452],[111.108255361155543,-8.230737353911111],[111.10825683441945,-8.230736620842066],[111.108258295303898,-8.23073589393282],[111.108259743681245,-8.230735173246876],[111.108261179423863,-8.230734458847737],[111.108262602404125,-8.230733750798906],[111.108264012494431,-8.230733049163888],[111.108265409567139,-8.230732354006186],[111.108266793494636,-8.230731665389301],[111.10826816414928,-8.230730983376736],[111.108269521403486,-8.230730308031996],[111.108270865129583,-8.230729639418582],[111.108272195199959,-8.2307289776],[111.108273511487027,-8.230728322639752],[111.108274813863133,-8.230727674601338],[111.108276102200676,-8.230727033548263],[111.108277376371987,-8.230726399544034],[111.108278636249494,-8.230725772652148],[111.108279881705542,-8.230725152936111],[111.108281112612502,-8.230724540459427],[111.108282328842762,-8.230723935285596],[111.108283530268722,-8.230723337478125],[111.108284716762725,-8.230722747100515],[111.108285888197173,-8.230722164216269],[111.108287044444438,-8.230721588888889],[111.108288185376878,-8.23072102118188],[111.108289310866851,-8.230720461158745],[111.108290420786787,-8.230719908882987],[111.108291515009029,-8.230719364418107],[111.108292593405963,-8.230718827827609],[111.108293655849977,-8.230718299175001],[111.108294702213442,-8.230717778523779],[111.108295732368703,-8.230717265937448],[111.108296746188174,-8.230716761479513],[111.108297743544199,-8.230716265213477],[111.108298724309208,-8.230715777202843],[111.10829968835553,-8.230715297511111],[111.108300635555565,-8.230714826201787],[111.108301565781673,-8.230714363338373],[111.108302478906225,-8.230713908984374],[111.108303374801622,-8.230713463203291],[111.108304253340236,-8.230713026058631],[111.108305114394426,-8.23071259761389],[111.108305957836578,-8.230712177932576],[111.108306783539078,-8.230711767078189],[111.108307591374299,-8.230711365114237],[111.108308381214584,-8.230710972104218],[111.108309152932364,-8.23071058811164],[111.108309906399981,-8.2307102132],[111.108310641489823,-8.230709847432806],[111.108311358074261,-8.23070949087356],[111.108312056025682,-8.230709143585763],[111.108312735216444,-8.230708805632922],[111.108313395518934,-8.230708477078537],[111.108314036805524,-8.230708157986111],[111.108314658948615,-8.230707848419149],[111.10831526182055,-8.230707548441153],[111.108315845293731,-8.230707258115626],[111.108316409240516,-8.230706977506069],[111.108316953533276,-8.23070670667599],[111.108317478044427,-8.23070644568889],[111.108317982646298,-8.230706194608269],[111.108318467211291,-8.230705953497635],[111.108318931611777,-8.230705722420486],[111.108319375720143,-8.230705501440328],[111.108319799408747,-8.230705290620667],[111.108320202549976,-8.230705090025001],[111.108320585016216,-8.230704899716834],[111.108320946679825,-8.23070471975967],[111.108321287413176,-8.230704550217014],[111.108321607088669,-8.230704391152365],[111.108321905578663,-8.230704242629232],[111.108322182755543,-8.23070410471111],[111.108322438491683,-8.230703977461509],[111.108322672659426,-8.23070386094393],[111.10832288513123,-8.230703755221876],[111.108323075779396,-8.230703660358847],[111.108323244476338,-8.230703576418351],[111.108323391094416,-8.230703503463888],[111.108323515506015,-8.230703441558964],[111.108323617583522,-8.230703390767077],[111.108323697199282,-8.230703351151735],[111.108323754225694,-8.23070332277644],[111.108323788535131,-8.230703305704695],[111.10832379999998,-8.2307033]]]}},
{"type":"Feature","properties":{"id":null},"geometry":{"type":"MultiLineString","coordinates":[[[111.108547699999988,-8.2305852],[111.108547724102948,-8.230585219984556],[111.108547796232884,-8.230585279789928],[111.10854791612158,-8.230585379193645],[111.108548083500608,-8.23058551797325],[111.10854829810178,-8.23058569590628],[111.108548559656668,-8.230585912770261],[111.108548867897099,-8.230586168342747],[111.108549222554672,-8.230586462401266],[111.108549623361128,-8.230586794723354],[111.108550070048096,-8.230587165086559],[111.108550562347375,-8.230587573268407],[111.108551099990549,-8.230588019046442],[111.108551682709361,-8.230588502198197],[111.108552310235538,-8.23058902250121],[111.108552982300679,-8.230589579733021],[111.108553698636555,-8.230590173671166],[111.108554458974766,-8.230590804093179],[111.10855526304718,-8.230591470776604],[111.108556110585312,-8.230592173498975],[111.10855700132096,-8.230592912037828],[111.108557934985768,-8.230593686170703],[111.108558911311462,-8.230594495675136],[111.108559930029699,-8.230595340328664],[111.108560990872192,-8.230596219908826],[111.10856209357064,-8.230597134193156],[111.1085632378567,-8.230598082959196],[111.108564423462113,-8.23059906598448],[111.108565650118521,-8.230600083046546],[111.108566917557653,-8.230601133922931],[111.108568225511164,-8.230602218391175],[111.108569573710852,-8.23060333622881],[111.108570961888262,-8.230604487213382],[111.108572389775205,-8.230605671122419],[111.108573857103309,-8.230606887733465],[111.108575363604302,-8.230608136824054],[111.108576909009827,-8.230609418171724],[111.108578493051638,-8.230610731554014],[111.108580115461393,-8.230612076748459],[111.10858177597072,-8.230613453532596],[111.108583474311459,-8.230614861683966],[111.108585210215196,-8.230616300980103],[111.108586983413687,-8.230617771198547],[111.10858879363856,-8.230619272116831],[111.108590640621543,-8.230620803512499],[111.10859252409432,-8.230622365163084],[111.108594443788604,-8.230623956846122],[111.108596399436067,-8.230625578339154],[111.108598390768393,-8.230627229419715],[111.108600417517295,-8.230628909865343],[111.108602479414472,-8.230630619453576],[111.108604576191595,-8.23063235796195],[111.108606707580336,-8.230634125168004],[111.10860887331242,-8.230635920849274],[111.108611073119533,-8.230637744783298],[111.108613306733417,-8.230639596747615],[111.108615573885672,-8.230641476519759],[111.108617874308067,-8.230643383877268],[111.108620207732258,-8.230645318597684],[111.108622573889932,-8.230647280458539],[111.108624972512786,-8.230649269237372],[111.10862740333252,-8.230651284711719],[111.108629866080861,-8.230653326659121],[111.108632360489423,-8.230655394857113],[111.108634886289991,-8.230657489083232],[111.108637443214164,-8.230659609115017],[111.10864003099374,-8.230661754730004],[111.108642649360291,-8.230663925705731],[111.108645298045602,-8.230666121819734],[111.108647976781327,-8.230668342849553],[111.108650685299182,-8.230670588572725],[111.108653423330821,-8.230672858766784],[111.108656190608002,-8.230675153209271],[111.108658986862309,-8.230677471677723],[111.108661811825556,-8.230679813949676],[111.108664665229341,-8.230682179802661],[111.108667546805393,-8.23068456901423],[111.108670456285438,-8.230686981361909],[111.108673393401133,-8.230689416623241],[111.108676357884164,-8.23069187457576],[111.108679349466243,-8.230694354997006],[111.108682367879084,-8.230696857664514],[111.1086854128543,-8.230699382355821],[111.108688484123633,-8.230701928848466],[111.108691581418825,-8.230704496919987],[111.108694704471489,-8.23070708634792],[111.108697853013382,-8.230709696909804],[111.108701026776103,-8.230712328383174],[111.108704225491479,-8.230714980545569],[111.108707448891096,-8.230717653174526],[111.108710696706694,-8.230720346047583],[111.108713968669917,-8.230723058942278],[111.108717264512521,-8.230725791636143],[111.108720583966203,-8.230728543906723],[111.108723926762593,-8.23073131553155],[111.108727292633375,-8.230734106288164],[111.108730681310348,-8.2307369159541],[111.108734092525069,-8.230739744306899],[111.108737526009349,-8.230742591124095],[111.10874098149479,-8.230745456183225],[111.108744458713147,-8.230748339261829],[111.108747957396105,-8.230751240137444],[111.108751477275334,-8.230754158587608],[111.108755018082533,-8.230757094389856],[111.108758579549374,-8.230760047321725],[111.108762161407583,-8.230763017160756],[111.108765763388845,-8.230766003684483],[111.108769385224861,-8.230769006670446],[111.108773026647327,-8.230772025896179],[111.108776687387873,-8.230775061139223],[111.108780367178298,-8.230778112177115],[111.108784065750214,-8.230781178787389],[111.10878778283535,-8.230784260747583],[111.108791518165347,-8.230787357835238],[111.108795271471976,-8.230790469827891],[111.108799042486851,-8.230793596503073],[111.108802830941741,-8.230796737638332],[111.108806636568261,-8.230799893011195],[111.10881045909818,-8.230803062399202],[111.108814298263113,-8.230806245579894],[111.108818153794843,-8.230809442330809],[111.108822025424971,-8.230812652429478],[111.108825912885237,-8.230815875653443],[111.108829815907342,-8.230819111780242],[111.108833734222941,-8.23082236058741],[111.108837667563762,-8.230825621852485],[111.108841615661504,-8.230828895353005],[111.108845578247809,-8.230832180866505],[111.108849555054434,-8.230835478170528],[111.108853545813048,-8.230838787042606],[111.108857550255308,-8.230842107260276],[111.108861568112957,-8.230845438601081],[111.108865599117664,-8.230848780842553],[111.108869643001128,-8.230852133762234],[111.108873699495035,-8.230855497137657],[111.108877768331055,-8.23085887074636],[111.10888184924093,-8.230862254365881],[111.108885941956316,-8.230865647773758],[111.108890046208927,-8.230869050747529],[111.108894161730433,-8.230872463064731],[111.108898288252547,-8.2308758845029],[111.108902425506955,-8.230879314839575],[111.108906573225369,-8.23088275385229],[111.108910731139403,-8.230886201318587],[111.108914898980856,-8.230889657015998],[111.108919076481342,-8.230893120722069],[111.108923263372603,-8.23089659221433],[111.108927459386337,-8.23090007127032],[111.108931664254158,-8.230903557667576],[111.108935877707879,-8.230907051183637],[111.108940099479057,-8.230910551596036],[111.10894432929949,-8.23091405868232],[111.108948566900835,-8.230917572220019],[111.108952812014792,-8.230921091986668],[111.108957064373058,-8.230924617759809],[111.108961323707305,-8.230928149316982],[111.108965589749246,-8.230931686435717],[111.108969862230538,-8.230935228893557],[111.108974140882921,-8.230938776468037],[111.108978425438053,-8.230942328936694],[111.108982715627633,-8.230945886077068],[111.108987011183387,-8.230949447666696],[111.108991311836959,-8.230953013483109],[111.108995617320062,-8.230956583303852],[111.108999927364408,-8.230960156906461],[111.109004241701655,-8.230963734068469],[111.109008560063472,-8.230967314567417],[111.109012882181645,-8.230970898180843],[111.109017207787787,-8.230974484686282],[111.109021536613653,-8.230978073861277],[111.109025868390859,-8.230981665483355],[111.109030202851159,-8.230985259330062],[111.109034539726196,-8.230988855178932],[111.109038878747725,-8.230992452807504],[111.109043219647404,-8.230996051993314],[111.109047562156917,-8.2309996525139],[111.109051906007977,-8.231003254146799],[111.109056250932255,-8.231006856669548],[111.109060596661479,-8.231010459859686],[111.109064942927304,-8.231014063494747],[111.109069289461431,-8.231017667352274],[111.109073635995557,-8.2310212712098],[111.109077982261383,-8.231024874844863],[111.109082327990578,-8.231028478035],[111.109086672914856,-8.23103208055775],[111.109091016765916,-8.231035682190647],[111.109095359275443,-8.231039282711233],[111.109099700175108,-8.231042881897043],[111.109104039196637,-8.231046479525615],[111.109108376071703,-8.231050075374485],[111.109112710531988,-8.231053669221193],[111.109117042309208,-8.231057260843272],[111.109121371135075,-8.231060850018265],[111.109125696741216,-8.231064436523704],[111.109130018859389,-8.23106802013713],[111.109134337221235,-8.231071600636081],[111.109138651558482,-8.23107517779809],[111.109142961602814,-8.231078751400696],[111.109147267085916,-8.231082321221439],[111.109151567739488,-8.231085887037855],[111.109155863295229,-8.231089448627481],[111.109160153484794,-8.231093005767853],[111.10916443803994,-8.231096558236512],[111.109168716692324,-8.231100105810992],[111.109172989173615,-8.23110364826883],[111.109177255215542,-8.231107185387568],[111.109181514549789,-8.231110716944738],[111.109185766908041,-8.231114242717879],[111.109190012021969,-8.231117762484532],[111.109194249623329,-8.231121276022229],[111.109198479443791,-8.231124783108509],[111.109202701214997,-8.231128283520913],[111.10920691466869,-8.231131777036973],[111.109211119536553,-8.231135263434229],[111.10921531555023,-8.23113874249022],[111.109219502441519,-8.23114221398248],[111.109223679942019,-8.231145677688549],[111.109227847783444,-8.231149133385962],[111.109232005697535,-8.23115258085226],[111.109236153415921,-8.231156019864974],[111.109240290670328,-8.231159450201648],[111.109244417192457,-8.231162871639819],[111.109248532713963,-8.23116628395702],[111.109252636966545,-8.231169686930791],[111.109256729681931,-8.231173080338667],[111.109260810591806,-8.231176463958189],[111.109264879427826,-8.231179837566891],[111.109268935921733,-8.231183200942315],[111.109272979805198,-8.231186553861994],[111.109277010809876,-8.231189896103468],[111.109281028667525,-8.231193227444269],[111.109285033109813,-8.231196547661941],[111.109289023868385,-8.231199856534019],[111.109293000675024,-8.231203153838042],[111.109296963261357,-8.231206439351544],[111.109300911359099,-8.231209712852063],[111.109304844699921,-8.231212974117138],[111.109308763015534,-8.231216222924306],[111.109312666037624,-8.231219459051104],[111.109316553497905,-8.231222682275071],[111.109320425128061,-8.23122589237374],[111.109324280659735,-8.231229089124655],[111.10932811982471,-8.231232272305347],[111.109331942354629,-8.231235441693356],[111.109335747981135,-8.231238597066218],[111.109339536436025,-8.231241738201472],[111.109343307450928,-8.231244864876658],[111.109347060757514,-8.231247976869311],[111.10935079608754,-8.231251073956965],[111.109354513172661,-8.23125415591716],[111.109358211744535,-8.231257222527434],[111.109361891534959,-8.231260273565324],[111.109365552275534,-8.231263308808368],[111.109369193697972,-8.231266328034103],[111.109372815533987,-8.231269331020064],[111.109376417515264,-8.231272317543791],[111.109379999373459,-8.231275287382823],[111.109383560840342,-8.231278240314692],[111.109387101647542,-8.231281176116941],[111.109390621526757,-8.231284094567105],[111.109394120209714,-8.231286995442719],[111.109397597428057,-8.231289878521324],[111.109401052913526,-8.231292743580456],[111.109404486397793,-8.231295590397652],[111.109407897612556,-8.231298418750448],[111.109411286289486,-8.231301228416385],[111.109414652160297,-8.231304019173001],[111.109417994956686,-8.231306790797827],[111.109421314410312,-8.231309543068406],[111.10942461025293,-8.231312275762273],[111.109427882216167,-8.231314988656965],[111.109431130031751,-8.231317681530022],[111.109434353431382,-8.23132035415898],[111.109437552146716,-8.231323006321373],[111.109440725909465,-8.231325637794743],[111.109443874451344,-8.231328248356627],[111.109446997504023,-8.231330837784562],[111.109450094799186,-8.231333405856082],[111.109453166068548,-8.231335952348728],[111.109456211043806,-8.231338477040035],[111.109459229456618,-8.231340979707543],[111.109462221038697,-8.231343460128789],[111.109465185521728,-8.231345918081306],[111.109468122637423,-8.231348353342639],[111.109471032117455,-8.231350765690319],[111.109473913693535,-8.231353154901885],[111.109476767097334,-8.231355520754876],[111.109479592060552,-8.231357863026828],[111.109482388314902,-8.231360181495278],[111.10948515559204,-8.231362475937765],[111.10948789362368,-8.231364746131824],[111.109490602141534,-8.231366991854994],[111.109493280877246,-8.231369212884815],[111.109495929562556,-8.231371408998818],[111.109498547929135,-8.231373579974544],[111.109501135708669,-8.231375725589531],[111.10950369263287,-8.231377845621315],[111.10950621843341,-8.231379939847436],[111.109508712842,-8.231382008045429],[111.109511175590313,-8.23138404999283],[111.109513606410076,-8.231386065467179],[111.10951600503293,-8.231388054246011],[111.109518371190603,-8.231390016106864],[111.109520704614795,-8.23139195082728],[111.10952300503719,-8.231393858184791],[111.109525272189444,-8.231395737956936],[111.109527505803314,-8.231397589921251],[111.109529705610441,-8.231399413855275],[111.10953187134254,-8.231401209536545],[111.109534002731294,-8.231402976742599],[111.109536099508404,-8.231404715250974],[111.109538161405567,-8.231406424839205],[111.109540188154483,-8.231408105284833],[111.109542179486809,-8.231409756365395],[111.109544135134257,-8.231411377858427],[111.109546054828542,-8.231412969541466],[111.109547938301318,-8.231414531192049],[111.109549785284301,-8.231416062587716],[111.109551595509174,-8.231417563506003],[111.109553368707637,-8.231419033724446],[111.109555104611374,-8.231420473020583],[111.109556802952113,-8.231421881171952],[111.109558463461511,-8.23142325795609],[111.109560085871237,-8.231424603150534],[111.109561669913049,-8.231425916532825],[111.109563215318573,-8.231427197880494],[111.109564721819538,-8.231428446971083],[111.109566189147642,-8.23142966358213],[111.109567617034571,-8.231430847491167],[111.109569005212023,-8.231431998475736],[111.109570353411655,-8.231433116313374],[111.109571661365209,-8.231434200781617],[111.10957292880434,-8.231435251658002],[111.109574155460763,-8.231436268720071],[111.10957534106619,-8.231437251745353],[111.109576485352235,-8.231438200511391],[111.109577588050684,-8.231439114795723],[111.109578648893162,-8.231439994375883],[111.109579667611385,-8.231440839029412],[111.109580643937079,-8.231441648533846],[111.109581577601887,-8.231442422666721],[111.109582468337521,-8.231443161205574],[111.109583315875682,-8.231443863927943],[111.109584119948053,-8.231444530611368],[111.109584880286306,-8.231445161033385],[111.10958559662221,-8.231445754971528],[111.109586268687366,-8.231446312203339],[111.109586896213486,-8.231446832506354],[111.109587478932312,-8.231447315658107],[111.109588016575501,-8.231447761436142],[111.109588508874737,-8.231448169617988],[111.109588955561733,-8.231448539981191],[111.10958935636819,-8.231448872303282],[111.109589711025762,-8.231449166361802],[111.109590019266165,-8.231449421934284],[111.109590280821109,-8.231449638798274],[111.109590495422253,-8.231449816731301],[111.10959066280131,-8.231449955510904],[111.109590782689978,-8.231450054914623],[111.109590854819928,-8.231450114719992],[111.109590878922873,-8.231450134704552]]]}},
{"type":"Feature","properties":{"id":null},"geometry":{"type":"MultiLineString","coordinates":[[[111.1074547,-8.2306263],[111.107454706259219,-8.230626309997657],[111.107454724990433,-8.230626339916428],[111.107454756123957,-8.230626389645023],[111.107454799590116,-8.230626459072157],[111.107454855319247,-8.230626548086528],[111.107454923241662,-8.230626656576849],[111.107455003287654,-8.230626784431838],[111.107455095387635,-8.230626931540192],[111.107455199471872,-8.230627097790626],[111.107455315470659,-8.230627283071845],[111.107455443314393,-8.230627487272562],[111.107455582933326,-8.230627710281482],[111.107455734257826,-8.230627951987318],[111.107455897218216,-8.230628212278774],[111.107456071744778,-8.230628491044561],[111.107456257767936,-8.230628788173389],[111.107456455217857,-8.230629103553966],[111.10745666402498,-8.230629437075001],[111.107456884119614,-8.230629788625201],[111.107457115432069,-8.23063015809328],[111.107457357892699,-8.230630545367941],[111.107457611431798,-8.230630950337893],[111.107457875979648,-8.230631372891851],[111.107458151466659,-8.230631812918521],[111.107458437823098,-8.230632270306607],[111.107458734979318,-8.230632744944822],[111.107459042865642,-8.230633236721877],[111.107459361412353,-8.230633745526477],[111.107459690549803,-8.230634271247329],[111.107460030208301,-8.230634813773147],[111.10746038031823,-8.230635372992641],[111.10746074080987,-8.230635948794514],[111.107461111613517,-8.230636541067476],[111.107461492659553,-8.23063714970024],[111.107461883878273,-8.230637774581513],[111.107462285199986,-8.230638415600001],[111.107462696555075,-8.230639072644415],[111.107463117873763,-8.230639745603465],[111.107463549086432,-8.230640434365856],[111.107463990123435,-8.230641138820301],[111.107464440915052,-8.23064185885551],[111.107464901391651,-8.230642594360186],[111.107465371483499,-8.230643345223042],[111.107465851120978,-8.230644111332786],[111.107466340234367,-8.230644892578127],[111.107466838754007,-8.230645688847773],[111.107467346610221,-8.230646500030431],[111.107467863733319,-8.230647326014816],[111.107468390053668,-8.230648166689633],[111.107468925501564,-8.23064902194359],[111.107469470007302,-8.230649891665394],[111.10747002350125,-8.230650775743761],[111.107470585913703,-8.230651674067392],[111.10747115717497,-8.230652586525],[111.107471737215477,-8.230653513005294],[111.107472325965404,-8.230654453396982],[111.107472923355203,-8.230655407588776],[111.107473529315129,-8.230656375469378],[111.107474143775491,-8.2306573569275],[111.10747476666667,-8.230658351851853],[111.107475397918932,-8.230659360131144],[111.107476037462632,-8.230660381654079],[111.107476685228107,-8.230661416309374],[111.107477341145653,-8.230662463985734],[111.107478005145623,-8.230663524571867],[111.107478677158326,-8.230664597956482],[111.107479357114073,-8.23066568402829],[111.107480044943202,-8.230666782675996],[111.107480740576037,-8.230667893788311],[111.107481443942902,-8.230669017253945],[111.107482154974122,-8.230670152961606],[111.107482873600006,-8.230671300800001],[111.107483599750907,-8.230672460657843],[111.107484333357107,-8.230673632423837],[111.107485074348929,-8.23067481598669],[111.107485822656784,-8.230676011235117],[111.10748657821091,-8.230677218057822],[111.10748734094166,-8.230678436343519],[111.107488110779343,-8.230679665980912],[111.107488887654313,-8.23068090685871],[111.107489671496879,-8.230682158865626],[111.107490462237337,-8.230683421890365],[111.107491259806011,-8.230684695821635],[111.107492064133311,-8.230685980548147],[111.107492875149461,-8.230687275958612],[111.107493692784857,-8.230688581941735],[111.107494516969766,-8.230689898386226],[111.107495347634554,-8.230691225180795],[111.107496184709532,-8.230692562214152],[111.107497028124982,-8.230693909375002],[111.107497877811312,-8.230695266552054],[111.107498733698748,-8.23069663363402],[111.107499595717712,-8.230698010509609],[111.107500463798473,-8.230699397067527],[111.107501337871341,-8.230700793196482],[111.107502217866681,-8.230702198785188],[111.107503103714777,-8.230703613722348],[111.107503995345994,-8.230705037896675],[111.107504892690628,-8.230706471196875],[111.107505795678989,-8.230707913511662],[111.107506704241473,-8.230709364729737],[111.107507618308333,-8.230710824739814],[111.107508537809906,-8.230712293430603],[111.107509462676532,-8.23071377069081],[111.10751039283852,-8.230715256409143],[111.107511328226195,-8.230716750474313],[111.107512268769909,-8.230718252775029],[111.107513214399972,-8.2307197632],[111.107514165046695,-8.230721281637933],[111.107515120640429,-8.230722807977539],[111.107516081111442,-8.230724342107525],[111.107517046390115,-8.230725883916598],[111.107518016406743,-8.23072743329347],[111.107518991091652,-8.230728990126853],[111.107519970375193,-8.230730554305449],[111.107520954187663,-8.230732125717973],[111.1075219424594,-8.230733704253128],[111.10752293512067,-8.230735289799625],[111.107523932101913,-8.230736882246173],[111.107524933333352,-8.230738481481483],[111.107525938745312,-8.230740087394262],[111.107526948268202,-8.230741699873217],[111.107527961832304,-8.230743318807061],[111.107528979367899,-8.230744944084499],[111.107530000805355,-8.230746575594244],[111.10753102607498,-8.230748213225],[111.107532055107114,-8.230749856865479],[111.107533087832081,-8.23075150640439],[111.107534124180177,-8.230753161730439],[111.107535164081767,-8.230754822732338],[111.107536207467149,-8.230756489298795],[111.107537254266632,-8.230758161318519],[111.10753830441061,-8.230759838680218],[111.107539357829296,-8.2307615212726],[111.107540414453112,-8.230763208984374],[111.107541474212326,-8.230764901704253],[111.107542537037304,-8.23076659932094],[111.107543602858357,-8.230768301723151],[111.107544671605751,-8.230770008799587],[111.107545743209883,-8.230771720438959],[111.107546817601033,-8.230773436529979],[111.107547894709597,-8.230775156961354],[111.1075489744658,-8.230776881621791],[111.107550056799994,-8.230778610400002],[111.107551141642546,-8.230780343184694],[111.107552228923765,-8.230782079864577],[111.107553318573949,-8.230783820328357],[111.107554410523448,-8.230785564464746],[111.107555504702574,-8.230787312162454],[111.107556601041637,-8.230789063310183],[111.107557699471016,-8.230790817796652],[111.107558799920952,-8.230792575510561],[111.107559902321853,-8.230794336340622],[111.107561006603987,-8.230796100175548],[111.107562112697707,-8.230797866904043],[111.107563220533336,-8.230799636414815],[111.107564330041157,-8.230801408596577],[111.107565441151536,-8.230803183338033],[111.107566553794783,-8.230804960527895],[111.107567667901236,-8.23080674005487],[111.107568783401206,-8.230808521807671],[111.107569900225002,-8.230810305675002],[111.107571018302991,-8.230812091545575],[111.107572137565441,-8.230813879308096],[111.107573257942704,-8.230815668851275],[111.107574379365104,-8.23081746006382],[111.107575501762994,-8.230819252834443],[111.107576625066656,-8.230821047051853],[111.107577749206428,-8.230822842604754],[111.107578874112647,-8.230824639381858],[111.107579999715625,-8.230826437271876],[111.107581125945643,-8.230828236163511],[111.107582252733124,-8.230830035945477],[111.107583380008307,-8.23083183650648],[111.107584507701546,-8.230833637735232],[111.107585635743192,-8.230835439520439],[111.107586764063512,-8.230837241750809],[111.107587892592903,-8.230839044315054],[111.107589021261617,-8.230840847101883],[111.10759015,-8.23084265],[111.107591278738383,-8.230844452898118],[111.107592407407083,-8.230846255684945],[111.107593535936445,-8.23084805824919],[111.107594664256794,-8.230849860479561],[111.107595792298412,-8.230851662264769],[111.107596919991664,-8.230853463493521],[111.107598047266848,-8.230855264054524],[111.107599174054315,-8.230857063836488],[111.107600300284361,-8.230858862728127],[111.107601425887339,-8.230860660618141],[111.107602550793558,-8.230862457395247],[111.10760367493333,-8.230864252948148],[111.107604798236991,-8.230866047165557],[111.107605920634867,-8.230867839936179],[111.107607042057282,-8.230869631148726],[111.107608162434559,-8.230871420691908],[111.107609281697023,-8.23087320845443],[111.107610399774984,-8.230874994325001],[111.10761151659878,-8.230876778192332],[111.107612632098764,-8.230878559945129],[111.107613746205203,-8.230880339472108],[111.10761485884845,-8.23088211666197],[111.107615969958829,-8.230883891403426],[111.10761707946665,-8.230885663585186],[111.107618187302265,-8.230887433095958],[111.107619293395985,-8.23088919982445],[111.107620397678119,-8.230890963659377],[111.107621500079006,-8.230892724489438],[111.10762260052897,-8.230894482203349],[111.107623698958335,-8.230896236689816],[111.107624795297397,-8.230897987837547],[111.107625889476537,-8.230899735535255],[111.107626981426051,-8.230901479671644],[111.107628071076221,-8.230903220135424],[111.107629158357454,-8.230904956815309],[111.107630243199992,-8.230906689600001],[111.107631325534214,-8.230908418378213],[111.107632405290431,-8.230910143038649],[111.107633482398953,-8.230911863470023],[111.107634556790117,-8.230913579561042],[111.107635628394263,-8.230915291200416],[111.107636697141658,-8.230916998276852],[111.107637762962682,-8.230918700679059],[111.107638825787632,-8.230920398295748],[111.107639885546874,-8.230922091015627],[111.107640942170661,-8.230923778727401],[111.107641995589375,-8.230925461319783],[111.10764304573334,-8.230927138681484],[111.107644092532823,-8.230928810701204],[111.107645135918204,-8.230930477267661],[111.107646175819795,-8.23093213826956],[111.10764721216789,-8.230933793595611],[111.107648244892872,-8.230935443134522],[111.107649273924991,-8.230937086775002],[111.107650299194617,-8.230938724405757],[111.107651320632087,-8.2309403559155],[111.107652338167711,-8.23094198119294],[111.107653351731784,-8.230943600126784],[111.107654361254674,-8.230945212605739],[111.107655366666648,-8.230946818518518],[111.107656367898102,-8.230948417753829],[111.107657364879316,-8.230950010200377],[111.1076583575406,-8.230951595746875],[111.107659345812351,-8.230953174282032],[111.107660329624792,-8.230954745694552],[111.107661308908348,-8.230956309873148],[111.107662283593243,-8.230957866706529],[111.107663253609857,-8.230959416083403],[111.107664218888544,-8.230960957892476],[111.107665179359557,-8.230962492022462],[111.107666134953277,-8.230964018362066],[111.107667085599999,-8.230965536800001],[111.107668031230034,-8.23096704722497],[111.107668971773762,-8.230968549525686],[111.107669907161466,-8.230970043590858],[111.10767083732344,-8.230971529309191],[111.10767176219008,-8.230973006569398],[111.107672681691668,-8.230974475260187],[111.107673595758527,-8.230975935270264],[111.107674504320983,-8.230977386488341],[111.107675407309358,-8.230978828803126],[111.107676304654007,-8.230980262103328],[111.107677196285209,-8.230981686277653],[111.107678082133333,-8.230983101214814],[111.107678962128659,-8.230984506803519],[111.107679836201527,-8.230985902932478],[111.107680704282302,-8.230987289490393],[111.107681566301224,-8.230988666365981],[111.107682422188688,-8.230990033447949],[111.107683271875018,-8.230991390625],[111.107684115290454,-8.230992737785851],[111.107684952365432,-8.230994074819206],[111.107685783030206,-8.230995401613773],[111.107686607215115,-8.230996718058265],[111.107687424850496,-8.230998024041389],[111.107688235866661,-8.23099931945185],[111.107689040193932,-8.231000604178366],[111.107689837762649,-8.231001878109637],[111.107690628503107,-8.231003141134375],[111.107691412345687,-8.231004393141289],[111.107692189220629,-8.231005634019089],[111.107692959058312,-8.23100686365648],[111.107693721789076,-8.231008081942177],[111.107694477343202,-8.231009288764882],[111.107695225651042,-8.231010484013311],[111.107695966642893,-8.231011667576166],[111.107696700249093,-8.23101283934216],[111.107697426400009,-8.2310139992],[111.107698145025878,-8.231015147038397],[111.107698856057084,-8.231016282746058],[111.107699559423978,-8.23101740621169],[111.107700255056784,-8.231018517324005],[111.107700942885913,-8.231019615971713],[111.10770162284166,-8.231020702043519],[111.107702294854363,-8.231021775428133],[111.107702958854318,-8.231022836014267],[111.107703614771864,-8.231023883690625],[111.107704262537325,-8.231024918345918],[111.107704902081039,-8.231025939868857],[111.107705533333316,-8.231026948148148],[111.107706156224509,-8.231027943072501],[111.107706770684885,-8.231028924530625],[111.107707376644782,-8.231029892411227],[111.107707974034554,-8.231030846603019],[111.107708562784524,-8.231031786994707],[111.107709142824987,-8.231032713474999],[111.107709714086297,-8.231033625932609],[111.10771027649875,-8.231034524256241],[111.107710829992712,-8.231035408334607],[111.107711374498464,-8.231036278056413],[111.107711909946332,-8.23103713331037],[111.107712436266667,-8.231037973985185],[111.107712953389779,-8.23103879996957],[111.107713461245979,-8.23103961115223],[111.107713959765618,-8.231040407421874],[111.107714448878994,-8.231041188667215],[111.107714928516486,-8.231041954776959],[111.107715398608335,-8.231042705639815],[111.107715859084905,-8.231043441144491],[111.107716309876551,-8.231044161179698],[111.107716750913525,-8.231044865634143],[111.107717182126223,-8.231045554396538],[111.107717603444939,-8.231046227355584],[111.107718014799985,-8.2310468844],[111.107718416121728,-8.231047525418489],[111.107718807340433,-8.231048150299761],[111.10771918838644,-8.231048758932523],[111.10771955919013,-8.231049351205487],[111.107719919681742,-8.23104992700736],[111.10772026979167,-8.231050486226851],[111.107720609450183,-8.23105102875267],[111.107720938587633,-8.231051554473526],[111.107721257134372,-8.231052063278126],[111.107721565020682,-8.231052555055179],[111.107721862176888,-8.231053029693395],[111.107722148533327,-8.231053487081482],[111.107722424020324,-8.23105392710815],[111.107722688568217,-8.231054349662106],[111.107722942107287,-8.23105475463206],[111.107723184567888,-8.231055141906721],[111.107723415880358,-8.2310555113748],[111.107723635974992,-8.231055862925],[111.107723844782143,-8.231056196446035],[111.107724042232093,-8.231056511826612],[111.107724228255208,-8.231056808955442],[111.107724402781798,-8.231057087721227],[111.10772456574216,-8.231057348012685],[111.10772471706666,-8.231057589718519],[111.107724856685607,-8.231057812727439],[111.107724984529312,-8.231058016928154],[111.107725100528114,-8.231058202209375],[111.10772520461235,-8.231058368459808],[111.107725296712303,-8.231058515568163],[111.107725376758324,-8.231058643423149],[111.107725444680739,-8.231058751913473],[111.10772550040987,-8.231058840927847],[111.107725543876043,-8.231058910354976],[111.107725575009567,-8.231058960083574],[111.107725593740781,-8.231058990002346],[111.1077256,-8.231059]]]}},
{"type":"Feature","properties":{"id":null},"geometry":{"type":"MultiLineString","coordinates":[[[111.116800846410797,-8.212531376788434],[111.116800871979166,-8.21253138806496],[111.116800948494415,-8.212531421810846],[111.116801075672043,-8.212531477900569],[111.116801253227322,-8.212531556208596],[111.116801480875722,-8.212531656609411],[111.1168017583325,-8.212531778977475],[111.116802085313196,-8.212531923187267],[111.116802461533084,-8.21253208911326],[111.116802886707603,-8.212532276629926],[111.116803360552055,-8.212532485611737],[111.116803882781909,-8.212532715933166],[111.116804453112479,-8.212532967468688],[111.116805071259193,-8.212533240092771],[111.116805736937394,-8.212533533679894],[111.11680644986248,-8.212533848104526],[111.116807209749808,-8.212534183241138],[111.116808016314764,-8.212534538964203],[111.116808869272802,-8.212534915148201],[111.116809768339195,-8.212535311667597],[111.116810713229398,-8.212535728396871],[111.116811703658755,-8.212536165210489],[111.116812739342649,-8.212536621982926],[111.116813819996466,-8.212537098588658],[111.116814945335605,-8.212537594902154],[111.116816115075395,-8.212538110797885],[111.116817328931276,-8.212538646150328],[111.116818586618606,-8.212539200833957],[111.116819887852756,-8.212539774723242],[111.116821232349054,-8.212540367692654],[111.116822619822997,-8.212540979616668],[111.116824049989901,-8.212541610369758],[111.116825522565136,-8.212542259826398],[111.116827037264102,-8.212542927861055],[111.116828593802168,-8.212543614348208],[111.116830191894749,-8.212544319162326],[111.116831831257144,-8.212545042177885],[111.116833511604838,-8.212545783269354],[111.116835232653131,-8.212546542311209],[111.116836994117421,-8.212547319177919],[111.116838795713107,-8.212548113743962],[111.116840637155562,-8.212548925883807],[111.116842518160169,-8.21254975547193],[111.116844438442314,-8.2125506023828],[111.116846397717339,-8.212551466490893],[111.116848395700686,-8.21255234767068],[111.116850432107682,-8.212553245796636],[111.116852506653728,-8.212554160743231],[111.116854619054223,-8.212555092384939],[111.116856769024494,-8.212556040596233],[111.116858956279998,-8.21255700525159],[111.11686118053602,-8.212557986225473],[111.116863441508059,-8.212558983392363],[111.116865738911329,-8.212559996626728],[111.116868072461372,-8.212561025803044],[111.116870441873502,-8.212562070795784],[111.116872846863103,-8.212563131479419],[111.116875287145533,-8.212564207728423],[111.116877762436232,-8.212565299417269],[111.116880272450516,-8.212566406420429],[111.116882816903811,-8.212567528612377],[111.11688539551146,-8.212568665867582],[111.116888007988862,-8.212569818060523],[111.116890654051417,-8.212570985065668],[111.116893333414453,-8.212572166757491],[111.116896045793396,-8.212573363010467],[111.116898790903633,-8.212574573699065],[111.11690156846052,-8.212575798697763],[111.116904378179413,-8.212577037881029],[111.116907219775726,-8.212578291123339],[111.116910092964844,-8.212579558299163],[111.116912997462137,-8.212580839282975],[111.116915932982977,-8.212582133949251],[111.116918899242776,-8.212583442172457],[111.116921895956864,-8.212584763827072],[111.116924922840639,-8.212586098787565],[111.116927979609514,-8.212587446928413],[111.116931065978818,-8.212588808124083],[111.116934181663993,-8.212590182249054],[111.116937326380366,-8.212591569177794],[111.116940499843352,-8.212592968784779],[111.116943701768292,-8.212594380944484],[111.116946931870601,-8.212595805531373],[111.116950189865605,-8.212597242419925],[111.116953475468776,-8.212598691484613],[111.116956788395413,-8.212600152599911],[111.116960128360972,-8.212601625640287],[111.116963495080739,-8.21260311048022],[111.116966888270184,-8.212604606994176],[111.116970307644635,-8.212606115056634],[111.116973752919492,-8.212607634542062],[111.116977223810125,-8.212609165324935],[111.116980720031918,-8.212610707279728],[111.116984241300244,-8.212612260280912],[111.116987787330473,-8.212613824202958],[111.116991357838032,-8.21261539892034],[111.116994952538249,-8.21261698430753],[111.116998571146553,-8.212618580239004],[111.117002213378271,-8.212620186589231],[111.117005878948802,-8.212621803232686],[111.117009567573547,-8.212623430043841],[111.117013278967889,-8.212625066897171],[111.117017012847171,-8.212626713667147],[111.117020768926807,-8.212628370228241],[111.117024546922153,-8.212630036454929],[111.117028346548608,-8.212631712221679],[111.117032167521558,-8.212633397402968],[111.117036009556358,-8.212635091873267],[111.117039872368409,-8.212636795507049],[111.117043755673066,-8.212638508178786],[111.117047659185744,-8.212640229762954],[111.117051582621798,-8.212641960134023],[111.117055525696642,-8.212643699166467],[111.117059488125591,-8.212645446734758],[111.1170634696241,-8.212647202713368],[111.117067469907468,-8.212648966976772],[111.117071488691181,-8.212650739399443],[111.117075525690524,-8.212652519855848],[111.11707958062091,-8.212654308220468],[111.11708365319771,-8.212656104367774],[111.117087743136352,-8.212657908172234],[111.11709185015215,-8.212659719508324],[111.117095973960517,-8.212661538250519],[111.117100114276838,-8.212663364273286],[111.117104270816483,-8.212665197451104],[111.117108443294825,-8.212667037658443],[111.117112631427261,-8.212668884769776],[111.117116834929163,-8.212670738659575],[111.117121053515916,-8.212672599202318],[111.117125286902905,-8.212674466272469],[111.117129534805485,-8.212676339744508],[111.117133796939072,-8.212678219492904],[111.117138073019021,-8.212680105392131],[111.117142362760717,-8.212681997316665],[111.117146665879545,-8.212683895140973],[111.117150982090891,-8.212685798739532],[111.11715531111011,-8.212687707986813],[111.117159652652617,-8.212689622757289],[111.117164006433796,-8.212691542925434],[111.117168372168948,-8.212693468365719],[111.117172749573555,-8.212695398952619],[111.117177138362905,-8.212697334560604],[111.117181538252481,-8.212699275064148],[111.117185948957541,-8.212701220337728],[111.117190370193583,-8.212703170255807],[111.117194801675893,-8.212705124692869],[111.11719924311997,-8.21270708352338],[111.117203694241056,-8.212709046621814],[111.117208154754621,-8.212711013862647],[111.117212624375995,-8.212712985120348],[111.117217102820575,-8.212714960269391],[111.11722158980379,-8.212716939184249],[111.117226085040954,-8.212718921739395],[111.117230588247466,-8.212720907809299],[111.117235099138739,-8.21272289726844],[111.11723961743013,-8.212724889991287],[111.117244142836995,-8.212726885852314],[111.117248675074734,-8.21272888472599],[111.117253213858731,-8.212730886486796],[111.117257758904344,-8.212732891009196],[111.117262309926986,-8.212734898167664],[111.117266866642055,-8.212736907836682],[111.117271428764866,-8.212738919890711],[111.117275996010846,-8.212740934204231],[111.117280568095339,-8.212742950651711],[111.117285144733785,-8.212744969107625],[111.11728972564147,-8.212746989446448],[111.11729431053385,-8.212749011542652],[111.117298899126325,-8.212751035270708],[111.117303491134209,-8.212753060505092],[111.117308086272914,-8.212755087120271],[111.117312684257826,-8.212757114990726],[111.117317284804301,-8.212759143990922],[111.117321887627725,-8.212761173995336],[111.11732649244351,-8.212763204878442],[111.117331098967014,-8.212765236514709],[111.117335706913622,-8.212767268778613],[111.117340315998689,-8.212769301544627],[111.11734492593763,-8.212771334687222],[111.117349536445815,-8.212773368080871],[111.117354147238615,-8.212775401600044],[111.117358758031401,-8.212777435119222],[111.117363368539571,-8.212779468512871],[111.117367978478512,-8.212781501655464],[111.117372587563594,-8.212783534421476],[111.117377195510187,-8.21278556668538],[111.117381802033691,-8.212787598321649],[111.117386406849477,-8.212789629204751],[111.117391009672914,-8.212791659209167],[111.117395610219404,-8.212793688209366],[111.117400208204288,-8.212795716079818],[111.117404803343007,-8.212797742694999],[111.117409395350904,-8.212799767929383],[111.117413983943351,-8.212801791657439],[111.117418568835745,-8.212803813753641],[111.117423149743473,-8.212805834092466],[111.117427726381891,-8.21280785254838],[111.117432298466383,-8.212809868995862],[111.117436865712364,-8.212811883309381],[111.117441427835175,-8.212813895363412],[111.117445984550216,-8.212815905032425],[111.117450535572857,-8.212817912190896],[111.117455080618498,-8.212819916713297],[111.117459619402496,-8.212821918474098],[111.117464151640235,-8.212823917347777],[111.1174686770471,-8.212825913208803],[111.117473195338462,-8.212827905931647],[111.117477706229721,-8.212829895390788],[111.117482209436247,-8.212831881460694],[111.117486704673425,-8.21283386401584],[111.117491191656612,-8.2128358429307],[111.117495670101221,-8.212837818079741],[111.117500139722608,-8.212839789337444],[111.117504600236146,-8.212841756578275],[111.117509051357274,-8.212843719676711],[111.11751349280128,-8.212845678507223],[111.117517924283618,-8.212847632944282],[111.11752234551966,-8.212849582862365],[111.117526756224763,-8.212851528135943],[111.11753115611431,-8.212853468639487],[111.117535544903689,-8.212855404247474],[111.117539922308282,-8.212857334834371],[111.117544288043462,-8.212859260274659],[111.117548641824598,-8.212861180442802],[111.117552983367105,-8.21286309521328],[111.11755731238631,-8.212865004460559],[111.117561628597656,-8.212866908059118],[111.11756593171647,-8.212868805883426],[111.11757022145818,-8.212870697807956],[111.117574497538129,-8.212872583707187],[111.117578759671702,-8.212874463455583],[111.117583007574297,-8.212876336927621],[111.117587240961271,-8.212878203997773],[111.117591459548038,-8.212880064540514],[111.117595663049954,-8.212881918430314],[111.117599851182376,-8.212883765541648],[111.117604023660746,-8.212885605748987],[111.117608180200392,-8.212887438926805],[111.117612320516699,-8.212889264949574],[111.117616444325094,-8.212891083691767],[111.117620551340877,-8.212892895027858],[111.117624641279491,-8.21289469883232],[111.11762871385632,-8.212896494979622],[111.117632768786706,-8.212898283344241],[111.117636805786063,-8.21290006380065],[111.117640824569719,-8.21290183622332],[111.11764482485313,-8.212903600486724],[111.117648806351625,-8.212905356465335],[111.117652768780587,-8.212907104033626],[111.117656711855403,-8.212908843066067],[111.117660635291458,-8.212910573437135],[111.117664538804121,-8.212912295021303],[111.117668422108807,-8.21291400769304],[111.117672284920843,-8.212915711326822],[111.117676126955644,-8.212917405797121],[111.117679947928607,-8.21291909097841],[111.117683747555063,-8.21292076674516],[111.117687525550409,-8.212922432971848],[111.117691281630044,-8.212924089532944],[111.117695015509341,-8.212925736302919],[111.117698726903669,-8.212927373156248],[111.117702415528413,-8.212928999967405],[111.117706081098973,-8.21293061661086],[111.117709723330691,-8.212932222961088],[111.11771334193898,-8.212933818892562],[111.117716936639184,-8.212935404279753],[111.117720507146743,-8.212936978997135],[111.117724053176971,-8.212938542919181],[111.117727574445311,-8.212940095920363],[111.117731070667105,-8.212941637875154],[111.117734541557724,-8.212943168658029],[111.117737986832566,-8.212944688143457],[111.117741406207017,-8.212946196205912],[111.117744799396448,-8.212947692719872],[111.117748166116229,-8.212949177559802],[111.117751506081774,-8.212950650600179],[111.117754819008454,-8.212952111715476],[111.117758104611596,-8.212953560780166],[111.117761362606643,-8.212954997668717],[111.117764592708937,-8.212956422255608],[111.117767794633892,-8.21295783441531],[111.117770968096863,-8.212959234022296],[111.117774112813237,-8.212960620951035],[111.117777228498383,-8.212961995076007],[111.117780314867701,-8.212963356271679],[111.117783371636563,-8.212964704412526],[111.117786398520352,-8.212966039373018],[111.117789395234453,-8.212967361027633],[111.117792361494239,-8.212968669250841],[111.117795297015078,-8.212969963917116],[111.117798201512372,-8.212971244900928],[111.117801074701475,-8.212972512076751],[111.117803916297802,-8.21297376531906],[111.11780672601671,-8.212975004502328],[111.117809503573582,-8.212976229501024],[111.117812248683805,-8.212977440189622],[111.117814961062763,-8.212978636442598],[111.117817640425812,-8.212979818134423],[111.117820286488353,-8.212980985139566],[111.117822898965755,-8.212982137332508],[111.117825477573405,-8.212983274587714],[111.117828022026686,-8.212984396779662],[111.117830532040983,-8.212985503782821],[111.117833007331669,-8.212986595471667],[111.117835447614127,-8.21298767172067],[111.117837852603714,-8.212988732404307],[111.117840222015829,-8.212989777397047],[111.117842555565886,-8.212990806573362],[111.117844852969199,-8.21299181980773],[111.117847113941195,-8.212992816974619],[111.117849338197246,-8.212993797948503],[111.117851525452721,-8.212994762603856],[111.117853675423021,-8.21299571081515],[111.117855787823487,-8.212996642456858],[111.117857862369547,-8.212997557403455],[111.117859898776544,-8.21299845552941],[111.117861896759862,-8.212999336709196],[111.117863856034916,-8.213000200817289],[111.117865776317032,-8.213001047728161],[111.117867657321625,-8.213001877316284],[111.117869498764094,-8.213002689456127],[111.117871300359781,-8.21300348402217],[111.117873061824099,-8.213004260888884],[111.117874782872391,-8.213005019930737],[111.117876463220057,-8.213005761022208],[111.11787810258248,-8.213006484037765],[111.117879700675033,-8.213007188851883],[111.117881257213114,-8.213007875339036],[111.117882771912079,-8.213008543373695],[111.117884244487328,-8.213009192830331],[111.117885674654218,-8.213009823583423],[111.117887062128148,-8.213010435507437],[111.117888406624488,-8.213011028476851],[111.117889707858637,-8.213011602366134],[111.117890965545925,-8.213012157049763],[111.117892179401807,-8.213012692402206],[111.11789334914161,-8.213013208297939],[111.11789447448075,-8.213013704611434],[111.117895555134567,-8.213014181217163],[111.117896590818461,-8.2130146379896],[111.117897581247817,-8.21301507480322],[111.117898526138006,-8.21301549153249],[111.117899425204413,-8.213015888051888],[111.117900278162409,-8.213016264235886],[111.117901084727407,-8.213016619958955],[111.11790184461475,-8.213016955095567],[111.117902557539836,-8.213017269520199],[111.117903223218036,-8.21301756310732],[111.117903841364736,-8.213017835731405],[111.117904411695307,-8.213018087266924],[111.117904933925161,-8.213018317588354],[111.117905407769626,-8.213018526570163],[111.117905832944118,-8.21301871408683],[111.117906209163991,-8.213018880012823],[111.117906536144673,-8.213019024222618],[111.117906813601522,-8.213019146590684],[111.117907041249893,-8.213019246991493],[111.117907218805186,-8.213019325299525],[111.1179073459828,-8.213019381389248],[111.117907422498078,-8.213019415135133],[111.117907448066418,-8.213019426411657]]]}},
{"type":"Feature","properties":{"id":null},"geometry":{"type":"MultiLineString","coordinates":[[[111.118317493664236,-8.213182835777005],[111.118317532487438,-8.213182851203005],[111.118317648668963,-8.213182897366528],[111.118317841776658,-8.213182974095851],[111.118318111378301,-8.213183081219263],[111.118318457041752,-8.213183218565037],[111.118318878334819,-8.213183385961464],[111.118319374825376,-8.21318358323682],[111.118319946081215,-8.213183810219393],[111.118320591670184,-8.213184066737458],[111.118321311160116,-8.213184352619301],[111.11832210411886,-8.213184667693204],[111.118322970114193,-8.213185011787449],[111.11832390871399,-8.213185384730316],[111.118324919486042,-8.21318578635009],[111.11832600199827,-8.213186216475052],[111.118327155818392,-8.21318667493348],[111.118328380514228,-8.213187161553657],[111.118329675653726,-8.213187676163873],[111.118331040804691,-8.213188218592403],[111.118332475534899,-8.21318878866753],[111.118333979412199,-8.213189386217536],[111.11833555200441,-8.213190011070704],[111.118337192879409,-8.213190663055315],[111.118338901604972,-8.21319134199965],[111.118340677748961,-8.213192047731996],[111.118342520879196,-8.213192780080629],[111.118344430563482,-8.213193538873831],[111.118346406369753,-8.213194323939891],[111.118348447865671,-8.21319513510708],[111.118350554619198,-8.213195972203691],[111.11835272619814,-8.213196835058003],[111.118354962170315,-8.213197723498293],[111.11835726210353,-8.213198637352848],[111.118359625565674,-8.213199576449949],[111.118362052124525,-8.213200540617878],[111.118364541347958,-8.213201529684914],[111.118367092803737,-8.213202543479342],[111.118369706059724,-8.213203581829443],[111.118372380683752,-8.213204644563499],[111.118375116243698,-8.213205731509795],[111.118377912307352,-8.213206842496609],[111.118380768442535,-8.213207977352223],[111.118383684217079,-8.213209135904922],[111.118386659198819,-8.213210317982988],[111.118389692955617,-8.213211523414699],[111.118392785055249,-8.21321275202834],[111.118395935065593,-8.213214003652194],[111.118399142554466,-8.213215278114541],[111.118402407089675,-8.21321657524366],[111.118405728239068,-8.213217894867842],[111.118409105570478,-8.213219236815361],[111.118412538651725,-8.2132206009145],[111.118416027050671,-8.213221986993542],[111.118419570335092,-8.213223394880771],[111.118423168072866,-8.213224824404467],[111.118426819831825,-8.213226275392913],[111.118430525179775,-8.21322774767439],[111.11843428368455,-8.213229241077183],[111.118438094913984,-8.213230755429569],[111.118441958435909,-8.213232290559834],[111.118445873818146,-8.213233846296253],[111.118449840628529,-8.21323542246712],[111.118453858434904,-8.213237018900708],[111.118457926805135,-8.213238635425302],[111.118462045306956,-8.213240271869184],[111.118466213508285,-8.213241928060635],[111.118470430976899,-8.213243603827939],[111.118474697280647,-8.213245298999373],[111.118479011987404,-8.213247013403226],[111.118483374664919,-8.213248746867775],[111.118487784881069,-8.213250499221305],[111.118492242203658,-8.213252270292095],[111.118496746200577,-8.213254059908429],[111.118501296439604,-8.213255867898589],[111.118505892488514,-8.213257694090853],[111.11851053391527,-8.21325953831351],[111.118515220287648,-8.213261400394838],[111.118519951173454,-8.213263280163121],[111.118524726140521,-8.213265177446639],[111.118529544756697,-8.213267092073675],[111.118534406589845,-8.213269023872508],[111.118539311207741,-8.213270972671424],[111.118544258178161,-8.213272938298704],[111.118549247069055,-8.213274920582627],[111.11855427744824,-8.213276919351481],[111.118559348883508,-8.213278934433543],[111.11856446094265,-8.213280965657098],[111.118569613193571,-8.213283012850425],[111.118574805204091,-8.213285075841808],[111.118580036541985,-8.213287154459531],[111.118585306775131,-8.213289248531872],[111.118590615471348,-8.213291357887114],[111.118595962198469,-8.213293482353542],[111.118601346524343,-8.213295621759432],[111.118606768016761,-8.213297775933071],[111.11861222624357,-8.21329994470274],[111.11861772077259,-8.213302127896721],[111.118623251171698,-8.213304325343296],[111.118628817008656,-8.213306536870743],[111.118634417851368,-8.213308762307351],[111.118640053267598,-8.213311001481397],[111.118645722825235,-8.213313254221168],[111.118651426092057,-8.213315520354941],[111.118657162635941,-8.213317799711],[111.118662932024648,-8.213320092117625],[111.118668733826098,-8.213322397403099],[111.118674567608082,-8.213324715395707],[111.118680432938405,-8.213327045923727],[111.118686329384943,-8.213329388815444],[111.118692256515516,-8.21333174389914],[111.118698213897929,-8.213334111003094],[111.118704201100002,-8.213336489955589],[111.11871021768961,-8.21333888058491],[111.118716263234575,-8.213341282719336],[111.118722337302714,-8.213343696187149],[111.118728439461862,-8.213346120816633],[111.118734569279809,-8.213348556436067],[111.118740726324461,-8.213351002873734],[111.118746910163637,-8.21335345995792],[111.118753120365113,-8.213355927516901],[111.118759356496724,-8.213358405378962],[111.118765618126346,-8.213360893372384],[111.118771904821799,-8.213363391325451],[111.118778216150886,-8.213365899066446],[111.118784551681472,-8.213368416423645],[111.11879091098136,-8.213370943225335],[111.1187972936184,-8.213373479299797],[111.118803699160424,-8.213376024475313],[111.118810127175266,-8.213378578580166],[111.118816577230703,-8.213381141442634],[111.11882304889464,-8.213383712891003],[111.118829541734868,-8.213386292753555],[111.118836055319235,-8.21338888085857],[111.118842589215546,-8.213391477034332],[111.118849142991664,-8.21339408110912],[111.118855716215393,-8.213396692911219],[111.118862308454581,-8.213399312268908],[111.11886891927702,-8.213401939010474],[111.118875548250628,-8.213404572964194],[111.11888219494314,-8.213407213958352],[111.118888858922446,-8.21340986182123],[111.118895539756295,-8.213412516381108],[111.118902237012634,-8.21341517746627],[111.118908950259225,-8.213417844904999],[111.118915679063917,-8.213420518525577],[111.118922422994515,-8.213423198156283],[111.118929181618896,-8.213425883625401],[111.118935954504863,-8.213428574761213],[111.118942741220238,-8.213431271392002],[111.118949541332867,-8.213433973346048],[111.118956354410585,-8.213436680451634],[111.118963180021183,-8.213439392537042],[111.118970017732579,-8.213442109430554],[111.118976867112508,-8.213444830960452],[111.11898372772886,-8.213447556955019],[111.118990599149427,-8.213450287242535],[111.118997480942085,-8.213453021651283],[111.119004372674596,-8.213455760009543],[111.119011273914865,-8.213458502145601],[111.119018184230683,-8.213461247887736],[111.119025103189898,-8.213463997064231],[111.119032030360316,-8.213466749503368],[111.119038965309798,-8.21346950503343],[111.119045907606136,-8.213472263482696],[111.119052856817191,-8.213475024679452],[111.11905981251077,-8.213477788451975],[111.119066774254733,-8.213480554628552],[111.119073741616916,-8.213483323037464],[111.119080714165108,-8.21348609350699],[111.119087691467172,-8.213488865865415],[111.119094673090927,-8.213491639941019],[111.119101658604194,-8.213494415562083],[111.119108647574819,-8.213497192556893],[111.119115639570651,-8.21349997075373],[111.11912263415951,-8.213502749980876],[111.119129630909185,-8.213505530066611],[111.119136629387555,-8.213508310839217],[111.119143629162423,-8.213511092126977],[111.119150629801652,-8.213513873758174],[111.119157630873019,-8.213516655561088],[111.119164631944386,-8.213519437364003],[111.119171632583601,-8.2135222189952],[111.119178632358469,-8.21352500028296],[111.119185630836824,-8.213527781055564],[111.119192627586528,-8.213530561141299],[111.119199622175358,-8.213533340368446],[111.119206614171176,-8.213536118565282],[111.119213603141816,-8.213538895560092],[111.119220588655082,-8.213541671181158],[111.119227570278866,-8.213544445256762],[111.119234547580916,-8.213547217615188],[111.119241520129123,-8.213549988084713],[111.119248487491291,-8.213552756493625],[111.119255449235254,-8.213555522670202],[111.119262404928847,-8.213558286442726],[111.119269354139917,-8.21356104763948],[111.119276296436254,-8.213563806088748],[111.119283231385737,-8.213566561618808],[111.11929015855614,-8.213569314057946],[111.119297077515341,-8.213572063234441],[111.119303987831159,-8.213574808976576],[111.119310889071414,-8.213577551112634],[111.119317780803954,-8.213580289470894],[111.119324662596597,-8.213583023879643],[111.119331534017178,-8.213585754167157],[111.119338394633502,-8.213588480161725],[111.119345244013459,-8.213591201691621],[111.119352081724813,-8.213593918585133],[111.119358907335425,-8.213596630670542],[111.119365720413143,-8.213599337776129],[111.119372520525786,-8.213602039730175],[111.119379307241161,-8.213604736360962],[111.119386080127128,-8.213607427496775],[111.119392838751509,-8.213610112965894],[111.119399582682107,-8.213612792596601],[111.119406311486813,-8.213615466217178],[111.119413024733404,-8.213618133655908],[111.119419721989715,-8.21362079474107],[111.119426402823635,-8.213623449300949],[111.119433066802912,-8.213626097163825],[111.119439713495424,-8.213628738157984],[111.11944634246899,-8.213631372111703],[111.119452953291443,-8.213633998853268],[111.119459545530631,-8.213636618210959],[111.119466118754374,-8.213639230013056],[111.119472672530463,-8.213641834087843],[111.119479206426774,-8.213644430263606],[111.119485720011141,-8.21364701836862],[111.119492212851355,-8.213649598231173],[111.119498684515293,-8.213652169679541],[111.119505134570772,-8.213654732542011],[111.119511562585586,-8.213657286646862],[111.119517968127596,-8.21365983182238],[111.119524350764635,-8.213662367896841],[111.119530710064538,-8.213664894698532],[111.119537045595123,-8.213667412055733],[111.119543356924225,-8.213669919796724],[111.119549643619678,-8.213672417749791],[111.119555905249314,-8.213674905743215],[111.119562141380925,-8.213677383605276],[111.119568351582416,-8.213679851164258],[111.119574535421563,-8.213682308248442],[111.119580692466201,-8.21368475468611],[111.119586822284191,-8.213687190305546],[111.11959292444331,-8.213689614935028],[111.119598998511449,-8.213692028402841],[111.119605044056414,-8.213694430537267],[111.119611060646008,-8.213696821166586],[111.119617047848109,-8.213699200119081],[111.119623005230522,-8.213701567223035],[111.119628932361053,-8.213703922306731],[111.119634828807591,-8.213706265198448],[111.119640694137928,-8.213708595726469],[111.119646527919912,-8.213710913719076],[111.119652329721347,-8.213713219004553],[111.119658099110111,-8.213715511411177],[111.119663835653952,-8.213717790767236],[111.119669538920789,-8.213720056901009],[111.119675208478412,-8.213722309640779],[111.11968084389467,-8.213724548814826],[111.119686444737368,-8.21372677425143],[111.119692010574326,-8.213728985778882],[111.119697540973419,-8.213731183225457],[111.119703035502482,-8.213733366419438],[111.119708493729277,-8.213735535189105],[111.119713915221709,-8.213737689362747],[111.119719299547569,-8.213739828768638],[111.11972464627469,-8.213741953235063],[111.119729954970907,-8.213744062590305],[111.119735225204039,-8.213746156662646],[111.119740456541962,-8.213748235280367],[111.119745648552453,-8.213750298271751],[111.119750800803359,-8.213752345465078],[111.119755912862516,-8.213754376688632],[111.119760984297784,-8.213756391770696],[111.119766014676941,-8.213758390539548],[111.119771003567834,-8.213760372823472],[111.119775950538312,-8.213762338450753],[111.119780855156208,-8.213764287249669],[111.119785716989313,-8.213766219048503],[111.119790535605489,-8.213768133675538],[111.119795310572556,-8.213770030959056],[111.119800041458376,-8.213771910727338],[111.119804727830726,-8.213773772808665],[111.119809369257482,-8.21377561703132],[111.119813965306449,-8.21377744322359],[111.119818515545461,-8.213779251213747],[111.119823019542366,-8.213781040830083],[111.119827476864984,-8.213782811900874],[111.119831887081119,-8.2137845642544],[111.119836249758634,-8.213786297718951],[111.119840564465363,-8.213788012122803],[111.119844830769125,-8.213789707294238],[111.119849048237739,-8.21379138306154],[111.119853216439054,-8.213793039252993],[111.119857334940889,-8.213794675696873],[111.119861403311091,-8.213796292221467],[111.119865421117467,-8.213797888655057],[111.119869387927878,-8.213799464825922],[111.119873303310129,-8.213801020562345],[111.11987716683204,-8.21380255569261],[111.119880978061488,-8.213804070044995],[111.119884736566263,-8.213805563447787],[111.119888441914185,-8.213807035729264],[111.119892093673158,-8.21380848671771],[111.119895691410932,-8.213809916241406],[111.119899234695353,-8.213811324128635],[111.119902723094299,-8.213812710207678],[111.119906156175546,-8.213814074306818],[111.119909533506956,-8.213815416254336],[111.119912854656363,-8.213816735878515],[111.119916119191558,-8.213818033007637],[111.119919326680446,-8.213819307469983],[111.119922476690775,-8.213820559093836],[111.119925568790407,-8.213821787707477],[111.119928602547191,-8.213822993139189],[111.119931577528945,-8.213824175217253],[111.119934493303489,-8.213825333769952],[111.119937349438672,-8.213826468625568],[111.119940145502326,-8.213827579612381],[111.119942881062244,-8.213828666558676],[111.1199455556863,-8.213829729292733],[111.119948168942301,-8.213830767642834],[111.119950720398109,-8.213831781437264],[111.119953209621514,-8.2138327705043],[111.11995563618035,-8.213833734672228],[111.11995799964248,-8.213834673769329],[111.119960299575723,-8.213835587623882],[111.119962535547884,-8.213836476064174],[111.119964707126826,-8.213837338918482],[111.119966813880353,-8.213838176015093],[111.119968855376314,-8.213838987182289],[111.119970831182542,-8.213839772248345],[111.119972740866842,-8.213840531041548],[111.119974583997077,-8.213841263390181],[111.119976360141067,-8.213841969122527],[111.119978068866615,-8.213842648066862],[111.119979709741614,-8.213843300051472],[111.119981282333825,-8.213843924904641],[111.119982786211125,-8.213844522454645],[111.119984220941333,-8.213845092529773],[111.11998558609227,-8.213845634958302],[111.119986881231753,-8.213846149568516],[111.119988105927675,-8.213846636188698],[111.119989259747769,-8.213847094647127],[111.119990342259968,-8.213847524772088],[111.119991353032049,-8.21384792639186],[111.119992291631817,-8.213848299334728],[111.119993157627178,-8.213848643428973],[111.119993950585894,-8.213848958502876],[111.119994670075826,-8.213849244384718],[111.119995315664809,-8.213849500902784],[111.119995886920663,-8.213849727885355],[111.119996383411191,-8.213849925160712],[111.1199968047043,-8.213850092557138],[111.119997150367738,-8.213850229902915],[111.11999741996938,-8.213850337026328],[111.119997613077061,-8.213850413755651],[111.119997729258571,-8.213850459919172],[111.119997768081788,-8.213850475345172]]]}},
{"type":"Feature","properties":{"id":null},"geometry":{"type":"MultiLineString","coordinates":[[[111.120406460271852,-8.213970277966348],[111.120406480677318,-8.21397027605277],[111.120406541715752,-8.213970270410625],[111.12040664312012,-8.213970261187807],[111.120406784623469,-8.213970248532204],[111.120406965958736,-8.213970232591706],[111.120407186858955,-8.213970213514196],[111.120407447057133,-8.213970191447576],[111.120407746286304,-8.213970166539726],[111.12040808427939,-8.213970138938539],[111.120408460769426,-8.213970108791905],[111.120408875489474,-8.213970076247714],[111.120409328172443,-8.213970041453852],[111.12040981855138,-8.213970004558215],[111.120410346359293,-8.213969965708687],[111.120410911329188,-8.21396992505316],[111.120411513193986,-8.213969882739521],[111.120412151686779,-8.213969838915663],[111.12041282654053,-8.213969793729476],[111.120413537488247,-8.213969747328848],[111.120414284262964,-8.213969699861668],[111.120415066597616,-8.213969651475827],[111.120415884225281,-8.213969602319214],[111.12041673687888,-8.213969552539718],[111.120417624291477,-8.213969502285229],[111.120418546196049,-8.213969451703639],[111.120419502325575,-8.213969400942833],[111.120420492413089,-8.213969350150705],[111.12042151619157,-8.213969299475144],[111.120422573394038,-8.213969249064036],[111.120423663753471,-8.213969199065273],[111.120424787002918,-8.213969149626745],[111.120425942875329,-8.213969100896344],[111.120427131103739,-8.213969053021955],[111.120428351421111,-8.213969006151471],[111.120429603560495,-8.21396896043278],[111.120430887254827,-8.213968916013773],[111.120432202237168,-8.213968873042337],[111.120433548240513,-8.213968831666362],[111.120434924997795,-8.213968792033739],[111.120436332242122,-8.21396875429236],[111.120437769706413,-8.21396871859011],[111.120439237123719,-8.213968685074883],[111.120440734227003,-8.213968653894566],[111.120442260749286,-8.213968625197049],[111.12044381642356,-8.213968599130222],[111.120445400982845,-8.213968575841971],[111.120447014160135,-8.213968555480193],[111.120448655688392,-8.213968538192773],[111.120450325300681,-8.213968524127601],[111.12045202272995,-8.213968513432567],[111.120453747709234,-8.21396850625556],[111.120455499971527,-8.213968502744471],[111.120457279249791,-8.213968503047187],[111.120459085277091,-8.2139685073116],[111.120460917786389,-8.2139685156856],[111.120462776510706,-8.213968528317077],[111.120464661183036,-8.213968545353918],[111.120466571536369,-8.213968566944011],[111.120468507303713,-8.213968593235254],[111.120470468218087,-8.213968624375527],[111.1204724540124,-8.213968660512725],[111.1204744644198,-8.213968701794739],[111.120476499173193,-8.213968748369455],[111.120478558005601,-8.213968800384762],[111.120480640650044,-8.213968857988554],[111.1204827468395,-8.213968921328716],[111.120484876306989,-8.213968990553143],[111.120487028785476,-8.213969065809719],[111.12048920400801,-8.213969147246337],[111.12049140170754,-8.213969235010884],[111.120493621617115,-8.213969329251253],[111.120495863469714,-8.213969430115334],[111.120498126998314,-8.213969537751009],[111.120500411935993,-8.213969652306176],[111.120502718015629,-8.213969773928721],[111.120505044970344,-8.213969902766536],[111.120507392533071,-8.21397003896751],[111.12050976043686,-8.21397018267953],[111.120512148414662,-8.213970334050487],[111.120514556199495,-8.213970493228272],[111.120516983524368,-8.213970660360774],[111.120519430122272,-8.213970835595882],[111.120521895726199,-8.213971019081482],[111.120524380069185,-8.213971210965473],[111.120526882884221,-8.213971411395738],[111.120529403904285,-8.213971620520169],[111.120531942862414,-8.213971838486652],[111.120534499491555,-8.21397206544308],[111.120537073524758,-8.213972301537343],[111.120539664695016,-8.213972546917329],[111.120542272735278,-8.213972801730927],[111.120544897378622,-8.213973066126028],[111.120547538358025,-8.213973340250522],[111.120550195406466,-8.213973624252299],[111.120552868256937,-8.213973918279249],[111.120555556642486,-8.213974222479255],[111.120558260296079,-8.213974537000215],[111.120560978950721,-8.213974861990014],[111.120563712339404,-8.213975197596543],[111.12056646019515,-8.213975543967695],[111.120569222250978,-8.213975901251352],[111.120571998239839,-8.213976269595413],[111.120574787894782,-8.213976649147757],[111.120577590948756,-8.213977040056285],[111.12058040713481,-8.213977442468877],[111.120583236185922,-8.213977856533429],[111.1205860778351,-8.213978282397825],[111.120588931815348,-8.213978720209962],[111.120591797859674,-8.213979170117724],[111.120594675701057,-8.213979632269002],[111.120597565072501,-8.21398010681169],[111.120600465707014,-8.213980593893666],[111.120603377337616,-8.213981093662831],[111.120606299697272,-8.213981606267069],[111.120609232519001,-8.213982131854273],[111.120612175535825,-8.213982670572333],[111.120615128480722,-8.213983222569134],[111.120618091086655,-8.213983787992568],[111.120621063086702,-8.213984366990527],[111.120624044213812,-8.213984959710897],[111.120627034200979,-8.213985566301567],[111.120630032781264,-8.21398618691043],[111.12063303968759,-8.213986821685376],[111.120636054653048,-8.213987470774294],[111.120639077410573,-8.213988134325071],[111.120642107693158,-8.213988812485599],[111.120645145233851,-8.213989505403767],[111.120648189765632,-8.213990213227463],[111.120651241021477,-8.213990936104581],[111.120654298734436,-8.213991674183006],[111.120657362637459,-8.213992427610629],[111.120660432463609,-8.213993196535343],[111.120663507945835,-8.213993981105034],[111.120666588817187,-8.213994781467592],[111.120669674810586,-8.213995597770907],[111.120672765659094,-8.213996430162871],[111.120675861095691,-8.213997278791368],[111.120678960853411,-8.213998143804293],[111.120682064665232,-8.213999025349533],[111.120685172264118,-8.213999923574978],[111.120688283383132,-8.214000838628518],[111.120691397755238,-8.214001770658044],[111.120694515113456,-8.214002719811441],[111.120697635190737,-8.214003686236603],[111.120700757720158,-8.214004670081421],[111.120703882434697,-8.21400567149378],[111.120707009067317,-8.214006690621574],[111.120710137351068,-8.214007727612687],[111.120713267018914,-8.214008782615014],[111.120716397803861,-8.214009855776442],[111.120719529438929,-8.21401094724486],[111.12072266165714,-8.214012057168162],[111.120725794191415,-8.214013185694233],[111.120728926774845,-8.214014332970967],[111.12073205914038,-8.214015499146248],[111.120735191021055,-8.214016684367969],[111.120738322149819,-8.214017888784021],[111.120741452259693,-8.214019112542289],[111.120744581083699,-8.214020355790666],[111.120747708354841,-8.214021618677041],[111.120750833806113,-8.214022901349308],[111.120753957170493,-8.214024203955347],[111.120757078181001,-8.214025526643056],[111.120760196570643,-8.214026869560318],[111.120763312072398,-8.214028232855032],[111.120766424419259,-8.214029616675075],[111.120769533344259,-8.214031021168347],[111.120772638580419,-8.214032446482733],[111.120775739860676,-8.214033892766126],[111.120778836918106,-8.214035360166413],[111.120781929485645,-8.214036848831483],[111.120785017296299,-8.214038358909225],[111.120788100083118,-8.214039890547532],[111.120791177579065,-8.214041443894292],[111.120794249517161,-8.214043019097398],[111.120797315630398,-8.214044616304733],[111.120800375651754,-8.214046235664192],[111.120803429314293,-8.214047877323662],[111.120806476350936,-8.214049541431031],[111.120809516494745,-8.214051228134192],[111.120812549478671,-8.214052937581032],[111.120815575035749,-8.214054669919445],[111.120818592899013,-8.214056425297315],[111.120821602801385,-8.214058203862535],[111.120824604475914,-8.214060005762995],[111.120827597655591,-8.214061831146584],[111.12083058207341,-8.214063680161189],[111.120833557462419,-8.214065552954706],[111.120836523555553,-8.214067449675017],[111.120839480085849,-8.214069370470018],[111.120842426786282,-8.214071315487592],[111.12084536338989,-8.214073284875635],[111.120848289629663,-8.214075278782033],[111.120851205238566,-8.214077297354679],[111.120854109949647,-8.21407934074146],[111.1208570034959,-8.214081409090264],[111.120859885610315,-8.214083502548984],[111.120862756025872,-8.214085621265507],[111.120865614475605,-8.214087765387726],[111.120868460692506,-8.214089935063527],[111.120871294409568,-8.2140921304408],[111.120874115359811,-8.214094351667438],[111.120876923276199,-8.214096598891329],[111.120879717891768,-8.21409887226036],[111.120882498939494,-8.214101171922424],[111.120885266152428,-8.214103498025409],[111.120888019263504,-8.214105850717205],[111.120890758005771,-8.214108230145703],[111.120893482112194,-8.214110636458791],[111.120896191315808,-8.214113069804357],[111.120898885349618,-8.214115530330295],[111.120901563946546,-8.21411801818449],[111.120904226839713,-8.214120533514837],[111.120906873762053,-8.214123076469219],[111.120909504446558,-8.21412564719553],[111.120912118626251,-8.21412824584166],[111.120914716034122,-8.214130872555497],[111.120917296403192,-8.214133527484931],[111.12091985946644,-8.214136210777852],[111.120922404956872,-8.21413892258215],[111.120924932607522,-8.214141663045712],[111.120927442151299,-8.214144432316429],[111.120929933321321,-8.214147230542194],[111.12093240585051,-8.214150057870892],[111.120934859471888,-8.214152914450416],[111.120937293918473,-8.214155800428653],[111.12093970892326,-8.214158715953493],[111.120942104219239,-8.214161661172827],[111.120944479539389,-8.214164636234546],[111.12094683461676,-8.214167641286537],[111.120949169184328,-8.214170676476689],[111.120951482975101,-8.214173741952894],[111.120953775722072,-8.21417683786304],[111.120956047158245,-8.214179964355019],[111.120958297016614,-8.214183121576717],[111.120960525030199,-8.214186309676025],[111.120962730931979,-8.214189528800834],[111.120964914454973,-8.214192779099035],[111.12096707533216,-8.214196060718512],[111.120969213296576,-8.21419937380716],[111.120971328081197,-8.214202718512865],[111.120973419419016,-8.214206094983519],[111.120975487043083,-8.214209503367012],[111.120977530686332,-8.214212943811233],[111.120979550081799,-8.214216416464071],[111.120981544962476,-8.214219921473417],[111.120983515061397,-8.214223458987158],[111.120985460111513,-8.214227029153184],[111.120987379845843,-8.214230632119387],[111.120989273997424,-8.214234268033657],[111.120991142299204,-8.21423793704388],[111.120992984484189,-8.214241639297947],[111.120994800285445,-8.214245374943749],[111.12099658943589,-8.214249144129177],[111.120998351668561,-8.214252947002118],[111.12100008671645,-8.214256783710461],[111.121001794312591,-8.214260654402098],[111.121003474189934,-8.214264559224915],[111.121005126081513,-8.214268498326808],[111.121006749720351,-8.214272471855661],[111.12100834483941,-8.214276479959366],[111.121009911171683,-8.214280522785812],[111.12101144845019,-8.214284600482889],[111.121012956407952,-8.214288713198485],[111.121014434777948,-8.214292861080494],[111.121015883293182,-8.214297044276799],[111.121017301686635,-8.214301262935296],[111.121018689691368,-8.21430551720387],[111.121020047040304,-8.214309807230414],[111.121021373466476,-8.214314133162816],[111.121022668702921,-8.214318495148966],[111.121023932482586,-8.214322893336751],[111.121025164538509,-8.214327327874066],[111.121026364603694,-8.214331798908798],[111.121027532411105,-8.214336306588836],[111.121028667693764,-8.214340851062069],[111.121029770184663,-8.214345432476387],[111.121030839616836,-8.214350050979682],[111.121031875723247,-8.214354706719842],[111.121032878236903,-8.214359399844755],[111.121033846890839,-8.214364130502313],[111.121034781418018,-8.214368898840405],[111.121035681551447,-8.214373705006922],[111.121036547024147,-8.21437854914975],[111.121037377569081,-8.214383431416781],[111.121038172919299,-8.214388351955904],[111.12103893280775,-8.214393310915012],[111.121039656967483,-8.214398308441988],[111.121040345131476,-8.214403344684728],[111.121040997032736,-8.214408419791118],[111.121041612404241,-8.214413533909049],[111.121042190979026,-8.214418687186409],[111.121042732490096,-8.21442387977109],[111.121043236670417,-8.214429111810981],[111.12104370325298,-8.21443438345397],[111.121044131970848,-8.214439694847949],[111.121044522556986,-8.214445046140805],[111.121044874744385,-8.21445043748043],[111.121045188266052,-8.214455869014714],[111.121045462855008,-8.214461340891543],[111.121045698244231,-8.214466853258809],[111.121045894166727,-8.214472406264404],[111.121046050355517,-8.214478000056214],[111.121046166543579,-8.214483634782129],[111.121046242463919,-8.214489310590039],[111.121046277849544,-8.214495027627835],[111.121046272433432,-8.214500786043406],[111.121046225948618,-8.214506585984644],[111.121046138128079,-8.214512427599432],[111.121046008704838,-8.214518311035667],[111.121045837411884,-8.21452423644123],[111.121045623982198,-8.214530203964022],[111.121045368148827,-8.214536213751924],[111.121045069644737,-8.214542265952828],[111.121044728202961,-8.214548360714625],[111.121044343556434,-8.214554498185203],[111.121043915438221,-8.214560678512454],[111.1210434435813,-8.214566901844263],[111.121042927718676,-8.214573168328524],[111.121042367583357,-8.214579478113123],[111.121041762908305,-8.214585831345955],[111.121041113426571,-8.214592228174906],[111.121040418871132,-8.214598668747865],[111.121039678975009,-8.214605153212721],[111.12103889347118,-8.214611681717368],[111.121038062092651,-8.214618254409693],[111.12103718457243,-8.214624871437584],[111.121036260643507,-8.21463153294893],[111.121035290038904,-8.214638239091627],[111.121034272491599,-8.214644990013559],[111.121033207734584,-8.214651785862618],[111.121032095500908,-8.21465862678669],[111.121030935523521,-8.214665512933671],[111.121029727535458,-8.214672444451445],[111.121028471269696,-8.214679421487903],[111.121027166459257,-8.214686444190935],[111.121025812837132,-8.214693512708433],[111.121024410136314,-8.214700627188281],[111.12102295808981,-8.214707787778378],[111.121021456430668,-8.214714994626604],[111.121019904891796,-8.214722247880854],[111.12101830320627,-8.214729547689014],[111.121016651107055,-8.214736894198976],[111.121014948327186,-8.214744287558633],[111.121013194599627,-8.214751727915866],[111.121011389657355,-8.214759215418573],[111.121009533233448,-8.214766750214642],[111.121007625060855,-8.214774332451956],[111.121005664872598,-8.214781962278414],[111.121003652401669,-8.214789639841898],[111.121001587381073,-8.214797365290302],[111.120999469543804,-8.214805138771519],[111.120997298622839,-8.214812960433427],[111.120995074351256,-8.214820830423927],[111.120992796461991,-8.214828748890904],[111.120990464688049,-8.214836715982246],[111.120988078762437,-8.214844731845847],[111.120985638418176,-8.214852796629591],[111.120983143388273,-8.214860910481377],[111.12098059340569,-8.214869073549082]]]}},
{"type":"Feature","properties":{"id":null},"geometry":{"type":"MultiLineString","coordinates":[[[111.120802161727312,-8.215444864031729],[111.12080215111196,-8.215444897162715],[111.120802119344674,-8.215444996309806],[111.120802066543632,-8.215445161104187],[111.120801992826998,-8.215445391177063],[111.120801898312962,-8.215445686159624],[111.120801783119603,-8.215446045683066],[111.120801647365184,-8.215446469378588],[111.120801491167853,-8.215446956877379],[111.12080131464576,-8.215447507810634],[111.120801117917068,-8.215448121809555],[111.120800901099969,-8.21544879850533],[111.120800664312611,-8.215449537529157],[111.120800407673144,-8.21545033851223],[111.120800131299774,-8.215451201085745],[111.120799835310635,-8.215452124880894],[111.120799519823919,-8.215453109528875],[111.120799184957747,-8.215454154660881],[111.120798830830353,-8.21545525990811],[111.120798457559886,-8.215456424901754],[111.120798065264466,-8.215457649273009],[111.120797654062315,-8.215458932653069],[111.120797224071595,-8.215460274673132],[111.120796775410454,-8.21546167496439],[111.120796308197043,-8.215463133158039],[111.120795822549553,-8.215464648885273],[111.120795318586161,-8.215466221777287],[111.120794796425031,-8.215467851465279],[111.120794256184283,-8.215469537580439],[111.120793697982094,-8.215471279753967],[111.120793121936742,-8.215473077617053],[111.120792528166263,-8.215474930800896],[111.120791916788889,-8.21547683893669],[111.120791287922771,-8.21547880165563],[111.120790641686057,-8.215480818588908],[111.120789978196953,-8.215482889367724],[111.120789297573594,-8.215485013623269],[111.120788599934158,-8.215487190986739],[111.120787885396808,-8.21548942108933],[111.120787154079693,-8.215491703562234],[111.120786406101018,-8.215494038036653],[111.120785641578976,-8.215496424143772],[111.120784860631673,-8.215498861514796],[111.120784063377286,-8.215501349780912],[111.120783249933993,-8.215503888573318],[111.120782420419971,-8.21550647752321],[111.120781574953369,-8.215509116261781],[111.120780713652366,-8.215511804420229],[111.120779836635137,-8.215514541629744],[111.120778944019833,-8.215517327521527],[111.120778035924616,-8.215520161726769],[111.120777112467664,-8.215523043876663],[111.12077617376714,-8.215525973602411],[111.120775219941208,-8.2155289505352],[111.12077425110806,-8.215531974306231],[111.120773267385829,-8.215535044546694],[111.120772268892708,-8.215538160887791],[111.12077125574686,-8.215541322960709],[111.120770228066462,-8.215544530396649],[111.120769185969635,-8.215547782826802],[111.120768129574586,-8.215551079882363],[111.120767058999462,-8.215554421194529],[111.120765974362442,-8.215557806394493],[111.120764875781717,-8.215561235113457],[111.120763763375422,-8.215564706982606],[111.120762637261748,-8.215568221633141],[111.120761497558817,-8.215571778696257],[111.120760344384848,-8.215575377803143],[111.120759177857977,-8.215579018585],[111.12075799809638,-8.215582700673021],[111.120756805218207,-8.215586423698403],[111.120755599341678,-8.215590187292337],[111.120754380584913,-8.215593991086021],[111.120753149066076,-8.215597834710648],[111.120751904903344,-8.215601717797414],[111.12075064821488,-8.215605639977511],[111.120749379118891,-8.215609600882141],[111.120748097733497,-8.215613600142493],[111.120746804176889,-8.215617637389766],[111.120745498567231,-8.215621712255151],[111.120744181022673,-8.215625824369845],[111.120742851661404,-8.215629973365044],[111.12074151060159,-8.215634158871939],[111.120740157961365,-8.21563838052173],[111.120738793858933,-8.215642637945608],[111.12073741841246,-8.215646930774772],[111.120736031740108,-8.215651258640412],[111.120734633960026,-8.215655621173726],[111.120733225190392,-8.215660018005908],[111.120731805549397,-8.215664448768155],[111.120730375155162,-8.21566891309166],[111.120728934125893,-8.215673410607618],[111.120727482579738,-8.215677940947224],[111.120726020634891,-8.215682503741675],[111.12072454840947,-8.215687098622164],[111.120723066021668,-8.215691725219884],[111.120721573589677,-8.215696383166032],[111.120720071231631,-8.215701072091804],[111.120718559065693,-8.215705791628393],[111.120717037210042,-8.215710541406994],[111.120715505782869,-8.215715321058806],[111.120713964902322,-8.215720130215018],[111.120712414686565,-8.215724968506832],[111.120710855253748,-8.215729835565437],[111.120709286722089,-8.215734731022028],[111.120707709209682,-8.215739654507804],[111.120706122834761,-8.215744605653956],[111.120704527715461,-8.215749584091682],[111.120702923969958,-8.215754589452175],[111.120701311716417,-8.215759621366633],[111.120699691073028,-8.215764679466247],[111.120698062157913,-8.215769763382216],[111.12069642508925,-8.215774872745728],[111.120694779985229,-8.215780007187984],[111.120693126964014,-8.215785166340178],[111.120691466143739,-8.215790349833505],[111.12068979764264,-8.21579555729916],[111.120688121578823,-8.215800788368336],[111.12068643807045,-8.215806042672231],[111.120684747235742,-8.215811319842036],[111.12068304919282,-8.215816619508949],[111.120681344059818,-8.215821941304164],[111.120679631955014,-8.215827284858875],[111.120677912996484,-8.21583264980428],[111.12067618730245,-8.215838035771572],[111.120674454991018,-8.215843442391945],[111.120672716180408,-8.215848869296597],[111.120670970988783,-8.215854316116717],[111.120669219534264,-8.215859782483507],[111.120667461935057,-8.215865268028161],[111.120665698309352,-8.215870772381868],[111.120663928775258,-8.215876295175828],[111.120662153451008,-8.215881836041234],[111.120660372454722,-8.215887394609286],[111.120658585904565,-8.21589297051117],[111.120656793918727,-8.21589856337809],[111.120654996615343,-8.215904172841233],[111.120653194112606,-8.215909798531797],[111.120651386528692,-8.215915440080982],[111.120649573981765,-8.215921097119974],[111.120647756589989,-8.215926769279976],[111.120645934471497,-8.215932456192178],[111.120644107744496,-8.215938157487777],[111.120642276527136,-8.215943872797967],[111.120640440937578,-8.215949601753941],[111.120638601094015,-8.215955343986899],[111.120636757114582,-8.215961099128032],[111.120634909117513,-8.215966866808536],[111.120633057220886,-8.215972646659608],[111.120631201542921,-8.21597843831244],[111.120629342201738,-8.215984241398228],[111.120627479315573,-8.215990055548165],[111.120625613002574,-8.215995880393454],[111.120623743380889,-8.216001715565278],[111.120621870568669,-8.216007560694841],[111.12061999468412,-8.216013415413336],[111.120618115845389,-8.216019279351956],[111.12061623417064,-8.216025152141896],[111.120614349778037,-8.216031033414353],[111.120612462785772,-8.216036922800519],[111.120610573311978,-8.216042819931593],[111.120608681474863,-8.216048724438767],[111.120606787392575,-8.216054635953236],[111.120604891183262,-8.216060554106196],[111.120602992965104,-8.216066478528843],[111.120601092856248,-8.216072408852371],[111.1205991909749,-8.21607834470797],[111.120597287439239,-8.216084285726842],[111.12059538236737,-8.21609023154018],[111.120593475877513,-8.216096181779177],[111.120591568087804,-8.216102136075033],[111.120589659116433,-8.216108094058935],[111.120587749081551,-8.216114055362084],[111.120585838101334,-8.216120019615673],[111.120583926293932,-8.216125986450898],[111.12058201377755,-8.216131955498952],[111.120580100670338,-8.216137926391035],[111.120578187090445,-8.216143898758332],[111.120576273156061,-8.216149872232048],[111.120574358985337,-8.216155846443375],[111.120572444696435,-8.216161821023507],[111.120570530407548,-8.216167795603639],[111.12056861623681,-8.216173769814963],[111.120566702302426,-8.216179743288677],[111.120564788722533,-8.216185715655978],[111.120562875615306,-8.21619168654806],[111.12056096309891,-8.216197655596114],[111.120559051291536,-8.21620362243134],[111.12055714031132,-8.216209586684929],[111.120555230276437,-8.216215547988078],[111.120553321305067,-8.216221505971983],[111.120551413515358,-8.216227460267836],[111.120549507025501,-8.216233410506835],[111.120547601953632,-8.216239356320173],[111.12054569841797,-8.216245297339045],[111.120543796536623,-8.216251233194646],[111.120541896427795,-8.216257163518172],[111.120539998209637,-8.216263087940817],[111.120538102000324,-8.216269006093778],[111.120536207918008,-8.216274917608246],[111.120534316080878,-8.21628082211542],[111.120532426607099,-8.216286719246494],[111.120530539614833,-8.21629260863266],[111.120528655222245,-8.216298489905117],[111.120526773547482,-8.216304362695057],[111.120524894708751,-8.216310226633675],[111.120523018824173,-8.21631608135217],[111.120521146011981,-8.216321926481733],[111.120519276390297,-8.216327761653559],[111.120517410077269,-8.216333586498845],[111.120515547191104,-8.216339400648785],[111.12051368784995,-8.216345203734573],[111.120511832171985,-8.216350995387405],[111.120509980275358,-8.216356775238477],[111.120508132278275,-8.216362542918981],[111.12050628829887,-8.216368298060114],[111.120504448455293,-8.216374040293072],[111.120502612865749,-8.216379769249048],[111.120500781648389,-8.21638548455924],[111.120498954921402,-8.216391185854837],[111.120497132802896,-8.216396872767039],[111.120495315411119,-8.216402544927039],[111.120493502864178,-8.216408201966033],[111.120491695280251,-8.216413843515214],[111.120489892777528,-8.21641946920578],[111.120488095474158,-8.216425078668923],[111.120486303488306,-8.216430671535843],[111.120484516938177,-8.216436247437727],[111.120482735941863,-8.216441806005779],[111.120480960617584,-8.216447346871185],[111.120479191083504,-8.216452869665144],[111.120477427457786,-8.216458374018853],[111.120475669858592,-8.216463859563504],[111.120473918404087,-8.216469325930294],[111.120472173212463,-8.216474772750418],[111.120470434401852,-8.216480199655068],[111.120468702090434,-8.216485606275441],[111.120466976396386,-8.216490992242733],[111.120465257437871,-8.216496357188138],[111.120463545333052,-8.21650170074285],[111.120461840200093,-8.216507022538066],[111.120460142157171,-8.216512322204977],[111.120458451322435,-8.216517599374786],[111.12045676781409,-8.216522853678677],[111.120455091750259,-8.216528084747855],[111.120453423249117,-8.216533292213509],[111.120451762428857,-8.216538475706834],[111.120450109407642,-8.216543634859029],[111.120448464303621,-8.216548769301285],[111.120446827234957,-8.216553878664801],[111.120445198319842,-8.216558962580766],[111.120443577676454,-8.21656402068038],[111.120441965422899,-8.216569052594835],[111.120440361677396,-8.216574057955331],[111.120438766558095,-8.216579036393055],[111.12043718018316,-8.216583987539209],[111.120435602670781,-8.216588911024985],[111.120434034139123,-8.216593806481578],[111.12043247470632,-8.216598673540181],[111.120430924490535,-8.216603511831993],[111.120429383610002,-8.216608320988207],[111.120427852182829,-8.21661310064002],[111.120426330327177,-8.216617850418622],[111.120424818161268,-8.216622569955211],[111.120423315803208,-8.216627258880983],[111.120421823371203,-8.216631916827133],[111.120420340983401,-8.216636543424853],[111.120418868757994,-8.216641138305341],[111.120417406813132,-8.216645701099791],[111.120415955266978,-8.216650231439395],[111.120414514237694,-8.216654728955353],[111.120413083843488,-8.216659193278858],[111.120411664202464,-8.216663624041104],[111.120410255432859,-8.216668020873286],[111.120408857652762,-8.216672383406602],[111.12040747098041,-8.216676711272241],[111.120406095533923,-8.216681004101403],[111.120404731431506,-8.216685261525283],[111.120403378791309,-8.216689483175072],[111.120402037731466,-8.21669366868197],[111.120400708370184,-8.216697817677165],[111.120399390825639,-8.21670192979186],[111.120398085215982,-8.216706004657246],[111.120396791659374,-8.216710041904518],[111.12039551027398,-8.21671404116487],[111.120394241177991,-8.216718002069499],[111.120392984489527,-8.216721924249599],[111.120391740326809,-8.216725807336367],[111.120390508807986,-8.216729650960994],[111.120389290051193,-8.216733454754676],[111.120388084174664,-8.21673721834861],[111.120386891296491,-8.216740941373992],[111.12038571153488,-8.216744623462015],[111.120384545008037,-8.21674826424387],[111.120383391834054,-8.216751863350758],[111.120382252131122,-8.216755420413872],[111.120381126017421,-8.216758935064407],[111.120380013611125,-8.216762406933555],[111.1203789150304,-8.216765835652517],[111.120377830393394,-8.216769220852482],[111.120376759818285,-8.21677256216465],[111.120375703423235,-8.216775859220213],[111.120374661326423,-8.216779111650366],[111.120373633645997,-8.216782319086306],[111.120372620500149,-8.216785481159224],[111.120371622007042,-8.216788597500319],[111.120370638284811,-8.216791667740782],[111.120369669451662,-8.216794691511812],[111.120368715625744,-8.216797668444602],[111.120367776925221,-8.21680059817035],[111.120366853468283,-8.216803480320245],[111.120365945373052,-8.216806314525487],[111.120365052757734,-8.216809100417269],[111.120364175740491,-8.216811837626784],[111.120363314439501,-8.216814525785232],[111.120362468972914,-8.216817164523803],[111.120361639458878,-8.216819753473695],[111.120360826015585,-8.2168222922661],[111.120360028761212,-8.216824780532217],[111.12035924781388,-8.216827217903239],[111.120358483291824,-8.216829604010361],[111.120357735313149,-8.216831938484775],[111.120357003996062,-8.216834220957683],[111.120356289458726,-8.216836451060274],[111.12035559181929,-8.216838628423744],[111.120354911195918,-8.216840752679289],[111.1203542477068,-8.216842823458105],[111.1203536014701,-8.216844840391383],[111.120352972603982,-8.216846803110323],[111.120352361226594,-8.216848711246117],[111.120351767456128,-8.216850564429958],[111.120351191410734,-8.216852362293046],[111.120350633208588,-8.216854104466574],[111.120350092967868,-8.216855790581734],[111.120349570806709,-8.216857420269726],[111.120349066843318,-8.216858993161742],[111.120348581195827,-8.216860508888974],[111.120348113982431,-8.216861967082624],[111.120347665321276,-8.216863367373882],[111.120347235330541,-8.216864709393944],[111.12034682412839,-8.216865992774004],[111.120346431832999,-8.216867217145259],[111.120346058562504,-8.216868382138902],[111.12034570443511,-8.216869487386131],[111.12034536956898,-8.216870532518138],[111.12034505408225,-8.216871517166119],[111.120344758093111,-8.216872440961268],[111.120344481719741,-8.216873303534783],[111.120344225080288,-8.216874104517855],[111.120343988292902,-8.216874843541682],[111.120343771475802,-8.216875520237458],[111.120343574747125,-8.216876134236376],[111.120343398225003,-8.216876685169636],[111.120343242027673,-8.216877172668426],[111.120343106273268,-8.216877596363947],[111.120342991079923,-8.216877955887389],[111.120342896565873,-8.21687825086995],[111.120342822849224,-8.216878480942826],[111.120342770048197,-8.216878645737212],[111.120342738280897,-8.216878744884298],[111.120342727665559,-8.216878778015284]]]}},
{"type":"Feature","properties":{"id":null},"geometry":{"type":"MultiLineString","coordinates":[[[111.120220140291593,-8.217279368569784],[111.120220132150948,-8.217279398730851],[111.120220107789407,-8.217279488990217],[111.120220067297609,-8.217279639012144],[111.120220010766161,-8.217279848460882],[111.120219938285686,-8.217280117000689],[111.120219849946778,-8.217280444295817],[111.120219745840103,-8.217280830010525],[111.120219626056283,-8.217281273809064],[111.120219490685884,-8.217281775355696],[111.120219339819556,-8.217282334314673],[111.120219173547923,-8.217282950350247],[111.120218991961593,-8.217283623126679],[111.120218795151203,-8.217284352308219],[111.120218583207347,-8.217285137559125],[111.120218356220661,-8.217285978543652],[111.120218114281769,-8.217286874926057],[111.120217857481236,-8.217287826370589],[111.120217585909771,-8.217288832541509],[111.120217299657952,-8.217289893103073],[111.120216998816403,-8.217291007719536],[111.120216683475746,-8.21729217605515],[111.120216353726576,-8.217293397774172],[111.120216009659543,-8.217294672540858],[111.120215651365243,-8.217296000019461],[111.120215278934282,-8.217297379874239],[111.120214892457327,-8.217298811769446],[111.120214492024971,-8.217300295369338],[111.120214077727837,-8.217301830338169],[111.120213649656506,-8.217303416340192],[111.120213207901656,-8.21730505303967],[111.120212752553897,-8.217306740100852],[111.120212283703822,-8.217308477187995],[111.120211801442082,-8.217310263965354],[111.120211305859272,-8.217312100097185],[111.120210797046028,-8.217313985247744],[111.120210275092958,-8.217315919081283],[111.120209740090687,-8.21731790126206],[111.120209192129821,-8.21731993145433],[111.12020863130094,-8.217322009322348],[111.120208057694768,-8.217324134530369],[111.120207471401855,-8.217326306742649],[111.120206872512853,-8.217328525623444],[111.120206261118355,-8.217330790837007],[111.120205637308985,-8.217333102047593],[111.120205001175364,-8.217335458919461],[111.120204352808116,-8.217337861116864],[111.120203692297864,-8.217340308304058],[111.120203019735214,-8.217342800145296],[111.120202335210806,-8.217345336304835],[111.120201638815246,-8.217347916446933],[111.120200930639157,-8.21735054023584],[111.120200210773135,-8.217353207335814],[111.120199479307786,-8.217355917411108],[111.120198736333805,-8.217358670125982],[111.120197981941772,-8.217361465144689],[111.120197216222309,-8.217364302131484],[111.120196439266024,-8.217367180750623],[111.120195651163542,-8.217370100666358],[111.120194852005497,-8.217373061542951],[111.120194041882471,-8.21737606304465],[111.120193220885113,-8.217379104835713],[111.120192389104048,-8.217382186580396],[111.120191546629869,-8.217385307942957],[111.120190693553255,-8.217388468587647],[111.120189829964744,-8.21739166817872],[111.120188955955001,-8.217394906380438],[111.120188071614635,-8.217398182857051],[111.120187177034254,-8.217401497272816],[111.120186272304522,-8.217404849291986],[111.120185357516021,-8.217408238578821],[111.120184432759373,-8.217411664797572],[111.120183498125215,-8.217415127612496],[111.120182553704126,-8.217418626687849],[111.120181599586772,-8.217422161687882],[111.120180635863719,-8.217425732276855],[111.120179662625674,-8.217429338119022],[111.120178679963161,-8.217432978878639],[111.120177687966859,-8.217436654219961],[111.120176686727362,-8.217440363807242],[111.120175676335322,-8.21744410730474],[111.120174656881318,-8.217447884376707],[111.120173628456001,-8.2174516946874],[111.120172591149938,-8.217455537901072],[111.120171545053807,-8.217459413681983],[111.120170490258175,-8.217463321694384],[111.120169426853764,-8.217467261602533],[111.120168354931081,-8.217471233070683],[111.12016727458078,-8.217475235763091],[111.120166185893524,-8.217479269344013],[111.120165088959851,-8.217483333477704],[111.120163983870455,-8.217487427828413],[111.12016287071593,-8.217491552060405],[111.12016174958687,-8.217495705837933],[111.120160620573913,-8.217499888825248],[111.120159483767708,-8.217504100686606],[111.120158339258822,-8.217508341086265],[111.120157187137892,-8.21751260968848],[111.120156027495568,-8.217516906157504],[111.120154860422417,-8.217521230157594],[111.120153686009118,-8.217525581353005],[111.120152504346237,-8.217529959407994],[111.120151315524453,-8.217534363986813],[111.120150119634332,-8.21753879475372],[111.120148916766482,-8.217543251372968],[111.120147707011583,-8.217547733508813],[111.120146490460229,-8.217552240825512],[111.120145267203014,-8.217556772987319],[111.12014403733059,-8.217561329658491],[111.12014280093355,-8.217565910503279],[111.12014155810256,-8.217570515185944],[111.1201403089282,-8.217575143370734],[111.120139053501077,-8.217579794721914],[111.12013779191183,-8.217584468903729],[111.12013652425108,-8.217589165580442],[111.120135250609451,-8.217593884416305],[111.120133971077564,-8.217598625075576],[111.120132685746,-8.217603387222505],[111.120131394705425,-8.21760817052135],[111.120130098046459,-8.217612974636367],[111.120128795859699,-8.217617799231814],[111.120127488235738,-8.217622643971939],[111.120126175265256,-8.217627508521003],[111.120124857038846,-8.217632392543262],[111.120123533647117,-8.217637295702968],[111.120122205180706,-8.217642217664375],[111.120120871730208,-8.217647158091744],[111.120119533386244,-8.217652116649322],[111.120118190239495,-8.217657093001375],[111.120116842380497,-8.217662086812151],[111.120115489899916,-8.217667097745906],[111.120114132888375,-8.217672125466898],[111.120112771436482,-8.217677169639378],[111.120111405634844,-8.217682229927606],[111.1201100355741,-8.217687305995835],[111.120108661344844,-8.217692397508319],[111.120107283037726,-8.217697504129315],[111.120105900743326,-8.21770262552308],[111.12010451455231,-8.217707761353864],[111.120103124555271,-8.217712911285929],[111.120101730842833,-8.217718074983527],[111.120100333505619,-8.217723252110908],[111.120098932634221,-8.217728442332337],[111.12009752831932,-8.217733645312064],[111.120096120651453,-8.217738860714343],[111.120094709721315,-8.217744088203432],[111.120093295619512,-8.217749327443586],[111.120091878436625,-8.217754578099061],[111.120090458263292,-8.217759839834113],[111.120089035190148,-8.217765112312993],[111.120087609307774,-8.217770395199956],[111.120086180706835,-8.217775688159264],[111.12008474947794,-8.217780990855168],[111.120083315711696,-8.217786302951925],[111.120081879498713,-8.217791624113786],[111.120080440929655,-8.217796954005012],[111.120079000095089,-8.217802292289853],[111.120077557085651,-8.217807638632571],[111.120076111991949,-8.217812992697413],[111.120074664904649,-8.21781835414864],[111.120073215914346,-8.217823722650506],[111.120071765111646,-8.217829097867266],[111.12007031258716,-8.217834479463177],[111.120068858431537,-8.217839867102491],[111.120067402735373,-8.217845260449465],[111.120065945589289,-8.217850659168352],[111.120064487083908,-8.217856062923412],[111.120063027309882,-8.217861471378898],[111.120061566357791,-8.217866884199065],[111.12006010431827,-8.217872301048168],[111.120058641281929,-8.217877721590462],[111.12005717733939,-8.217883145490205],[111.120055712581276,-8.217888572411647],[111.12005424709821,-8.217894002019049],[111.120052780980799,-8.217899433976665],[111.120051314319682,-8.217904867948748],[111.120049847205479,-8.217910303599552],[111.120048379728786,-8.217915740593341],[111.120046911980239,-8.217921178594359],[111.120045444050447,-8.217926617266869],[111.120043976030047,-8.217932056275124],[111.120042508009647,-8.217937495283378],[111.120041040079855,-8.217942933955886],[111.120039572331294,-8.217948371956904],[111.120038104854601,-8.217953808950693],[111.120036637740384,-8.217959244601499],[111.120035171079266,-8.217964678573582],[111.12003370496187,-8.217970110531194],[111.120032239478817,-8.217975540138598],[111.120030774720703,-8.217980967060043],[111.120029310778165,-8.217986390959783],[111.120027847741824,-8.217991811502079],[111.120026385702303,-8.217997228351184],[111.120024924750211,-8.218002641171349],[111.120023464976171,-8.218008049626835],[111.120022006470805,-8.218013453381895],[111.120020549324721,-8.218018852100784],[111.120019093628571,-8.218024245447758],[111.120017639472934,-8.218029633087072],[111.120016186948476,-8.218035014682981],[111.120014736145748,-8.218040389899741],[111.120013287155444,-8.218045758401608],[111.12001184006813,-8.218051119852834],[111.120010394974443,-8.218056473917677],[111.120008951964991,-8.218061820260393],[111.120007511130439,-8.218067158545235],[111.120006072561353,-8.218072488436459],[111.120004636348398,-8.218077809598322],[111.12000320258214,-8.218083121695077],[111.120001771353245,-8.218088424390981],[111.120000342752292,-8.218093717350289],[111.119998916869946,-8.218099000237254],[111.119997493796802,-8.218104272716136],[111.119996073623469,-8.218109534451184],[111.119994656440582,-8.21811478510666],[111.119993242338765,-8.218120024346815],[111.11999183140864,-8.218125251835904],[111.119990423740774,-8.218130467238185],[111.119989019425873,-8.218135670217912],[111.119987618554504,-8.218140860439339],[111.11998622121726,-8.218146037566724],[111.119984827504837,-8.21815120126432],[111.119983437507784,-8.218156351196384],[111.119982051316768,-8.218161487027167],[111.119980669022397,-8.218166608420931],[111.11997929071525,-8.21817171504193],[111.119977916486022,-8.218176806554412],[111.119976546425249,-8.218181882622639],[111.119975180623612,-8.218186942910869],[111.119973819171719,-8.218191987083349],[111.119972462160149,-8.218197014804341],[111.119971109679568,-8.218202025738096],[111.119969761820599,-8.218207019548871],[111.119968418673807,-8.218211995900923],[111.119967080329886,-8.218216954458505],[111.119965746879402,-8.218221894885872],[111.119964418412977,-8.218226816847281],[111.119963095021262,-8.218231720006987],[111.119961776794824,-8.218236604029244],[111.119960463824356,-8.218241468578308],[111.119959156200409,-8.218246313318435],[111.119957854013649,-8.21825113791388],[111.119956557354669,-8.218255942028897],[111.119955266314079,-8.218260725327744],[111.11995398098253,-8.218265487474671],[111.119952701450643,-8.218270228133941],[111.119951427809013,-8.218274946969805],[111.119950160148264,-8.218279643646518],[111.119948898559016,-8.218284317828333],[111.119947643131894,-8.218288969179511],[111.119946393957534,-8.218293597364303],[111.119945151126529,-8.218298202046968],[111.11994391472949,-8.218302782891755],[111.119942684857065,-8.218307339562926],[111.119941461599851,-8.218311871724733],[111.119940245048497,-8.218316379041433],[111.119939035293598,-8.218320861177279],[111.119937832425748,-8.218325317796527],[111.119936636535655,-8.218329748563434],[111.119935447713857,-8.218334153142253],[111.119934266050976,-8.218338531197242],[111.119933091637662,-8.218342882392653],[111.119931924564554,-8.218347206392744],[111.119930764922202,-8.218351502861768],[111.119929612801286,-8.218355771463981],[111.1199284682924,-8.21836001186364],[111.119927331486181,-8.218364223725001],[111.119926202473238,-8.218368406712315],[111.119925081344192,-8.21837256048984],[111.119923968189639,-8.218376684721832],[111.119922863100243,-8.218380779072543],[111.11992176616657,-8.218384843206234],[111.1199206774793,-8.218388876787156],[111.119919597128998,-8.218392879479563],[111.11991852520633,-8.218396850947714],[111.119917461801876,-8.218400790855863],[111.119916407006272,-8.218404698868264],[111.119915360910142,-8.218408574649175],[111.119914323604107,-8.218412417862847],[111.11991329517879,-8.21841622817354],[111.119912275724772,-8.218420005245509],[111.119911265332718,-8.218423748743003],[111.119910264093221,-8.218427458330286],[111.119909272096933,-8.218431133671608],[111.11990828943442,-8.218434774431223],[111.119907316196361,-8.218438380273392],[111.119906352473336,-8.218441950862365],[111.119905398355982,-8.2184454858624],[111.119904453934907,-8.218448984937753],[111.119903519300721,-8.218452447752675],[111.119902594544087,-8.218455873971426],[111.119901679755571,-8.218459263258261],[111.119900775025826,-8.218462615277431],[111.119899880445473,-8.218465929693195],[111.119898996105107,-8.218469206169807],[111.11989812209535,-8.218472444371525],[111.119897258506853,-8.2184756439626],[111.119896405430211,-8.218478804607289],[111.119895562956032,-8.218481925969851],[111.119894731174981,-8.218485007714534],[111.119893910177609,-8.218488049505599],[111.119893100054611,-8.218491051007298],[111.119892300896566,-8.218494011883887],[111.119891512794069,-8.218496931799626],[111.119890735837785,-8.218499810418763],[111.119889970118308,-8.218502647405558],[111.119889215726275,-8.218505442424265],[111.119888472752308,-8.218508195139137],[111.119887741286988,-8.218510905214435],[111.119887021420965,-8.218513572314411],[111.119886313244891,-8.218516196103316],[111.119885616849302,-8.218518776245412],[111.119884932324879,-8.218521312404951],[111.119884259762216,-8.218523804246189],[111.119883599251978,-8.218526251433383],[111.11988295088473,-8.218528653630784],[111.119882314751095,-8.218531010502652],[111.119881690941739,-8.21853332171324],[111.119881079547241,-8.218535586926803],[111.11988048065821,-8.218537805807598],[111.119879894365312,-8.218539978019876],[111.119879320759125,-8.218542103227898],[111.119878759930288,-8.218544181095917],[111.119878211969436,-8.218546211288187],[111.11987767696715,-8.218548193468965],[111.119877155014066,-8.218550127302503],[111.119876646200822,-8.21855201245306],[111.119876150617998,-8.218553848584893],[111.119875668356258,-8.218555635362252],[111.119875199506197,-8.218557372449395],[111.119874744158423,-8.218559059510577],[111.119874302403588,-8.218560696210053],[111.119873874332271,-8.21856228221208],[111.119873460035137,-8.218563817180911],[111.119873059602781,-8.218565300780803],[111.119872673125812,-8.218566732676008],[111.11987230069488,-8.218568112530786],[111.119871942400565,-8.218569440009389],[111.119871598333518,-8.218570714776074],[111.119871268584347,-8.218571936495097],[111.119870953243662,-8.21857310483071],[111.119870652402128,-8.218574219447172],[111.119870366150295,-8.218575280008736],[111.119870094578815,-8.218576286179658],[111.119869837778339,-8.218577237624192],[111.119869595839432,-8.218578134006595],[111.119869368852747,-8.218578974991122],[111.119869156908905,-8.218579760242029],[111.119868960098501,-8.218580489423569],[111.119868778512171,-8.218581162199998],[111.119868612240538,-8.218581778235574],[111.11986846137421,-8.218582337194549],[111.119868326003811,-8.218582838741181],[111.119868206219977,-8.218583282539722],[111.119868102113301,-8.21858366825443],[111.119868013774422,-8.21858399554956],[111.119867941293933,-8.218584264089367],[111.119867884762485,-8.218584473538105],[111.119867844270701,-8.218584623560028],[111.119867819909146,-8.218584713819396],[111.119867811768501,-8.218584743980463]]]}},
{"type":"Feature","properties":{"id":null},"geometry":{"type":"MultiLineString","coordinates":[[[111.119801,-8.2188292],[111.119801036788786,-8.218829205292412],[111.119801146882196,-8.218829221130381],[111.119801329870668,-8.218829247454986],[111.119801585344732,-8.218829284207315],[111.119801912894772,-8.218829331328457],[111.119802312111304,-8.218829388759495],[111.119802782584841,-8.218829456441515],[111.119803323905842,-8.218829534315612],[111.11980393566482,-8.218829622322861],[111.119804617452161,-8.218829720404354],[111.119805368858408,-8.218829828501176],[111.119806189474033,-8.218829946554415],[111.119807078889494,-8.218830074505153],[111.119808036695275,-8.218830212294481],[111.119809062481863,-8.21883035986348],[111.119810155839744,-8.218830517153243],[111.119811316359332,-8.218830684104852],[111.119812543631156,-8.218830860659393],[111.119813837245701,-8.218831046757954],[111.119815196793439,-8.218831242341624],[111.119816621864871,-8.218831447351482],[111.11981811205041,-8.21883166172862],[111.119819666940558,-8.218831885414124],[111.119821286125813,-8.218832118349077],[111.119822969196633,-8.218832360474568],[111.119824715743505,-8.218832611731683],[111.119826525356899,-8.218832872061506],[111.119828397627302,-8.218833141405129],[111.119830332145142,-8.21883341970363],[111.119832328500976,-8.218833706898101],[111.11983438628522,-8.218834002929629],[111.119836505088415,-8.218834307739298],[111.119838684500991,-8.218834621268194],[111.119840924113404,-8.218834943457406],[111.119843223516185,-8.218835274248015],[111.119845582299774,-8.218835613581112],[111.11984800005466,-8.218835961397781],[111.119850476371298,-8.218836317639111],[111.119853010840188,-8.218836682246184],[111.119855603051818,-8.21883705516009],[111.119858252596671,-8.218837436321916],[111.119860959065178,-8.218837825672745],[111.119863722047867,-8.218838223153664],[111.119866541135181,-8.218838628705761],[111.11986941591762,-8.218839042270123],[111.119872345985655,-8.218839463787832],[111.11987533092973,-8.218839893199979],[111.119878370340359,-8.218840330447646],[111.119881463808014,-8.218840775471921],[111.119884610923151,-8.218841228213893],[111.1198878112763,-8.218841688614646],[111.119891064457875,-8.218842156615263],[111.119894370058347,-8.218842632156836],[111.119897727668246,-8.21884311518045],[111.11990113687807,-8.218843605627189],[111.119904597278207,-8.218844103438141],[111.119908108459228,-8.218844608554392],[111.119911670011561,-8.218845120917029],[111.119915281525635,-8.218845640467137],[111.119918942592008,-8.218846167145802],[111.119922652801108,-8.21884670089411],[111.11992641174345,-8.218847241653151],[111.11993021900949,-8.218847789364006],[111.119934074189743,-8.218848343967768],[111.11993797687461,-8.218848905405515],[111.11994192665459,-8.21884947361834],[111.119945923120241,-8.218850048547326],[111.119949965861963,-8.218850630133559],[111.119954054470242,-8.218851218318131],[111.119958188535563,-8.21885181304212],[111.11996236764837,-8.218852414246617],[111.119966591399205,-8.218853021872707],[111.119970859378483,-8.218853635861478],[111.119975171176733,-8.218854256154014],[111.119979526384384,-8.218854882691399],[111.119983924591963,-8.218855515414726],[111.119988365389901,-8.218856154265078],[111.119992848368739,-8.21885679918354],[111.119997373118878,-8.218857450111202],[111.120001939230832,-8.218858106989146],[111.120006546295102,-8.218858769758461],[111.120011193902101,-8.21885943836023],[111.120015881642331,-8.218860112735541],[111.120020609106305,-8.218860792825485],[111.120025375884481,-8.218861478571139],[111.120030181567358,-8.218862169913601],[111.120035025745352,-8.218862866793947],[111.120039908008977,-8.218863569153267],[111.120044827948703,-8.218864276932649],[111.120049785155018,-8.218864990073177],[111.120054779218407,-8.218865708515938],[111.120059809729312,-8.218866432202018],[111.120064876278263,-8.218867161072506],[111.120069978455703,-8.218867895068485],[111.120075115852089,-8.218868634131042],[111.120080288057906,-8.21886937820126],[111.120085494663655,-8.218870127220233],[111.120090735259836,-8.218870881129043],[111.12009600943685,-8.218871639868773],[111.120101316785224,-8.218872403380516],[111.120106656895445,-8.218873171605354],[111.120112029357969,-8.218873944484375],[111.120117433763284,-8.218874721958663],[111.120122869701873,-8.218875503969308],[111.120128336764154,-8.218876290457393],[111.120133834540681,-8.218877081364006],[111.120139362621899,-8.218877876630234],[111.120144920598293,-8.218878676197161],[111.120150508060362,-8.218879480005874],[111.120156124598537,-8.218880287997461],[111.120161769803303,-8.218881100113006],[111.120167443265146,-8.218881916293597],[111.120173144574565,-8.218882736480319],[111.120178873322004,-8.218883560614259],[111.120184629097949,-8.218884388636504],[111.120190411492914,-8.21888522048814],[111.120196220097313,-8.218886056110252],[111.120202054501661,-8.218886895443926],[111.120207914296429,-8.218887738430253],[111.120213799072076,-8.218888585010312],[111.1202197084191,-8.218889435125192],[111.120225641927988,-8.218890288715983],[111.120231599189211,-8.21889114572377],[111.120237579793212,-8.218892006089636],[111.120243583330506,-8.218892869754669],[111.120249609391564,-8.218893736659956],[111.120255657566858,-8.218894606746581],[111.120261727446845,-8.218895479955634],[111.12026781862204,-8.2188963562282],[111.120273930682913,-8.218897235505363],[111.120280063219923,-8.218898117728211],[111.120286215823569,-8.218899002837833],[111.120292388084309,-8.218899890775312],[111.120298579592614,-8.218900781481732],[111.12030478993897,-8.218901674898186],[111.120311018713863,-8.218902570965755],[111.120317265507737,-8.218903469625527],[111.120323529911133,-8.218904370818588],[111.12032981151448,-8.218905274486024],[111.120336109908251,-8.218906180568922],[111.120342424682946,-8.218907089008368],[111.120348755429035,-8.218907999745447],[111.120355101737005,-8.21890891272125],[111.12036146319727,-8.218909827876857],[111.120367839400416,-8.218910745153357],[111.120374229936843,-8.218911664491838],[111.120380634397037,-8.218912585833383],[111.120387052371512,-8.218913509119083],[111.120393483450698,-8.218914434290019],[111.120399927225094,-8.21891536128728],[111.120406383285172,-8.218916290051952],[111.120412851221431,-8.218917220525123],[111.120419330624316,-8.218918152647875],[111.120425821084339,-8.2189190863613],[111.120432322191974,-8.218920021606481],[111.120438833537648,-8.218920958324503],[111.120445354711876,-8.218921896456454],[111.120451885305144,-8.21892283594342],[111.120458424907895,-8.218923776726488],[111.120464973110629,-8.218924718746743],[111.120471529503845,-8.218925661945274],[111.120478093677974,-8.218926606263164],[111.120484665223529,-8.218927551641499],[111.120491243730967,-8.218928498021368],[111.120497828790775,-8.218929445343857],[111.120504419993395,-8.21893039355005],[111.120511016929356,-8.218931342581037],[111.12051761918913,-8.2189322923779],[111.120524226363145,-8.218933242881727],[111.120530838041944,-8.218934194033608],[111.120537453815956,-8.218935145774623],[111.120544073275653,-8.218936098045861],[111.120550696011577,-8.21893705078841],[111.120557321614129,-8.218938003943354],[111.120563949673851,-8.218938957451781],[111.120570579781159,-8.218939911254777],[111.12057721152658,-8.218940865293426],[111.120583844500572,-8.218941819508821],[111.120590478293593,-8.218942773842038],[111.120597112496142,-8.218943728234171],[111.120603746698691,-8.218944682626304],[111.120610380491712,-8.218945636959521],[111.120617013465704,-8.218946591174914],[111.120623645211083,-8.218947545213563],[111.120630275318433,-8.218948499016559],[111.120636903378113,-8.218949452524987],[111.120643528980693,-8.218950405679932],[111.120650151716603,-8.21895135842248],[111.120656771176328,-8.218952310693719],[111.120663386950341,-8.218953262434734],[111.120669998629126,-8.218954213586613],[111.120676605803155,-8.218955164090442],[111.120683208062928,-8.218956113887305],[111.120689804998904,-8.218957062918291],[111.120696396201538,-8.218958011124485],[111.120702981261346,-8.218958958446976],[111.120709559768756,-8.218959904826844],[111.12071613131431,-8.218960850205178],[111.120722695488467,-8.21896179452307],[111.120729251881656,-8.218962737721601],[111.12073580008439,-8.218963679741854],[111.120742339687155,-8.218964620524924],[111.120748870280408,-8.218965560011888],[111.120755391454637,-8.218966498143839],[111.120761902800311,-8.218967434861861],[111.120768403907931,-8.21896837010704],[111.120774894367941,-8.218969303820463],[111.120781373770839,-8.218970235943219],[111.120787841707113,-8.218971166416388],[111.120794297767191,-8.218972095181062],[111.120800741541586,-8.218973022178323],[111.120807172620772,-8.218973947349259],[111.120813590595233,-8.218974870634959],[111.120819995055456,-8.218975791976504],[111.120826385591883,-8.218976711314985],[111.120832761795,-8.218977628591485],[111.120839123255308,-8.218978543747093],[111.120845469563264,-8.218979456722895],[111.120851800309339,-8.218980367459976],[111.120858115084047,-8.21898127589942],[111.120864413477832,-8.218982181982318],[111.120870695081152,-8.218983085649755],[111.120876959484562,-8.218983986842817],[111.12088320627845,-8.218984885502588],[111.120889435053328,-8.218985781570156],[111.120895645399685,-8.218986674986608],[111.120901836908004,-8.21898756569303],[111.120908009168716,-8.218988453630509],[111.120914161772362,-8.21898933874013],[111.120920294309357,-8.218990220962977],[111.120926406370231,-8.218991100240142],[111.120932497545425,-8.218991976512708],[111.120938567425412,-8.21899284972176],[111.12094461560072,-8.218993719808388],[111.120950641661778,-8.218994586713674],[111.120956645199072,-8.218995450378708],[111.120962625803088,-8.218996310744572],[111.120968583064297,-8.218997167752359],[111.120974516573185,-8.21899802134315],[111.120980425920209,-8.218998871458032],[111.120986310695884,-8.218999718038091],[111.120992170490638,-8.219000561024417],[111.120998004894986,-8.219001400358092],[111.121003813499385,-8.219002235980204],[111.12100959589435,-8.219003067831839],[111.12101535167028,-8.219003895854083],[111.121021080417734,-8.219004719988025],[111.121026781727124,-8.219005540174745],[111.121032455188981,-8.219006356355335],[111.121038100393747,-8.219007168470881],[111.121043716931922,-8.219007976462468],[111.121049304393949,-8.219008780271182],[111.121054862370357,-8.219009579838108],[111.121060390451589,-8.219010375104336],[111.121065888228117,-8.219011166010947],[111.121071355290425,-8.219011952499033],[111.121076791229001,-8.219012734509679],[111.121082195634315,-8.219013511983967],[111.12108756809684,-8.21901428486299],[111.121092908207061,-8.219015053087826],[111.121098215555435,-8.219015816599569],[111.121103489732462,-8.219016575339301],[111.121108730328615,-8.219017329248111],[111.121113936934393,-8.21901807826708],[111.121119109140224,-8.219018822337302],[111.121124246536624,-8.219019561399859],[111.121129348714035,-8.219020295395836],[111.121134415262972,-8.219021024266324],[111.121139445773878,-8.219021747952404],[111.121144439837266,-8.219022466395165],[111.121149397043581,-8.219023179535693],[111.121154316983294,-8.219023887315075],[111.121159199246918,-8.219024589674396],[111.12116404342494,-8.219025286554743],[111.121168849107789,-8.2190259778972],[111.121173615885965,-8.219026663642857],[111.121178343349939,-8.219027343732801],[111.121183031090197,-8.219028018108112],[111.121187678697197,-8.219028686709883],[111.121192285761438,-8.219029349479197],[111.121196851873393,-8.219030006357141],[111.121201376623546,-8.219030657284801],[111.121205859602355,-8.219031302203263],[111.121210300400307,-8.219031941053617],[111.121214698607901,-8.219032573776943],[111.12121905381558,-8.21903320031433],[111.121223365613801,-8.219033820606867],[111.121227633593108,-8.219034434595637],[111.121231857343929,-8.219035042221726],[111.12123603645675,-8.219035643426222],[111.121240170522071,-8.219036238150212],[111.121244259130336,-8.219036826334781],[111.121248301872043,-8.219037407921016],[111.121252298337652,-8.219037982850002],[111.12125624811766,-8.219038551062827],[111.121260150802541,-8.219039112500575],[111.121264005982766,-8.219039667104333],[111.121267813248821,-8.219040214815191],[111.121271572191162,-8.21904075557423],[111.121275282400276,-8.21904128932254],[111.121278943466649,-8.219041816001205],[111.121282554980752,-8.219042335551313],[111.121286116533057,-8.219042847913951],[111.121289627714063,-8.2190433530302],[111.121293088114214,-8.219043850841153],[111.12129649732401,-8.219044341287892],[111.121299854933937,-8.219044824311506],[111.121303160534438,-8.219045299853077],[111.121306413716027,-8.219045767853697],[111.121309614069148,-8.219046228254449],[111.121312761184299,-8.219046680996421],[111.12131585465194,-8.219047126020696],[111.121318894062568,-8.219047563268365],[111.121321879006658,-8.21904799268051],[111.12132480907465,-8.21904841419822],[111.121327683857089,-8.219048827762581],[111.121330502944403,-8.219049233314678],[111.121333265927078,-8.219049630795597],[111.121335972395613,-8.219050020146426],[111.121338621940438,-8.21905040130825],[111.121341214152068,-8.219050774222156],[111.121343748620973,-8.219051138829233],[111.121346224937625,-8.219051495070559],[111.12134864269251,-8.219051842887231],[111.121351001476086,-8.219052182220327],[111.121353300878866,-8.219052513010936],[111.121355540491294,-8.219052835200147],[111.12135771990387,-8.219053148729044],[111.121359838707036,-8.219053453538713],[111.121361896491294,-8.219053749570239],[111.121363892847128,-8.219054036764712],[111.121365827365011,-8.219054315063214],[111.1213676996354,-8.219054584406836],[111.121369509248794,-8.219054844736661],[111.121371255795651,-8.219055095993774],[111.121372938866472,-8.219055338119267],[111.121374558051713,-8.21905557105422],[111.121376112941874,-8.219055794739722],[111.121377603127428,-8.21905600911686],[111.121379028198817,-8.219056214126718],[111.121380387746555,-8.219056409710387],[111.1213816813611,-8.219056595808947],[111.121382908632953,-8.219056772363491],[111.121384069152569,-8.219056939315099],[111.121385162510421,-8.219057096604862],[111.121386188297009,-8.219057244173863],[111.121387146102791,-8.219057381963189],[111.121388035518237,-8.219057509913929],[111.121388856133862,-8.219057627967166],[111.121389607540124,-8.219057736063988],[111.121390289327479,-8.219057834145479],[111.121390901086414,-8.21905792215273],[111.121391442407429,-8.219058000026823],[111.121391912880981,-8.219058067708847],[111.121392312097541,-8.219058125139886],[111.121392639647596,-8.219058172261029],[111.121392895121616,-8.21905820901336],[111.121393078110103,-8.219058235337963],[111.121393188203498,-8.21905825117593],[111.121393224992303,-8.219058256468344]]]}},
{"type":"Feature","properties":{"id":null},"geometry":{"type":"MultiLineString","coordinates":[[[111.121702306800145,-8.219083748729709],[111.121702333353426,-8.21908374909677],[111.121702412834807,-8.219083750221818],[111.121702544976415,-8.219083752140653],[111.121702729510488,-8.219083754889072],[111.121702966169281,-8.219083758502876],[111.12170325468486,-8.219083763017851],[111.121703594789551,-8.219083768469806],[111.121703986215564,-8.219083774894537],[111.12170442869504,-8.219083782327845],[111.121704921960173,-8.21908379080552],[111.121705465743247,-8.219083800363366],[111.121706059776386,-8.219083811037178],[111.12170670379183,-8.219083822862755],[111.121707397521803,-8.219083835875896],[111.121708140698459,-8.219083850112398],[111.121708933054009,-8.219083865608056],[111.121709774320678,-8.219083882398671],[111.121710664230662,-8.219083900520042],[111.121711602516186,-8.219083920007964],[111.121712588909446,-8.219083940898237],[111.121713623142625,-8.219083963226659],[111.121714704947919,-8.219083987029027],[111.121715834057554,-8.219084012341138],[111.121717010203753,-8.219084039198792],[111.121718233118699,-8.219084067637786],[111.12171950253456,-8.219084097693916],[111.121720818183618,-8.219084129402985],[111.12172217979797,-8.219084162800785],[111.121723587109884,-8.219084197923115],[111.121725039851611,-8.219084234805777],[111.121726537755251,-8.219084273484567],[111.121728080553098,-8.21908431399528],[111.12172966797732,-8.219084356373719],[111.121731299760114,-8.219084400655678],[111.121732975633691,-8.219084446876957],[111.121734695330247,-8.219084495073352],[111.121736458581978,-8.21908454528066],[111.121738265121124,-8.219084597534684],[111.121740114679824,-8.219084651871217],[111.121742006990331,-8.21908470832606],[111.121743941784871,-8.219084766935008],[111.121745918795639,-8.219084827733861],[111.121747937754776,-8.219084890758419],[111.121749998394534,-8.219084956044473],[111.121752100447139,-8.219085023627828],[111.12175424364473,-8.21908509354428],[111.121756427719561,-8.219085165829624],[111.121758652403813,-8.219085240519661],[111.121760917429711,-8.219085317650189],[111.121763222529438,-8.219085397257004],[111.121765567435205,-8.219085479375904],[111.121767951879221,-8.219085564042688],[111.121770375593627,-8.219085651293152],[111.121772838310761,-8.219085741163097],[111.121775339762706,-8.219085833688322],[111.12177787968173,-8.219085928904621],[111.121780457800014,-8.219086026847792],[111.121783073849784,-8.219086127553634],[111.121785727563164,-8.219086231057947],[111.121788418672452,-8.219086337396527],[111.121791146909814,-8.219086446605168],[111.121793912007433,-8.219086558719676],[111.121796713697591,-8.219086673775843],[111.121799551712414,-8.21908679180947],[111.121802425784125,-8.219086912856353],[111.121805335644908,-8.219087036952292],[111.121808281027029,-8.219087164133082],[111.121811261662643,-8.219087294434523],[111.121814277283946,-8.219087427892411],[111.121817327623191,-8.219087564542548],[111.121820412412518,-8.219087704420726],[111.121823531384166,-8.219087847562751],[111.12182668427036,-8.219087994004409],[111.121829870803268,-8.219088143781512],[111.121833090715057,-8.219088296929844],[111.121836343738011,-8.219088453485215],[111.12183962960431,-8.219088613483414],[111.121842948046137,-8.219088776960245],[111.121846298795731,-8.219088943951503],[111.121849681585246,-8.219089114492988],[111.121853096146936,-8.219089288620495],[111.121856542212981,-8.219089466369823],[111.121860019515523,-8.219089647776768],[111.121863527786871,-8.219089832877133],[111.121867066759208,-8.219090021706712],[111.121870636164701,-8.219090214301303],[111.121874235735547,-8.219090410696708],[111.121877865203999,-8.219090610928721],[111.121881524302211,-8.219090815033141],[111.121885212762407,-8.219091023045763],[111.1218889303168,-8.219091235002388],[111.12189267669757,-8.219091450938816],[111.121896451636957,-8.219091670890842],[111.121900254867143,-8.219091894894262],[111.12190408612031,-8.219092122984879],[111.121907945128669,-8.219092355198486],[111.121911831624459,-8.219092591570885],[111.121915745339876,-8.219092832137868],[111.121919686007061,-8.219093076935241],[111.121923653358309,-8.219093325998795],[111.121927647125773,-8.219093579364332],[111.121931667041665,-8.219093837067648],[111.12193571283818,-8.219094099144543],[111.121939784247544,-8.219094365630813],[111.12194388100194,-8.219094636562257],[111.121948002833577,-8.219094911974668],[111.121952149474652,-8.219095191903852],[111.121956320657375,-8.219095476385604],[111.121960516113973,-8.219095765455721],[111.121964735576654,-8.219096059150003],[111.121968978777574,-8.219096357504242],[111.12197324544897,-8.219096660554241],[111.121977535322998,-8.219096968335798],[111.121981848131924,-8.219097280884707],[111.121986183607902,-8.21909759823677],[111.121990541483186,-8.219097920427785],[111.121994921489971,-8.219098247493548],[111.121999323360399,-8.219098579469854],[111.122003746826735,-8.219098916392509],[111.122008191621177,-8.219099258297303],[111.122012657475864,-8.219099605220038],[111.122017144123134,-8.21909995719651],[111.122021651295043,-8.219100314262519],[111.122026178723885,-8.219100676453863],[111.122030726141844,-8.219101043806337],[111.122035293281129,-8.219101416355741],[111.122039879873896,-8.219101794137872],[111.122044485652424,-8.219102177188528],[111.122049110348868,-8.219102565543512],[111.122053753695454,-8.219102959238613],[111.122058415424391,-8.219103358309635],[111.122063095267805,-8.219103762792374],[111.122067792958035,-8.219104172722631],[111.122072508227191,-8.219104588136197],[111.122077240807471,-8.219105009068874],[111.122081990431127,-8.219105435556463],[111.122086756830342,-8.219105867634756],[111.122091539737326,-8.219106305339556],[111.122096338884248,-8.219106748706659],[111.122101154003332,-8.219107197771859],[111.122105984826817,-8.219107652570958],[111.122110831086871,-8.219108113139757],[111.122115692515678,-8.219108579514049],[111.122120568845489,-8.21910905172963],[111.122125459808473,-8.219109529822303],[111.122130365136854,-8.219110013827866],[111.122135284562859,-8.219110503782115],[111.122140217818639,-8.219110999720847],[111.122145164636407,-8.219111501679858],[111.122150124748373,-8.219112009694953],[111.122155097886761,-8.219112523801922],[111.122160083783768,-8.219113044036568],[111.12216508217162,-8.21911357043469],[111.122170092782454,-8.219114103032082],[111.12217511534854,-8.219114641864545],[111.12218014960203,-8.219115186967873],[111.122185195275165,-8.219115738377866],[111.122190252100125,-8.219116296130323],[111.122195319809123,-8.219116860261039],[111.122200398134396,-8.219117430805817],[111.122205486808085,-8.21911800780045],[111.122210585562428,-8.21911859128074],[111.122215694129636,-8.21911918128248],[111.122220812241864,-8.219119777841472],[111.122225939631377,-8.219120380993512],[111.122231076030332,-8.2191209907744],[111.122236221170994,-8.219121607219929],[111.122241374785489,-8.219122230365903],[111.122246536606085,-8.219122860248117],[111.122251706364949,-8.219123496902368],[111.122256883794307,-8.219124140364457],[111.122262068626327,-8.219124790670177],[111.122267260593276,-8.21912544785533],[111.122272459427307,-8.219126111955713],[111.122277664860604,-8.219126783007125],[111.122282876625434,-8.219127461045362],[111.122288094453964,-8.219128146106222],[111.12229331807842,-8.219128838225506],[111.122298547230969,-8.219129537439009],[111.122303781643836,-8.219130243782526],[111.122309021049233,-8.219130957291862],[111.122314265179341,-8.219131678002807],[111.122319513766385,-8.219132405951168],[111.122324766542533,-8.219133141172733],[111.122330023240039,-8.219133883703309],[111.122335283591099,-8.219134633578687],[111.12234054732788,-8.219135390834669],[111.122345814182609,-8.219136155507051],[111.122351083887494,-8.219136927631634],[111.12235635617472,-8.219137707244213],[111.12236163077651,-8.219138494380584],[111.122366907425061,-8.219139289076548],[111.122372185852555,-8.219140091367905],[111.122377465791246,-8.219140901290448],[111.122382746973301,-8.219141718879976],[111.122388029130931,-8.219142544172291],[111.122393311996348,-8.219143377203185],[111.122398595301732,-8.219144218008461],[111.122403878779295,-8.219145066623913],[111.122409162161276,-8.219145923085343],[111.122414445179828,-8.219146787428546],[111.122419727567177,-8.21914765968932],[111.122425009055547,-8.219148539903461],[111.122430289377121,-8.219149428106771],[111.122435568264081,-8.21915032433505],[111.122440845448665,-8.219151228624089],[111.122446120663056,-8.219152141009689],[111.12245139363948,-8.219153061527647],[111.122456664110118,-8.219153990213766],[111.122461931807209,-8.219154927103837],[111.122467196462878,-8.21915587223366],[111.122472457809437,-8.219156825639034],[111.122477715579009,-8.219157787355758],[111.122482969503821,-8.219158757419628],[111.122488219316068,-8.219159735866443],[111.122493464748004,-8.219160722732001],[111.122498705531754,-8.219161718052097],[111.122503941399586,-8.219162721862535],[111.122509172083653,-8.219163734199105],[111.122514397316195,-8.219164755097612],[111.122519616829408,-8.219165784593851],[111.122524830355474,-8.21916682272362],[111.12253003762666,-8.219167869522714],[111.122535238375093,-8.219168925026937],[111.122540432332997,-8.219169989272082],[111.122545619232596,-8.219171062293949],[111.122550798806103,-8.219172144128335],[111.122555970785683,-8.21917323481104],[111.122561134903563,-8.219174334377858],[111.122566290891939,-8.219175442864591],[111.12257143848305,-8.219176560307034],[111.122576577409035,-8.219177686740988],[111.122581707402148,-8.219178822202249],[111.122586828194557,-8.219179966726612],[111.122591939518514,-8.21918112034988],[111.122597041106189,-8.219182283107848],[111.122602132689778,-8.219183455036317],[111.122607214001505,-8.219184636171079],[111.122612284773567,-8.219185826547939],[111.122617344738174,-8.21918702620269],[111.122622393627509,-8.219188235171131],[111.122627431173782,-8.219189453489061],[111.122632457109205,-8.219190681192277],[111.122637471166001,-8.219191918316577],[111.12264247307634,-8.219193164897762],[111.122647462572445,-8.219194420971622],[111.122652439386499,-8.219195686573961],[111.122657403250727,-8.219196961740579],[111.12266235389734,-8.219198246507267],[111.122667291058548,-8.219199540909827],[111.122672214466476,-8.219200844984059],[111.122677123853407,-8.219202158765759],[111.122682018951537,-8.219203482290723],[111.122686899493061,-8.219204815594749],[111.122691765210163,-8.219206158713638],[111.122696615835054,-8.219207511683184],[111.122701451099957,-8.21920887453919],[111.122706270737069,-8.21921024731745],[111.122711074478573,-8.219211630053763],[111.122715862056708,-8.219213022783928],[111.12272063320367,-8.21921442554374],[111.122725387651613,-8.219215838368997],[111.122730125132819,-8.219217261295503],[111.122734845379412,-8.219218694359046],[111.122739548123633,-8.219220137595434],[111.122744233097706,-8.219221591040458],[111.122748900033855,-8.21922305472992],[111.122753548664193,-8.219224528699616],[111.122758178720986,-8.219226012985343],[111.122762789936445,-8.219227507622902],[111.122767382042738,-8.219229012648086],[111.122771954772105,-8.219230528096698],[111.122776507856713,-8.219232054004534],[111.122781041028787,-8.219233590407391],[111.122785554020524,-8.219235137341068],[111.122790046564148,-8.219236694841364],[111.122794518391828,-8.219238262944073],[111.122798969235802,-8.219239841684995],[111.122803398828239,-8.219241431099929],[111.122807806901392,-8.219243031224673],[111.1228121931874,-8.219244642095024],[111.122816557418531,-8.219246263746779],[111.122820899326925,-8.219247896215739],[111.122825218644863,-8.219249539537698],[111.12282951510447,-8.219251193748457],[111.122833788438015,-8.219252858883813],[111.122838038377637,-8.219254534979562],[111.122842264655603,-8.219256222071506],[111.122846467004052,-8.219257920195439],[111.122850645155239,-8.21925962938716],[111.122854798841374,-8.219261349682467],[111.12285892779461,-8.219263081117161],[111.122863031747201,-8.219264823727034],[111.122867110431315,-8.219266577547888],[111.122871163579191,-8.219268342615521],[111.122875190922983,-8.21927011896573],[111.122879192194944,-8.219271906634312],[111.122883167127256,-8.219273705657066],[111.122887115452102,-8.219275516069789],[111.122891036901734,-8.219277337908281],[111.122894931208322,-8.219279171208338],[111.122898798104046,-8.219281016005759],[111.122902637321204,-8.21928287233634],[111.122906448591877,-8.219284740235882],[111.122910231648348,-8.219286619740179],[111.122913986222812,-8.219288510885033],[111.122917712047439,-8.21929041370624],[111.122921408854495,-8.219292328239597],[111.122925076376106,-8.2192942545209],[111.122928714344496,-8.219296192585956],[111.122932322491906,-8.219298142470553],[111.122935900550544,-8.219300104210493],[111.122939448252566,-8.219302077841574],[111.122942965330196,-8.219304063399594],[111.122946451515674,-8.219306060920349],[111.122949906541137,-8.21930807043964],[111.122953330138841,-8.219310091993261],[111.122956722040954,-8.219312125617014],[111.122960081979713,-8.219314171346694],[111.122963409687301,-8.219316229218101],[111.122966704895902,-8.219318299267032],[111.122969967337752,-8.219320381529286],[111.12297319674505,-8.219322476040658],[111.12297639285002,-8.219324582836945],[111.122979555384816,-8.219326701953952],[111.122982684081691,-8.21932883342747],[111.122985778672799,-8.2193309772933],[111.122988838890393,-8.21933313358724],[111.122991864466627,-8.219335302345087],[111.12299485513374,-8.21933748360264],[111.122997810623943,-8.219339677395693],[111.123000730669418,-8.219341883760052],[111.123003615002347,-8.219344102731506],[111.123006463354997,-8.219346334345857],[111.123009275459509,-8.219348578638904],[111.123012051048121,-8.219350835646443],[111.12301478985303,-8.219353105404272],[111.123017491606447,-8.219355387948191],[111.123020156040553,-8.219357683313998],[111.123022782887588,-8.219359991537488],[111.12302537187972,-8.219362312654459],[111.123027922749174,-8.21936464670071],[111.123030435228131,-8.21936699371204],[111.123032909048803,-8.219369353724247],[111.123035343943428,-8.219371726773128],[111.123037739644161,-8.21937411289448],[111.12304009588324,-8.2193765121241],[111.123042412392849,-8.219378924497789],[111.12304468890521,-8.219381350051345],[111.123046925152494,-8.219383788820563],[111.123049120866938,-8.219386240841242],[111.123051275780739,-8.219388706149184],[111.123053389626079,-8.219391184780179],[111.123055462135198,-8.21939367677003],[111.123057493040264,-8.219396182154536],[111.123059482073501,-8.219398700969496],[111.123061428967105,-8.219401233250698],[111.123063333453274,-8.21940377903395],[111.123065195264232,-8.21940633835505],[111.123067014132175,-8.219408911249788]]]}},
{"type":"Feature","properties":{"id":null},"geometry":{"type":"MultiLineString","coordinates":[[[111.123426857610909,-8.219648891658597],[111.123426875292807,-8.219648908051056],[111.123426928207266,-8.219648957106781],[111.12342701615745,-8.219649038643301],[111.123427138946553,-8.219649152478128],[111.123427296377713,-8.219649298428795],[111.123427488254066,-8.219649476312824],[111.123427714378892,-8.219649685947736],[111.12342797455527,-8.21964992715106],[111.123428268586423,-8.219650199740313],[111.123428596275502,-8.219650503533027],[111.123428957425659,-8.219650838346716],[111.123429351840088,-8.219651203998909],[111.123429779321953,-8.219651600307131],[111.123430239674406,-8.219652027088902],[111.123430732700641,-8.219652484161749],[111.123431258203837,-8.219652971343191],[111.12343181598709,-8.219653488450753],[111.123432405853663,-8.219654035301962],[111.123433027606694,-8.219654611714342],[111.123433681049335,-8.219655217505412],[111.123434365984764,-8.2196558524927],[111.123435082216162,-8.219656516493727],[111.123435829546693,-8.219657209326016],[111.123436607779553,-8.219657930807093],[111.123437416717863,-8.219658680754483],[111.123438256164803,-8.219659458985703],[111.123439125923568,-8.219660265318284],[111.123440025797336,-8.219661099569747],[111.123440955589203,-8.219661961557611],[111.123441915102418,-8.219662851099407],[111.123442904140163,-8.219663768012655],[111.12344392250553,-8.219664712114879],[111.123444970001742,-8.219665683223603],[111.123446046431951,-8.219666681156353],[111.12344715159935,-8.219667705730648],[111.123448285307092,-8.219668756764014],[111.12344944735834,-8.219669834073972],[111.123450637556275,-8.219670937478053],[111.123451855704019,-8.219672066793771],[111.123453101604824,-8.219673221838658],[111.12345437506184,-8.219674402430233],[111.123455675878219,-8.219675608386019],[111.123457003857126,-8.219676839523546],[111.123458358801727,-8.219678095660328],[111.123459740515202,-8.219679376613897],[111.123461148800729,-8.219680682201771],[111.123462583461446,-8.219682012241476],[111.123464044300576,-8.219683366550537],[111.123465531121255,-8.219684744946475],[111.123467043726649,-8.219686147246815],[111.123468581919937,-8.219687573269082],[111.123470145504314,-8.219689022830797],[111.123471734282873,-8.219690495749486],[111.123473348058852,-8.219691991842669],[111.123474986635429,-8.219693510927875],[111.123476649815743,-8.219695052822624],[111.123478337402972,-8.219696617344439],[111.123480049200282,-8.219698204310847],[111.123481785010867,-8.21969981353937],[111.123483544637821,-8.21970144484753],[111.12348532788441,-8.21970309805285],[111.123487134553741,-8.219704772972857],[111.123488964449024,-8.219706469425075],[111.123490817373408,-8.219708187227027],[111.123492693130089,-8.219709926196234],[111.123494591522189,-8.219711686150221],[111.123496512352929,-8.219713466906512],[111.123498455425434,-8.219715268282632],[111.123500420542911,-8.219717090096104],[111.123502407508497,-8.219718932164449],[111.123504416125371,-8.219720794305193],[111.123506446196743,-8.219722676335859],[111.123508497525691,-8.21972457807397],[111.123510569915481,-8.219726499337051],[111.123512663169222,-8.219728439942624],[111.123514777090136,-8.219730399708215],[111.123516911481346,-8.219732378451347],[111.123519066146073,-8.219734375989544],[111.123521240887442,-8.219736392140327],[111.123523435508631,-8.219738426721221],[111.123525649812819,-8.219740479549753],[111.123527883603188,-8.219742550443442],[111.123530136682817,-8.21974463921981],[111.123532408855027,-8.219746745696387],[111.123534699922885,-8.219748869690694],[111.123537009689613,-8.219751011020254],[111.123539337958334,-8.21975316950259],[111.123541684532242,-8.219755344955228],[111.12354404921453,-8.21975753719569],[111.123546431808307,-8.2197597460415],[111.123548832116796,-8.219761971310181],[111.123551249943176,-8.219764212819259],[111.123553685090585,-8.219766470386254],[111.123556137362186,-8.219768743828693],[111.123558606561161,-8.219771032964095],[111.123561092490675,-8.219773337609988],[111.123563594953907,-8.219775657583895],[111.123566113754038,-8.219777992703341],[111.123568648694203,-8.219780342785844],[111.123571199577611,-8.219782707648932],[111.123573766207414,-8.219785087110129],[111.123576348386777,-8.219787480986959],[111.123578945918879,-8.219789889096944],[111.123581558606901,-8.219792311257606],[111.123584186253964,-8.219794747286473],[111.123586828663292,-8.219797197001064],[111.123589485638036,-8.219799660218907],[111.123592156981402,-8.219802136757522],[111.123594842496487,-8.219804626434433],[111.123597541986527,-8.219807129067171],[111.123600255254658,-8.219809644473248],[111.123602982104046,-8.219812172470196],[111.123605722337871,-8.219814712875532],[111.123608475759269,-8.219817265506787],[111.123611242171492,-8.21981983018148],[111.123614021377662,-8.219822406717135],[111.123616813180945,-8.21982499493128],[111.123619617384492,-8.21982759464143],[111.123622433791525,-8.219830205665115],[111.123625262205167,-8.219832827819861],[111.123628102428569,-8.219835460923182],[111.123630954264968,-8.219838104792611],[111.123633817517529,-8.219840759245669],[111.12363669198939,-8.21984342409988],[111.123639577483701,-8.219846099172765],[111.12364247380367,-8.219848784281847],[111.123645380752464,-8.219851479244653],[111.123648298133247,-8.219854183878708],[111.123651225749185,-8.219856898001531],[111.123654163403444,-8.219859621430651],[111.123657110899202,-8.219862353983586],[111.123660068039641,-8.219865095477862],[111.123663034627938,-8.219867845731006],[111.123666010467218,-8.219870604560533],[111.123668995360674,-8.219873371783976],[111.123671989111472,-8.219876147218855],[111.12367499152279,-8.21987893068269],[111.12367800239781,-8.219881721993012],[111.12368102153971,-8.219884520967339],[111.123684048751585,-8.219887327423196],[111.123687083836685,-8.219890141178109],[111.123690126598134,-8.219892962049597],[111.12369317683914,-8.219895789855189],[111.123696234362839,-8.219898624412401],[111.123699298972411,-8.219901465538767],[111.123702370471051,-8.219904313051803],[111.123705448661909,-8.219907166769033],[111.12370853334815,-8.219910026507986],[111.123711624332955,-8.219912892086182],[111.123714721419475,-8.21991576332114],[111.123717824410903,-8.219918640030395],[111.123720933110405,-8.219921522031461],[111.123724047321133,-8.219924409141864],[111.123727166846294,-8.21992730117913],[111.123730291489039,-8.219930197960782],[111.123733421052492,-8.219933099304342],[111.123736555339889,-8.219936005027334],[111.123739694154381,-8.219938914947281],[111.123742837299119,-8.219941828881709],[111.123745984577283,-8.219944746648139],[111.123749135792082,-8.219947668064099],[111.123752290746609,-8.219950592947107],[111.123755449244086,-8.219953521114691],[111.12375861108768,-8.219956452384373],[111.123761776080528,-8.219959386573674],[111.123764944025822,-8.219962323500122],[111.123768114726772,-8.219965262981239],[111.123771287986472,-8.219968204834547],[111.123774463608157,-8.219971148877573],[111.12377764139498,-8.21997409492784],[111.123780821150092,-8.219977042802867],[111.123784002676643,-8.219979992320184],[111.123787185777871,-8.219982943297309],[111.123790370256899,-8.219985895551771],[111.123793555916905,-8.219988848901091],[111.123796742561083,-8.219991803162792],[111.123799929992543,-8.219994758154398],[111.123803118014536,-8.219997713693434],[111.123806306430168,-8.220000669597422],[111.123809495042622,-8.220003625683887],[111.123812683655075,-8.220006581770351],[111.123815872070722,-8.22000953767434],[111.123819060092686,-8.220012493213376],[111.123822247524146,-8.220015448204983],[111.123825434168339,-8.220018402466685],[111.12382861982833,-8.220021355816003],[111.123831804307358,-8.220024308070464],[111.1238349874086,-8.220027259047592],[111.12383816893518,-8.220030208564909],[111.123841348690263,-8.220033156439937],[111.123844526477086,-8.220036102490202],[111.123847702098772,-8.220039046533227],[111.123850875358499,-8.220041988386537],[111.123854046059435,-8.220044927867654],[111.123857214004744,-8.220047864794102],[111.12386037899762,-8.220050798983404],[111.123863540841199,-8.220053730253086],[111.123866699338663,-8.220056658420669],[111.123869854293218,-8.220059583303678],[111.123873005507974,-8.220062504719635],[111.123876152786153,-8.220065422486066],[111.123879295930891,-8.220068336420495],[111.123882434745369,-8.220071246340444],[111.123885569032751,-8.220074152063434],[111.123888698596232,-8.220077053406994],[111.123891823238949,-8.220079950188644],[111.12389494276411,-8.22008284222591],[111.123898056974838,-8.220085729336315],[111.123901165674326,-8.220088611337381],[111.123904268665768,-8.220091488046634],[111.123907365752274,-8.220094359281596],[111.123910456737093,-8.22009722485979],[111.123913541423335,-8.220100084598741],[111.123916619614192,-8.220102938315973],[111.123919691112832,-8.220105785829009],[111.123922755722418,-8.220108626955376],[111.123925813246117,-8.220111461512591],[111.123928863487123,-8.220114289318179],[111.1239319062486,-8.220117110189669],[111.123934941333687,-8.22011992394458],[111.12393796854559,-8.220122730400437],[111.123940987687462,-8.220125529374764],[111.123943998562467,-8.220128320685085],[111.123947000973772,-8.220131104148923],[111.123949994724597,-8.220133879583798],[111.123952979618053,-8.220136646807241],[111.123955955457319,-8.22013940563677],[111.123958922045603,-8.220142155889912],[111.123961879186027,-8.22014489738419],[111.123964826681785,-8.220147629937125],[111.123967764336058,-8.220150353366243],[111.123970691951996,-8.220153067489068],[111.123973609332779,-8.220155772123119],[111.123976516281573,-8.220158467085929],[111.123979412601543,-8.220161152195011],[111.123982298095882,-8.220163827267898],[111.123985172567728,-8.220166492122107],[111.123988035820275,-8.220169146575165],[111.123990887656689,-8.220171790444592],[111.123993727880134,-8.220174423547917],[111.123996556293747,-8.220177045702661],[111.12399937270078,-8.220179656726344],[111.124002176904355,-8.2201822564365],[111.124004968707595,-8.220184844650641],[111.124007747913765,-8.220187421186298],[111.12401051432596,-8.220189985860989],[111.124013267747401,-8.220192538492244],[111.124016007981211,-8.220195078897582],[111.124018734830614,-8.220197606894528],[111.124021448098716,-8.220200122300605],[111.124024147588742,-8.220202624933339],[111.124026833103841,-8.220205114610252],[111.124029504447179,-8.220207591148869],[111.124032161421937,-8.220210054366712],[111.124034803831279,-8.220212504081303],[111.124037431478371,-8.220214940110168],[111.124040044166378,-8.220217362270834],[111.12404264169848,-8.220219770380817],[111.124045223877829,-8.220222164257645],[111.12404779050766,-8.220224543718842],[111.124050341391055,-8.220226908581932],[111.124052876331234,-8.220229258664437],[111.124055395131364,-8.220231593783881],[111.124057897594611,-8.220233913757788],[111.124060383524125,-8.220236218403683],[111.1240628527231,-8.220238507539086],[111.124065304994687,-8.220240780981523],[111.124067740142081,-8.220243038548519],[111.124070157968447,-8.220245280057593],[111.124072558276936,-8.220247505326276],[111.124074940870742,-8.220249714172086],[111.124077305552987,-8.220251906412546],[111.124079652126937,-8.220254081865184],[111.124081980395644,-8.220256240347521],[111.124084290162358,-8.220258381677082],[111.124086581230216,-8.220260505671387],[111.124088853402412,-8.220262612147964],[111.124091106482098,-8.220264700924336],[111.124093340272438,-8.220266771818023],[111.124095554576641,-8.220268824646555],[111.12409774919783,-8.220270859227449],[111.12409992393917,-8.220272875378232],[111.124102078603897,-8.220274872916427],[111.124104212995121,-8.220276851659561],[111.124106326916007,-8.220278811425151],[111.124108420169776,-8.220280752030726],[111.124110492559581,-8.220282673293806],[111.124112543888543,-8.220284575031918],[111.124114573959901,-8.220286457062585],[111.124116582576775,-8.220288319203329],[111.124118569542375,-8.220290161271674],[111.124120534659824,-8.220291983085144],[111.124122477732328,-8.220293784461262],[111.124124398563055,-8.220295565217555],[111.124126296955168,-8.220297325171542],[111.124128172711835,-8.220299064140749],[111.124130025636205,-8.220300781942699],[111.124131855531488,-8.220302478394917],[111.124133662200848,-8.220304153314926],[111.124135445447422,-8.220305806520248],[111.124137205074419,-8.220307437828406],[111.12413894088499,-8.220309047056929],[111.124140652682286,-8.220310634023337],[111.124142340269515,-8.220312198545153],[111.124144003449828,-8.2203137404399],[111.124145642026377,-8.220315259525105],[111.124147255802384,-8.220316755618292],[111.124148844580986,-8.220318228536978],[111.124150408165335,-8.220319678098694],[111.124151946358609,-8.220321104120961],[111.124153458964017,-8.220322506421301],[111.124154945784696,-8.220323884817239],[111.124156406623811,-8.2203252391263],[111.124157841284543,-8.220326569166005],[111.124159249570056,-8.220327874753881],[111.12416063128353,-8.220329155707448],[111.124161986228145,-8.220330411844232],[111.124163314207038,-8.220331642981757],[111.124164615023403,-8.220332848937543],[111.124165888480405,-8.220334029529116],[111.12416713438121,-8.220335184574003],[111.124168352529011,-8.220336313889725],[111.124169542726932,-8.220337417293802],[111.124170704778166,-8.220338494603762],[111.124171838485907,-8.220339545637128],[111.124172943653306,-8.220340570211425],[111.124174020083501,-8.220341568144173],[111.124175067579728,-8.220342539252895],[111.124176085945123,-8.220343483355119],[111.124177074982811,-8.220344400268369],[111.12417803449604,-8.220345289810165],[111.124178964287935,-8.220346151798033],[111.124179864161704,-8.220346986049494],[111.124180733920454,-8.220347792382071],[111.124181573367409,-8.220348570613297],[111.124182382305719,-8.220349320560683],[111.124183160538564,-8.22035004204176],[111.124183907869096,-8.220350734874049],[111.124184624100494,-8.220351398875076],[111.124185309035923,-8.220352033862364],[111.124185962478563,-8.220352639653433],[111.12418658423158,-8.220353216065813],[111.124187174098168,-8.220353762917021],[111.124187731881435,-8.220354280024587],[111.124188257384617,-8.220354767206029],[111.124188750410852,-8.220355224278874],[111.124189210763305,-8.220355651060645],[111.124189638245156,-8.220356047368867],[111.124190032659598,-8.22035641302106],[111.124190393809727,-8.220356747834749],[111.124190721498834,-8.220357051627461],[111.124191015529973,-8.220357324216716],[111.124191275706352,-8.220357565420038],[111.124191501831163,-8.220357775054953],[111.124191693707587,-8.220357952938981],[111.124191851138733,-8.220358098889651],[111.124191973927822,-8.220358212724479],[111.124192061878006,-8.220358294260995],[111.12419211479245,-8.22035834331672],[111.124192132474349,-8.220358359709179]]]}},
{"type":"Feature","properties":{"id":null},"geometry":{"type":"MultiLineString","coordinates":[[[111.1196814,-8.218948],[111.119681389562245,-8.218948026107713],[111.119681358326417,-8.2189481042371],[111.119681306408751,-8.218948234097537],[111.119681233925419,-8.218948415398401],[111.119681140992611,-8.218948647849068],[111.119681027726415,-8.218948931158909],[111.119680894243217,-8.218949265037311],[111.119680740659078,-8.218949649193645],[111.119680567090228,-8.218950083337283],[111.119680373652841,-8.218950567177606],[111.119680160463119,-8.21895110042399],[111.11967992763725,-8.218951682785807],[111.119679675291394,-8.218952313972439],[111.119679403541795,-8.218952993693255],[111.119679112504599,-8.218953721657638],[111.119678802296036,-8.218954497574959],[111.119678473032209,-8.218955321154596],[111.119678124829406,-8.218956192105928],[111.119677757803814,-8.218957110138327],[111.119677372071592,-8.218958074961172],[111.119676967748902,-8.218959086283837],[111.119676544951986,-8.218960143815698],[111.119676103796991,-8.218961247266133],[111.119675644400161,-8.218962396344518],[111.119675166877613,-8.218963590760227],[111.119674671345592,-8.218964830222635],[111.119674157920301,-8.218966114441125],[111.119673626717855,-8.218967443125067],[111.119673077854486,-8.218968815983837],[111.119672511446439,-8.218970232726814],[111.119671927609843,-8.218971693063374],[111.119671326460889,-8.218973196702892],[111.119670708115777,-8.218974743354744],[111.119670072690724,-8.218976332728305],[111.119669420301875,-8.218977964532955],[111.119668751065433,-8.218979638478064],[111.119668065097628,-8.218981354273014],[111.119667362514605,-8.21898311162718],[111.119666643432538,-8.218984910249935],[111.119665907967658,-8.218986749850657],[111.119665156236152,-8.218988630138723],[111.119664388354209,-8.218990550823507],[111.119663604438031,-8.218992511614388],[111.119662804603749,-8.218994512220739],[111.119661988967607,-8.218996552351941],[111.119661157645808,-8.218998631717366],[111.119660310754483,-8.219000750026389],[111.119659448409877,-8.219002906988386],[111.119658570728163,-8.219005102312739],[111.119657677825529,-8.21900733570882],[111.119656769818135,-8.219009606886004],[111.119655846822212,-8.219011915553669],[111.119654908953919,-8.21901426142119],[111.1196539563295,-8.219016644197943],[111.119652989065074,-8.219019063593306],[111.119652007276898,-8.219021519316655],[111.119651011081132,-8.219024011077362],[111.119650000593978,-8.21902653858481],[111.119648975931582,-8.219029101548371],[111.119647937210175,-8.219031699677419],[111.119646884545944,-8.219034332681332],[111.119645818055062,-8.219037000269488],[111.119644737853733,-8.219039702151264],[111.119643644058186,-8.219042438036032],[111.119642536784525,-8.219045207633171],[111.119641416148994,-8.219048010652054],[111.119640282267795,-8.219050846802062],[111.119639135257103,-8.219053715792569],[111.119637975233104,-8.219056617332948],[111.119636802311945,-8.219059551132577],[111.119635616609898,-8.219062516900836],[111.119634418243123,-8.219065514347095],[111.119633207327752,-8.219068543180736],[111.119631983980071,-8.21907160311113],[111.119630748316183,-8.219074693847654],[111.119629500452348,-8.219077815099688],[111.11962824050471,-8.219080966576604],[111.1196269685895,-8.219084147987781],[111.119625684822878,-8.219087359042591],[111.119624389321046,-8.219090599450416],[111.119623082200192,-8.219093868920629],[111.119621763576504,-8.219097167162605],[111.119620433566126,-8.219100493885719],[111.119619092285362,-8.219103848799351],[111.11961773985027,-8.219107231612876],[111.119616376377152,-8.219110642035671],[111.119615001982154,-8.219114079777109],[111.119613616781464,-8.219117544546569],[111.119612220891241,-8.219121036053425],[111.11961081442773,-8.219124554007054],[111.119609397507091,-8.219128098116832],[111.119607970245497,-8.219131668092137],[111.119606532759207,-8.219135263642341],[111.119605085164338,-8.219138884476825],[111.119603627577135,-8.219142530304961],[111.119602160113715,-8.219146200836128],[111.119600682890351,-8.219149895779699],[111.119599196023188,-8.219153614845053],[111.1195976996284,-8.219157357741564],[111.119596193822218,-8.219161124178612],[111.119594678720816,-8.219164913865567],[111.119593154440395,-8.219168726511811],[111.119591621097157,-8.219172561826717],[111.119590078807221,-8.219176419519663],[111.119588527686858,-8.219180299300021],[111.1195869678522,-8.219184200877169],[111.119585399419492,-8.219188123960489],[111.119583822504865,-8.21919206825935],[111.119582237224563,-8.219196033483129],[111.119580643694775,-8.219200019341208],[111.119579042031646,-8.219204025542956],[111.119577432351406,-8.21920805179775],[111.119575814770229,-8.219212097814969],[111.119574189404275,-8.219216163303988],[111.119572556369761,-8.219220247974182],[111.11957091578293,-8.21922435153493],[111.1195692677599,-8.219228473695606],[111.119567612416887,-8.219232614165588],[111.119565949870065,-8.219236772654247],[111.119564280235664,-8.219240948870965],[111.119562603629817,-8.219245142525114],[111.119560920168738,-8.21924935332607],[111.119559229968658,-8.219253580983215],[111.119557533145723,-8.21925782520592],[111.11955582981615,-8.219262085703562],[111.119554120096069,-8.219266362185518],[111.119552404101739,-8.219270654361164],[111.11955068194932,-8.219274961939876],[111.119548953755043,-8.219279284631027],[111.119547219635024,-8.219283622143998],[111.119545479705522,-8.219287974188161],[111.119543734082697,-8.219292340472895],[111.119541982882737,-8.219296720707579],[111.119540226221801,-8.219301114601581],[111.119538464216149,-8.219305521864282],[111.119536696981925,-8.219309942205058],[111.119534924635332,-8.219314375333285],[111.119533147292572,-8.219318820958341],[111.119531365069818,-8.219323278789599],[111.119529578083274,-8.219327748536434],[111.119527786449083,-8.219332229908225],[111.119525990283506,-8.219336722614347],[111.119524189702673,-8.219341226364179],[111.119522384822801,-8.219345740867091],[111.119520575760063,-8.219350265832464],[111.119518762630719,-8.21935480096967],[111.119516945550899,-8.219359345988092],[111.119515124636763,-8.2193639005971],[111.11951330000457,-8.219368464506074],[111.119511471770437,-8.219373037424386],[111.119509640050637,-8.219377619061417],[111.11950780496133,-8.21938220912654],[111.119505966618675,-8.219386807329126],[111.119504125138889,-8.219391413378563],[111.119502280638159,-8.219396026984223],[111.119500433232673,-8.219400647855476],[111.11949858303862,-8.219405275701703],[111.119496730172187,-8.219409910232278],[111.119494874749563,-8.219414551156579],[111.119493016886963,-8.219419198183981],[111.119491156700576,-8.219423851023862],[111.119489294306533,-8.219428509385597],[111.119487429821078,-8.219433172978562],[111.119485563360399,-8.219437841512132],[111.119483695040657,-8.219442514695682],[111.119481824978052,-8.21944719223859],[111.119479953288803,-8.219451873850234],[111.119478080089081,-8.21945655923999],[111.119476205495062,-8.219461248117231],[111.11947432962296,-8.219465940191336],[111.11947245258898,-8.21947063517168],[111.119470574509236,-8.219475332767637],[111.119468695500018,-8.219480032688583],[111.119466815677441,-8.219484734643899],[111.119464935157723,-8.21948943834296],[111.119463054057064,-8.219494143495139],[111.119461172491654,-8.219498849809812],[111.11945929057768,-8.219503556996358],[111.119457408431316,-8.219508264764155],[111.119455526168736,-8.219512972822571],[111.119453643906184,-8.219517680880987],[111.119451761759819,-8.21952238864878],[111.119449879845831,-8.219527095835325],[111.119447998280393,-8.219531802150001],[111.119446117179734,-8.219536507302179],[111.11944423666003,-8.219541211001239],[111.119442356837453,-8.219545912956555],[111.119440477828221,-8.219550612877503],[111.11943859974852,-8.21955531047346],[111.119436722714511,-8.219560005453806],[111.11943484684241,-8.219564697527908],[111.119432972248418,-8.21956938640515],[111.119431099048683,-8.219574071794904],[111.119429227359433,-8.219578753406548],[111.119427357296843,-8.219583430949458],[111.119425488977114,-8.21958810413301],[111.119423622516436,-8.21959277266658],[111.119421758030967,-8.219597436259544],[111.119419895636938,-8.219602094621278],[111.119418035450522,-8.219606747461158],[111.119416177587908,-8.219611394488561],[111.119414322165284,-8.219616035412862],[111.119412469298879,-8.219620669943437],[111.119410619104812,-8.219625297789666],[111.119408771699327,-8.219629918660917],[111.119406927198582,-8.219634532266575],[111.119405085718796,-8.21963913831601],[111.119403247376141,-8.2196437365186],[111.119401412286834,-8.219648326583721],[111.11939958056702,-8.219652908220752],[111.119397752332929,-8.219657481139064],[111.119395927700737,-8.21966204504804],[111.119394106786615,-8.219666599657048],[111.119392289706767,-8.21967114467547],[111.119390476577394,-8.219675679812678],[111.119388667514698,-8.219680204778051],[111.119386862634826,-8.219684719280963],[111.119385062054022,-8.219689223030795],[111.119383265888445,-8.219693715736916],[111.11938147425424,-8.219698197108707],[111.119379687267681,-8.219702666855543],[111.119377905044928,-8.219707124686799],[111.119376127702139,-8.219711570311853],[111.119374355355561,-8.21971600344008],[111.119372588121337,-8.219720423780856],[111.11937082611567,-8.21972483104356],[111.119369069454763,-8.219729224937563],[111.119367318254803,-8.219733605172243],[111.119365572631949,-8.219737971456977],[111.119363832702447,-8.219742323501142],[111.119362098582457,-8.219746661014113],[111.119360370388137,-8.219750983705266],[111.119358648235732,-8.219755291283978],[111.119356932241402,-8.21975958345962],[111.119355222521364,-8.219763859941578],[111.119353519191776,-8.21976812043922],[111.119351822368827,-8.219772364661925],[111.119350132168734,-8.219776592319068],[111.119348448707683,-8.219780803120027],[111.119346772101864,-8.219784996774179],[111.119345102467406,-8.219789172990893],[111.119343439920627,-8.219793331479556],[111.1193417845776,-8.219797471949535],[111.119340136554555,-8.21980159411021],[111.119338495967696,-8.219805697670957],[111.119336862933224,-8.219809782341153],[111.11933523756727,-8.219813847830171],[111.119333619986094,-8.219817893847392],[111.11933201030584,-8.219821920102186],[111.119330408642696,-8.219825926303933],[111.119328815112894,-8.219829912162009],[111.119327229832606,-8.219833877385788],[111.119325652917979,-8.219837821684651],[111.119324084485271,-8.219841744767969],[111.119322524650642,-8.219845646345117],[111.11932097353025,-8.219849526125479],[111.119319431240342,-8.219853383818423],[111.119317897897091,-8.219857219133329],[111.119316373616655,-8.219861031779573],[111.119314858515267,-8.21986482146653],[111.119313352709099,-8.219868587903576],[111.119311856314312,-8.21987233080009],[111.119310369447163,-8.219876049865443],[111.119308892223785,-8.219879744809013],[111.119307424760379,-8.219883415340179],[111.119305967173133,-8.219887061168317],[111.119304519578293,-8.219890682002799],[111.11930308209196,-8.219894277553003],[111.119301654830394,-8.219897847528308],[111.119300237909755,-8.219901391638086],[111.11929883144623,-8.219904909591715],[111.119297435556035,-8.219908401098571],[111.119296050355331,-8.219911865868031],[111.119294675960319,-8.219915303609469],[111.119293312487187,-8.219918714032262],[111.119291960052152,-8.219922096845787],[111.119290618771316,-8.219925451759419],[111.11928928876101,-8.219928778482535],[111.119287970137307,-8.219932076724513],[111.119286663016439,-8.219935346194724],[111.119285367514607,-8.219938586602549],[111.119284083747971,-8.219941797657359],[111.119282811832747,-8.219944979068536],[111.119281551885138,-8.219948130545452],[111.119280304021302,-8.219951251797484],[111.119279068357443,-8.219954342534011],[111.119277845009734,-8.219957402464406],[111.11927663409439,-8.219960431298045],[111.119275435727602,-8.219963428744306],[111.119274250025541,-8.219966394512563],[111.11927307710441,-8.219969328312192],[111.119271917080397,-8.219972229852571],[111.119270770069676,-8.219975098843078],[111.119269636188463,-8.219977934993084],[111.119268515552946,-8.219980738011969],[111.119267408279299,-8.219983507609108],[111.119266314483724,-8.219986243493876],[111.119265234282409,-8.219988945375649],[111.119264167791542,-8.219991612963808],[111.11926311512731,-8.219994245967721],[111.119262076405903,-8.219996844096771],[111.119261051743536,-8.219999407060328],[111.119260041256354,-8.220001934567778],[111.119259045060573,-8.220004426328485],[111.119258063272397,-8.220006882051834],[111.119257096007985,-8.220009301447195],[111.119256143383566,-8.220011684223952],[111.119255205515287,-8.220014030091471],[111.11925428251935,-8.220016338759137],[111.119253374511985,-8.220018609936321],[111.119252481609337,-8.220020843332401],[111.119251603927609,-8.220023038656754],[111.119250741583002,-8.220025195618753],[111.119249894691677,-8.220027313927774],[111.119249063369878,-8.220029393293199],[111.119248247733736,-8.220031433424399],[111.119247447899454,-8.220033434030752],[111.119246663983262,-8.220035394821632],[111.119245896101333,-8.220037315506417],[111.119245144369813,-8.220039195794483],[111.119244408904962,-8.220041035395205],[111.119243689822909,-8.22004283401796],[111.119242987239858,-8.220044591372126],[111.119242301272038,-8.220046307167076],[111.11924163203561,-8.220047981112186],[111.119240979646762,-8.220049612916833],[111.119240344221708,-8.220051202290396],[111.119239725876596,-8.220052748942248],[111.119239124727628,-8.220054252581766],[111.119238540891047,-8.220055712918326],[111.119237974482985,-8.220057129661303],[111.119237425619644,-8.220058502520073],[111.119236894417213,-8.220059831204017],[111.119236380991907,-8.220061115422503],[111.119235885459872,-8.220062354884913],[111.119235407937353,-8.220063549300624],[111.119234948540495,-8.220064698379009],[111.119234507385499,-8.220065801829442],[111.11923408458857,-8.220066859361305],[111.119233680265907,-8.220067870683968],[111.119233294533657,-8.220068835506813],[111.119232927508051,-8.22006975353921],[111.119232579305262,-8.220070624490543],[111.119232250041478,-8.220071448070181],[111.119231939832886,-8.220072223987502],[111.119231648795704,-8.220072951951884],[111.119231377046077,-8.220073631672703],[111.119231124700249,-8.220074262859333],[111.119230891874366,-8.22007484522115],[111.119230678684644,-8.220075378467532],[111.119230485247243,-8.220075862307857],[111.119230311678393,-8.220076296451495],[111.11923015809424,-8.220076680607827],[111.119230024611028,-8.220077014486227],[111.119229911344902,-8.220077297796074],[111.11922981841208,-8.220077530246739],[111.119229745928749,-8.220077711547603],[111.119229694011068,-8.220077841408044],[111.119229662775254,-8.220077919537427],[111.119229652337495,-8.220077945645139]]]}},
{"type":"Feature","properties":{"id":null},"geometry":{"type":"MultiLineString","coordinates":[[[111.119009294471098,-8.220420518043934],[111.119009290788242,-8.220420560834498],[111.119009279767013,-8.220420688888634],[111.119009261448397,-8.220420901730012],[111.119009235873435,-8.220421198882294],[111.119009203083024,-8.220421579869152],[111.119009163118236,-8.220422044214249],[111.119009116020052,-8.220422591441256],[111.119009061829516,-8.220423221073839],[111.119009000587539,-8.220423932635665],[111.119008932335163,-8.2204247256504],[111.1190088571134,-8.220425599641715],[111.119008774963206,-8.220426554133272],[111.119008685925593,-8.220427588648741],[111.11900859004156,-8.220428702711791],[111.119008487352119,-8.220429895846085],[111.119008377898226,-8.220431167575292],[111.119008261720907,-8.220432517423079],[111.119008138861147,-8.220433944913115],[111.119008009360002,-8.220435449569065],[111.119007873258369,-8.220437030914598],[111.119007730597346,-8.220438688473379],[111.119007581417819,-8.220440421769078],[111.11900742576087,-8.220442230325361],[111.11900726366747,-8.220444113665893],[111.119007095178617,-8.220446071314344],[111.119006920335281,-8.220448102794379],[111.119006739178474,-8.220450207629668],[111.119006551749237,-8.220452385343876],[111.119006358088498,-8.220454635460669],[111.119006158237283,-8.220456957503716],[111.119005952236591,-8.220459350996688],[111.119005740127434,-8.220461815463244],[111.119005521950783,-8.220464350427058],[111.119005297747663,-8.220466955411794],[111.119005067559016,-8.220469629941121],[111.119004831425926,-8.220472373538703],[111.119004589389277,-8.220475185728212],[111.119004341490168,-8.22047806603331],[111.119004087769497,-8.220481013977667],[111.119003828268376,-8.22048402908495],[111.119003563027718,-8.220487110878826],[111.119003292088564,-8.220490258882965],[111.119003015491884,-8.22049347262103],[111.119002733278649,-8.220496751616688],[111.119002445489926,-8.220500095393609],[111.119002152166644,-8.220503503475458],[111.119001853349872,-8.220506975385906],[111.119001549080508,-8.220510510648614],[111.119001239399651,-8.220514108787254],[111.1190009243482,-8.220517769325491],[111.119000603967237,-8.220521491786997],[111.119000278297719,-8.220525275695431],[111.118999947380601,-8.220529120574465],[111.118999611256967,-8.220533025947764],[111.118999269967802,-8.220536991338999],[111.118998923554017,-8.220541016271834],[111.118998572056682,-8.220545100269939],[111.118998215516783,-8.220549242856979],[111.118997853975301,-8.22055344355662],[111.118997487473251,-8.220557701892531],[111.118997116051574,-8.220562017388378],[111.118996739751353,-8.220566389567832],[111.118996358613515,-8.220570817954554],[111.11899597267913,-8.220575302072218],[111.118995581989111,-8.220579841444486],[111.118995186584527,-8.220584435595025],[111.118994786506306,-8.220589084047507],[111.118994381795503,-8.220593786325596],[111.118993972493087,-8.22059854195296],[111.118993558640042,-8.220603350453263],[111.118993140277382,-8.220608211350175],[111.118992717446105,-8.220613124167365],[111.118992290187236,-8.220618088428498],[111.11899185854169,-8.220623103657241],[111.118991422550494,-8.220628169377258],[111.118990982254687,-8.220633285112225],[111.118990537695268,-8.220638450385803],[111.118990088913208,-8.22064366472166],[111.11898963594949,-8.220648927643461],[111.118989178845126,-8.220654238674879],[111.118988717641116,-8.220659597339576],[111.118988252378415,-8.220665003161221],[111.118987783098078,-8.220670455663479],[111.11898730984106,-8.220675954370021],[111.118986832648403,-8.220681498804513],[111.118986351561077,-8.220687088490623],[111.118985866620051,-8.220692722952014],[111.118985377866395,-8.22069840171236],[111.118984885341021,-8.220704124295322],[111.118984389085,-8.220709890224569],[111.118983889139258,-8.220715699023769],[111.118983385544837,-8.22072155021659],[111.118982878342734,-8.220727443326698],[111.118982367573921,-8.22073337787776],[111.118981853279408,-8.220739353393443],[111.11898133550018,-8.220745369397415],[111.118980814277265,-8.220751425413342],[111.118980289651603,-8.220757520964892],[111.118979761664249,-8.22076365557573],[111.118979230356175,-8.220769828769528],[111.118978695768391,-8.220776040069953],[111.118978157941854,-8.220782289000667],[111.118977616917618,-8.22078857508534],[111.118977072736641,-8.22079489784764],[111.118976525439905,-8.220801256811233],[111.118975975068466,-8.220807651499785],[111.118975421663279,-8.220814081436966],[111.118974865265301,-8.220820546146445],[111.118974305915643,-8.220827045151882],[111.118973743655204,-8.220833577976951],[111.11897317852501,-8.220840144145313],[111.118972610566033,-8.220846743180642],[111.118972039819312,-8.220853374606602],[111.118971466325846,-8.22086003794686],[111.118970890126562,-8.220866732725082],[111.118970311262558,-8.220873458464938],[111.118969729774733,-8.220880214690093],[111.118969145704156,-8.220887000924215],[111.118968559091769,-8.220893816690969],[111.118967969978598,-8.220900661514026],[111.118967378405628,-8.220907534917052],[111.118966784413885,-8.220914436423712],[111.118966188044325,-8.220921365557675],[111.118965589337989,-8.220928321842608],[111.118964988335819,-8.220935304802179],[111.118964385078854,-8.220942313960055],[111.118963779608066,-8.2209493488399],[111.118963171964467,-8.220956408965389],[111.118962562189068,-8.220963493860179],[111.118961950322827,-8.220970603047945],[111.118961336406755,-8.220977736052351],[111.11896072048188,-8.220984892397063],[111.118960102589185,-8.220992071605753],[111.118959482769625,-8.220999273202082],[111.118958861064243,-8.221006496709721],[111.118958237513965,-8.221013741652335],[111.118957612159903,-8.221021007553594],[111.118956985042985,-8.221028293937165],[111.11895635620418,-8.221035600326712],[111.118955725684515,-8.221042926245905],[111.118955093525003,-8.221050271218409],[111.118954459766641,-8.221057634767895],[111.118953824450401,-8.221065016418027],[111.118953187617279,-8.22107241569247],[111.118952549308275,-8.221079832114896],[111.118951909564402,-8.221087265208968],[111.118951268426656,-8.22109471449836],[111.118950625936023,-8.221102179506731],[111.118949982133515,-8.221109659757753],[111.118949337060087,-8.221117154775092],[111.118948690756781,-8.221124664082415],[111.118948043264567,-8.22113218720339],[111.118947394624428,-8.221139723661684],[111.118946744877434,-8.221147272980964],[111.118946094064512,-8.221154834684896],[111.118945442226675,-8.221162408297149],[111.118944789404921,-8.221169993341389],[111.118944135640234,-8.221177589341284],[111.118943480973627,-8.221185195820501],[111.118942825446112,-8.221192812302704],[111.118942169098673,-8.221200438311568],[111.118941511972281,-8.221208073370752],[111.118940854107947,-8.221215717003929],[111.118940195546685,-8.221223368734762],[111.118939536329464,-8.221231028086919],[111.118938876497282,-8.221238694584066],[111.11893821609118,-8.221246367749877],[111.118937555152101,-8.221254047108014],[111.11893689372107,-8.221261732182143],[111.118936231839086,-8.221269422495931],[111.118935569547133,-8.221277117573051],[111.118934906886196,-8.221284816937164],[111.118934243897314,-8.221292520111941],[111.118933580621444,-8.221300226621045],[111.118932917099585,-8.221307935988147],[111.118932253372748,-8.221315647736915],[111.118931589481932,-8.221323361391013],[111.118930925468135,-8.22133107647411],[111.118930261372341,-8.221338792509872],[111.118929597235535,-8.221346509021966],[111.118928933098744,-8.221354225534061],[111.11892826900295,-8.221361941569825],[111.118927604989139,-8.22136965665292],[111.118926941098323,-8.221377370307019],[111.118926277371486,-8.221385082055784],[111.118925613849655,-8.22139279142289],[111.118924950573756,-8.221400497931995],[111.118924287584861,-8.221408201106769],[111.118923624923951,-8.221415900470884],[111.118922962631999,-8.221423595548002],[111.11892230075,-8.221431285861792],[111.118921639318984,-8.221438970935921],[111.118920978379919,-8.221446650294059],[111.118920317973803,-8.221454323459866],[111.118919658141635,-8.221461989957019],[111.118918998924428,-8.221469649309176],[111.118918340363166,-8.221477301040007],[111.118917682498818,-8.221484944673183],[111.11891702537244,-8.221492579732368],[111.118916369024973,-8.221500205741229],[111.118915713497444,-8.221507822223435],[111.118915058830851,-8.22151542870265],[111.118914405066164,-8.221523024702545],[111.118913752244424,-8.221530609746786],[111.118913100406573,-8.221538183359039],[111.118912449593651,-8.22154574506297],[111.118911799846643,-8.22155329438225],[111.118911151206532,-8.221560830840543],[111.118910503714318,-8.221568353961519],[111.118909857411012,-8.221575863268841],[111.118909212337584,-8.221583358286182],[111.118908568535062,-8.221590838537203],[111.118907926044429,-8.221598303545575],[111.118907284906683,-8.221605752834966],[111.118906645162809,-8.221613185929041],[111.11890600685382,-8.221620602351464],[111.118905370020684,-8.221628001625911],[111.118904734704458,-8.221635383276043],[111.118904100946082,-8.221642746825525],[111.11890346878657,-8.221650091798031],[111.118902838266933,-8.221657417717223],[111.118902209428143,-8.22166472410677],[111.118901582311196,-8.221672010490341],[111.118900956957106,-8.221679276391598],[111.11890033340687,-8.221686521334215],[111.118899711701459,-8.221693744841852],[111.1188990918819,-8.221700946438183],[111.118898473989177,-8.22170812564687],[111.118897858064287,-8.221715281991584],[111.118897244148229,-8.221722414995991],[111.118896632281988,-8.221729524183754],[111.11889602250659,-8.221736609078546],[111.11889541486299,-8.221743669204031],[111.118894809392231,-8.221750704083879],[111.118894206135252,-8.221757713241754],[111.118893605133096,-8.221764696201326],[111.118893006426745,-8.221771652486259],[111.1188924100572,-8.221778581620224],[111.118891816065457,-8.221785483126883],[111.118891224492501,-8.22179235652991],[111.11889063537933,-8.221799201352967],[111.118890048766957,-8.221806017119722],[111.11888946469638,-8.221812803353844],[111.118888883208555,-8.221819559578996],[111.118888304344523,-8.221826285318853],[111.118887728145268,-8.221832980097075],[111.118887154651759,-8.221839643437333],[111.118886583905038,-8.221846274863291],[111.118886015946089,-8.221852873898619],[111.118885450815881,-8.221859440066984],[111.118884888555442,-8.221865972892051],[111.118884329205741,-8.221872471897491],[111.118883772807806,-8.221878936606966],[111.118883219402633,-8.221885366544146],[111.118882669031166,-8.221891761232703],[111.118882121734458,-8.221898120196293],[111.118881577553466,-8.221904442958595],[111.118881036529217,-8.221910729043268],[111.118880498702708,-8.221916977973983],[111.11887996411491,-8.221923189274404],[111.118879432806835,-8.221929362468204],[111.118878904819482,-8.221935497079043],[111.118878380193848,-8.221941592630593],[111.118877858970933,-8.221947648646522],[111.118877341191691,-8.221953664650494],[111.118876826897193,-8.221959640166178],[111.118876316128379,-8.221965574717238],[111.118875808926248,-8.221971467827345],[111.118875305331841,-8.221977319020166],[111.118874805386099,-8.221983127819364],[111.118874309130064,-8.221988893748613],[111.11887381660469,-8.221994616331575],[111.118873327850991,-8.22200029509192],[111.118872842909994,-8.222005929553312],[111.118872361822667,-8.222011519239421],[111.118871884629982,-8.222017063673912],[111.118871411372993,-8.222022562380456],[111.11887094209267,-8.222028014882714],[111.118870476830011,-8.22203342070436],[111.118870015625973,-8.222038779369058],[111.118869558521595,-8.222044090400473],[111.118869105557891,-8.222049353322275],[111.118868656775803,-8.22205456765813],[111.11886821221637,-8.22205973293171],[111.118867771920563,-8.222064848666674],[111.118867335929409,-8.222069914386696],[111.118866904283877,-8.222074929615438],[111.118866477024994,-8.22207989387657],[111.118866054193703,-8.222084806693758],[111.118865635831042,-8.222089667590671],[111.118865221978012,-8.222094476090977],[111.118864812675582,-8.222099231718339],[111.118864407964764,-8.222103933996427],[111.118864007886543,-8.222108582448907],[111.118863612481945,-8.222113176599448],[111.118863221791941,-8.222117715971716],[111.118862835857527,-8.222122200089379],[111.118862454719718,-8.222126628476103],[111.118862078419497,-8.222131000655555],[111.118861706997848,-8.222135316151403],[111.118861340495783,-8.222139574487315],[111.118860978954302,-8.222143775186957],[111.118860622414402,-8.222147917773995],[111.118860270917068,-8.222152001772098],[111.118859924503312,-8.222156026704935],[111.118859583214103,-8.22215999209617],[111.118859247090455,-8.222163897469471],[111.11885891617338,-8.222167742348505],[111.118858590503876,-8.222171526256941],[111.118858270122871,-8.222175248718443],[111.118857955071476,-8.222178909256682],[111.118857645390591,-8.222182507395321],[111.118857341121242,-8.222186042658031],[111.118857042304441,-8.222189514568477],[111.118856748981159,-8.222192922650326],[111.118856461192436,-8.222196266427247],[111.1188561789792,-8.222199545422905],[111.118855902382506,-8.222202759160972],[111.118855631443353,-8.222205907165108],[111.118855366202709,-8.222208988958982],[111.118855106701545,-8.222212004066268],[111.118854852980931,-8.222214952010624],[111.118854605081808,-8.222217832315723],[111.118854363045187,-8.222220644505231],[111.118854126912055,-8.222223388102814],[111.118853896723422,-8.22222606263214],[111.118853672520288,-8.222228667616877],[111.118853454343636,-8.222231202580689],[111.118853242234465,-8.222233667047247],[111.118853036233787,-8.222236060540217],[111.118852836382587,-8.222238382583265],[111.118852642721862,-8.222240632700061],[111.118852455292611,-8.222242810414267],[111.118852274135804,-8.222244915249556],[111.118852099292482,-8.222246946729591],[111.118851930803615,-8.222248904378041],[111.118851768710201,-8.222250787718574],[111.118851613053252,-8.222252596274856],[111.118851463873739,-8.222254329570553],[111.118851321212688,-8.222255987129335],[111.118851185111069,-8.222257568474868],[111.118851055609895,-8.222259073130818],[111.118850932750163,-8.222260500620855],[111.118850816572859,-8.222261850468643],[111.118850707118995,-8.22226312219785],[111.118850604429525,-8.222264315332145],[111.11885050854552,-8.222265429395192],[111.118850419507893,-8.222266463910662],[111.118850337357685,-8.22226741840222],[111.118850262135922,-8.222268292393535],[111.118850193883546,-8.22226908540827],[111.118850132641569,-8.222269796970096],[111.118850078451004,-8.222270426602678],[111.118850031352849,-8.222270973829685],[111.118849991388061,-8.222271438174783],[111.118849958597693,-8.222271819161643],[111.118849933022688,-8.222272116313922],[111.118849914704086,-8.222272329155301],[111.118849903682829,-8.222272457209437],[111.118849899999987,-8.2222725]]]}},
{"type":"Feature","properties":{"id":null},"geometry":{"type":"MultiLineString","coordinates":[[[111.1191049,-8.2227448],[111.119104916437919,-8.222744827909805],[111.119104965629688,-8.222744911432105],[111.119105047392281,-8.222745050256211],[111.119105161542791,-8.222745244071444],[111.119105307898181,-8.222745492567109],[111.119105486275444,-8.222745795432532],[111.119105696491701,-8.222746152357027],[111.11910593836383,-8.222746563029908],[111.119106211709024,-8.222747027140491],[111.119106516344146,-8.222747544378088],[111.119106852086261,-8.22274811443202],[111.119107218752404,-8.222748736991599],[111.119107616159582,-8.222749411746147],[111.119108044124815,-8.222750138384972],[111.119108502465153,-8.222750916597395],[111.119108990997518,-8.222751746072728],[111.119109509538987,-8.222752626500284],[111.11911005790661,-8.222753557569387],[111.119110635917409,-8.222754538969349],[111.119111243388332,-8.222755570389486],[111.119111880136415,-8.222756651519111],[111.119112545978723,-8.222757782047541],[111.119113240732219,-8.222758961664095],[111.119113964213966,-8.222760190058084],[111.119114716240972,-8.222761466918827],[111.119115496630201,-8.222762791935638],[111.119116305198744,-8.222764164797834],[111.119117141763596,-8.222765585194727],[111.119118006141704,-8.222767052815637],[111.119118898150205,-8.222768567349878],[111.11911981760602,-8.222770128486765],[111.119120764326254,-8.222771735915614],[111.119121738127845,-8.222773389325745],[111.119122738827855,-8.222775088406467],[111.119123766243277,-8.222776832847099],[111.119124820191175,-8.222778622336957],[111.119125900488498,-8.222780456565355],[111.11912700695234,-8.222782335221611],[111.119128139399592,-8.222784257995036],[111.11912929764739,-8.222786224574952],[111.119130481512741,-8.22278823465067],[111.119131690812637,-8.222790287911508],[111.119132925364113,-8.222792384046782],[111.119134184984134,-8.222794522745806],[111.119135469489791,-8.222796703697897],[111.119136778698035,-8.22279892659237],[111.119138112425958,-8.22280119111854],[111.119139470490495,-8.222803496965726],[111.119140852708682,-8.222805843823238],[111.119142258897611,-8.222808231380398],[111.119143688874232,-8.222810659326516],[111.119145142455579,-8.222813127350911],[111.119146619458633,-8.222815635142897],[111.119148119700469,-8.222818182391793],[111.119149642998067,-8.22282076878691],[111.119151189168491,-8.222823394017567],[111.119152758028719,-8.22282605777308],[111.119154349395757,-8.222828759742763],[111.119155963086655,-8.22283149961593],[111.119157598918434,-8.222834277081899],[111.119159256708059,-8.222837091829986],[111.119160936272593,-8.222839943549507],[111.119162637429042,-8.222842831929777],[111.119164359994457,-8.22284575666011],[111.119166103785815,-8.222848717429823],[111.119167868620139,-8.222851713928234],[111.119169654314447,-8.222854745844657],[111.119171460685763,-8.222857812868405],[111.119173287551135,-8.222860914688797],[111.119175134727513,-8.222864050995149],[111.119177002031961,-8.222867221476774],[111.119178889281471,-8.222870425822988],[111.11918079629308,-8.22287366372311],[111.119182722883806,-8.22287693486645],[111.119184668870645,-8.222880238942329],[111.119186634070644,-8.222883575640061],[111.119188618300811,-8.222886944648961],[111.119190621378181,-8.222890345658348],[111.119192643119732,-8.22289377835753],[111.119194683342499,-8.222897242435829],[111.11919674186349,-8.222900737582563],[111.119198818499754,-8.22290426348704],[111.119200913068269,-8.222907819838579],[111.119203025386085,-8.222911406326498],[111.119205155270194,-8.222915022640112],[111.11920730253766,-8.222918668468735],[111.119209467005447,-8.222922343501683],[111.119211648490605,-8.22292604742827],[111.119213846810126,-8.222929779937816],[111.119216061781032,-8.222933540719634],[111.119218293220371,-8.22293732946304],[111.119220540945122,-8.222941145857352],[111.119222804772349,-8.22294498959188],[111.11922508451903,-8.222948860355945],[111.119227380002172,-8.222952757838861],[111.119229691038839,-8.222956681729944],[111.119232017445995,-8.222960631718507],[111.119234359040718,-8.222964607493868],[111.119236715639971,-8.222968608745344],[111.119239087060791,-8.222972635162249],[111.119241473120212,-8.222976686433899],[111.119243873635241,-8.222980762249607],[111.119246288422886,-8.222984862298695],[111.119248717300167,-8.222988986270472],[111.119251160084104,-8.22299313385426],[111.119253616591749,-8.222997304739369],[111.119256086640064,-8.223001498615117],[111.1192585700461,-8.223005715170823],[111.119261066626848,-8.223009954095797],[111.119263576199387,-8.223014215079358],[111.119266098580667,-8.223018497810822],[111.119268633587723,-8.2230228019795],[111.119271181037576,-8.223027127274715],[111.119273740747246,-8.223031473385774],[111.119276312533771,-8.223035840002003],[111.119278896214141,-8.22304022681271],[111.119281491605392,-8.223044633507213],[111.119284098524474,-8.223049059774828],[111.119286716788523,-8.22305350530487],[111.119289346214487,-8.223057969786655],[111.119291986619359,-8.223062452909497],[111.119294637820218,-8.223066954362716],[111.119297299634042,-8.223071473835624],[111.119299971877865,-8.22307601101754],[111.11930265436871,-8.223080565597774],[111.119305346923582,-8.223085137265645],[111.119308049359489,-8.223089725710469],[111.119310761493438,-8.223094330621565],[111.11931348314252,-8.223098951688245],[111.119316214123671,-8.223103588599823],[111.119318954253956,-8.223108241045615],[111.119321703350366,-8.22311290871494],[111.119324461229937,-8.223117591297115],[111.119327227709675,-8.223122288481449],[111.119330002606617,-8.223126999957262],[111.119332785737754,-8.223131725413868],[111.119335576920093,-8.223136464540588],[111.119338375970713,-8.223141217026729],[111.119341182706563,-8.223145982561615],[111.119343996944707,-8.223150760834553],[111.119346818502123,-8.223155551534866],[111.119349647195861,-8.223160354351869],[111.119352482842928,-8.223165168974873],[111.119355325260344,-8.223169995093194],[111.119358174265116,-8.223174832396154],[111.119361029674266,-8.223179680573065],[111.119363891304829,-8.223184539313243],[111.119366758973797,-8.223189408306002],[111.11936963249822,-8.223194287240659],[111.119372511695076,-8.223199175806528],[111.119375396381415,-8.22320407369293],[111.119378286374243,-8.223208980589176],[111.119381181490581,-8.223213896184582],[111.119384081547437,-8.223218820168464],[111.11938698636186,-8.22322375223014],[111.1193898957508,-8.223228692058923],[111.119392809531334,-8.223233639344128],[111.119395727520484,-8.223238593775076],[111.119398649535214,-8.223243555041075],[111.119401575392587,-8.223248522831446],[111.119404504909625,-8.223253496835504],[111.119407437903305,-8.223258476742563],[111.119410374190664,-8.22326346224194],[111.119413313588723,-8.223268453022948],[111.119416255914501,-8.223273448774908],[111.119419200985007,-8.223278449187131],[111.119422148617275,-8.223283453948934],[111.119425098628312,-8.223288462749634],[111.119428050835154,-8.223293475278545],[111.119431005054778,-8.223298491224984],[111.119433961104249,-8.223303510278267],[111.119436918800517,-8.223308532127707],[111.119439877960673,-8.223313556462621],[111.11944283840171,-8.223318582972325],[111.119445799940635,-8.223323611346139],[111.119448762394484,-8.223328641273373],[111.119451725580248,-8.223333672443344],[111.119454689314992,-8.223338704545366],[111.119457653415651,-8.223343737268758],[111.119460617699332,-8.223348770302835],[111.119463581983013,-8.223353803336911],[111.119466546083686,-8.223358836060305],[111.119469509818401,-8.223363868162327],[111.119472473004151,-8.223368899332296],[111.119475435458014,-8.22337392925953],[111.119478396996939,-8.22337895763334],[111.119481357437962,-8.223383984143048],[111.119484316598133,-8.223389008477964],[111.119487274294414,-8.223394030327404],[111.119490230343899,-8.223399049380687],[111.11949318456351,-8.223404065327125],[111.119496136770351,-8.223409077856038],[111.119499086781389,-8.223414086656739],[111.119502034413657,-8.22341909141854],[111.119504979484162,-8.223424091830765],[111.119507921809969,-8.223429087582723],[111.119510861208028,-8.223434078363734],[111.119513797495372,-8.223439063863111],[111.119516730489067,-8.223444043770169],[111.119519660006091,-8.223449017774225],[111.11952258586345,-8.223453985564596],[111.11952550787818,-8.223458946830597],[111.11952842586733,-8.223463901261541],[111.119531339647864,-8.223468848546746],[111.119534249036803,-8.223473788375529],[111.119537153851212,-8.223478720437205],[111.119540053908068,-8.223483644421089],[111.119542949024378,-8.223488560016493],[111.119545839017235,-8.223493466912741],[111.119548723703574,-8.223498364799141],[111.11955160290043,-8.22350325336501],[111.119554476424838,-8.223508132299669],[111.11955734409382,-8.223513001292428],[111.119560205724383,-8.223517860032604],[111.119563061133562,-8.223522708209515],[111.119565910138348,-8.223527545512475],[111.119568752555736,-8.2235323716308],[111.119571588202803,-8.223537186253804],[111.11957441689654,-8.223541989070805],[111.119577238453985,-8.223546779771119],[111.119580052692129,-8.223551558044059],[111.119582859427965,-8.223556323578942],[111.11958565847857,-8.223561076065085],[111.119588449660938,-8.223565815191801],[111.119591232792061,-8.22357054064841],[111.119594007688974,-8.223575252124222],[111.119596774168713,-8.223579949308558],[111.119599532048298,-8.223584631890727],[111.119602281144694,-8.223589299560054],[111.119605021274978,-8.223593952005848],[111.11960775225613,-8.223598588917426],[111.119610473905198,-8.223603209984105],[111.119613186039174,-8.2236078148952],[111.119615888475096,-8.223612403340026],[111.119618581029968,-8.223616975007896],[111.119621263520784,-8.223621529588131],[111.119623935764608,-8.223626066770047],[111.119626597578446,-8.223630586242955],[111.11962924877929,-8.223635087696174],[111.119631889184205,-8.223639570819017],[111.119634518610155,-8.223644035300801],[111.119637136874189,-8.223648480830844],[111.1196397437933,-8.223652907098458],[111.119642339184551,-8.223657313792962],[111.119644922864907,-8.223661700603667],[111.119647494651403,-8.223666067219895],[111.119650054361088,-8.223670413330957],[111.119652601810941,-8.223674738626169],[111.119655136818011,-8.223679042794849],[111.119657659199291,-8.223683325526313],[111.119660168771787,-8.223687586509874],[111.119662665352536,-8.223691825434848],[111.119665148758585,-8.223696041990552],[111.119667618806915,-8.2237002358663],[111.119670075314545,-8.223704406751409],[111.119672518098497,-8.223708554335197],[111.119674946975792,-8.223712678306976],[111.119677361763436,-8.223716778356064],[111.119679762278452,-8.223720854171773],[111.119682148337887,-8.223724905443424],[111.119684519758692,-8.223728931860329],[111.11968687635796,-8.223732933111803],[111.119689217952669,-8.223736908887165],[111.119691544359853,-8.223740858875731],[111.119693855396491,-8.223744782766811],[111.119696150879648,-8.223748680249727],[111.119698430626329,-8.223752551013792],[111.119700694453542,-8.223756394748321],[111.119702942178293,-8.223760211142631],[111.119705173617618,-8.223763999886037],[111.119707388588537,-8.223767760667855],[111.119709586908058,-8.223771493177399],[111.119711768393216,-8.223775197103988],[111.119713932861004,-8.223778872136936],[111.119716080128455,-8.223782517965558],[111.119718210012564,-8.223786134279173],[111.11972032233038,-8.22378972076709],[111.119722416898924,-8.223793277118633],[111.119724493535173,-8.223796803023109],[111.119726552056179,-8.223800298169841],[111.119728592278932,-8.22380376224814],[111.119730614020497,-8.223807194947323],[111.119732617097853,-8.223810595956708],[111.119734601328005,-8.223813964965609],[111.119736566528005,-8.223817301663342],[111.119738512514871,-8.22382060573922],[111.119740439105598,-8.223823876882562],[111.119742346117221,-8.223827114782683],[111.119744233366745,-8.223830319128899],[111.119746100671165,-8.223833489610522],[111.119747947847529,-8.223836625916874],[111.119749774712886,-8.223839727737264],[111.119751581084216,-8.223842794761014],[111.119753366778525,-8.223845826677437],[111.11975513161282,-8.223848823175846],[111.119756875404192,-8.223851783945561],[111.119758597969593,-8.223854708675892],[111.119760299126057,-8.223857597056163],[111.11976197869059,-8.223860448775683],[111.119763636480258,-8.223863263523771],[111.119765272312009,-8.223866040989742],[111.119766886002907,-8.223868780862912],[111.119768477369959,-8.223871482832591],[111.119770046230187,-8.223874146588104],[111.119771592400582,-8.223876771818759],[111.119773115698209,-8.223879358213878],[111.119774615940045,-8.223881905462774],[111.119776092943113,-8.22388441325476],[111.11977754652446,-8.223886881279157],[111.119778976501053,-8.223889309225275],[111.119780382689967,-8.223891696782433],[111.119781764908183,-8.223894043639946],[111.119783122972734,-8.223896349487131],[111.119784456700614,-8.223898614013301],[111.119785765908873,-8.223900836907772],[111.11978705041453,-8.223903017859865],[111.119788310034551,-8.223905156558889],[111.119789544586027,-8.223907252694161],[111.119790753885894,-8.223909305955001],[111.119791937751245,-8.223911316030719],[111.119793095999057,-8.223913282610635],[111.119794228446366,-8.22391520538406],[111.119795334910179,-8.223917084040316],[111.119796415207503,-8.223918918268716],[111.119797469155372,-8.223920707758571],[111.119798496570795,-8.223922452199204],[111.119799497270805,-8.223924151279926],[111.119800471072423,-8.223925804690055],[111.11980141779263,-8.223927412118906],[111.119802337248458,-8.223928973255791],[111.119803229256945,-8.223930487790033],[111.119804093635096,-8.223931955410944],[111.119804930199933,-8.223933375807839],[111.119805738768477,-8.223934748670032],[111.11980651915772,-8.223936073686845],[111.119807271184712,-8.223937350547587],[111.119807994666445,-8.223938578941576],[111.119808689419941,-8.223939758558128],[111.11980935526222,-8.22394088908656],[111.119809992010332,-8.223941970216185],[111.119810599481255,-8.22394300163632],[111.119811177492025,-8.223943983036282],[111.119811725859648,-8.223944914105386],[111.11981224440116,-8.223945794532945],[111.119812732933539,-8.223946624008279],[111.119813191273835,-8.223947402220698],[111.119813619239082,-8.223948128859526],[111.119814016646259,-8.22394880361407],[111.119814383312402,-8.22394942617365],[111.119814719054517,-8.223949996227583],[111.11981502368964,-8.223950513465182],[111.119815297034791,-8.223950977575763],[111.119815538906963,-8.223951388248643],[111.119815749123205,-8.223951745173139],[111.119815927500497,-8.223952048038559],[111.119816073855887,-8.223952296534231],[111.119816188006382,-8.223952490349461],[111.119816269769004,-8.223952629173567],[111.119816318960758,-8.223952712695866],[111.119816335398667,-8.223952740605673]]]}},
{"type":"Feature","properties":{"id":null},"geometry":{"type":"MultiLineString","coordinates":[[[111.114054343445531,-8.215074221300247],[111.114054331640119,-8.215074259487137],[111.11405429631148,-8.215074373764425],[111.11405423759102,-8.21507456370702],[111.114054155610162,-8.215074828889833],[111.114054050500357,-8.215075168887777],[111.114053922392927,-8.215075583275773],[111.11405377141935,-8.215076071628733],[111.114053597711077,-8.215076633521569],[111.11405340139946,-8.215077268529198],[111.114053182615947,-8.21507797622653],[111.114052941491948,-8.215078756188483],[111.114052678158856,-8.215079607989969],[111.114052392748093,-8.215080531205899],[111.11405208539108,-8.215081525411193],[111.11405175621924,-8.215082590180762],[111.114051405364009,-8.215083725089519],[111.114051032956667,-8.215084929712377],[111.114050639128848,-8.215086203624253],[111.114050224011805,-8.215087546400063],[111.114049787737002,-8.215088957614718],[111.114049330435876,-8.215090436843131],[111.114048852239776,-8.215091983660216],[111.114048353280197,-8.215093597640889],[111.114047833688502,-8.215095278360064],[111.114047293596116,-8.215097025392652],[111.114046733134472,-8.215098838313571],[111.114046152434952,-8.215100716697732],[111.114045551629005,-8.215102660120053],[111.114044930847982,-8.215104668155439],[111.114044290223362,-8.215106740378813],[111.114043629886567,-8.215108876365088],[111.114042949968962,-8.215111075689176],[111.114042250601997,-8.215113337925988],[111.11404153191711,-8.215115662650446],[111.114040794045636,-8.215118049437455],[111.114040037119054,-8.215120497861935],[111.114039261268744,-8.2151230074988],[111.114038466626155,-8.21512557792296],[111.114037653322654,-8.215128208709329],[111.114036821489691,-8.215130899432825],[111.114035971258701,-8.215133649668362],[111.114035102761036,-8.215136458990852],[111.114034216128204,-8.215139326975208],[111.114033311491525,-8.215142253196346],[111.114032388982451,-8.215145237229176],[111.114031448732405,-8.21514827864862],[111.114030490872793,-8.215151377029585],[111.114029515535023,-8.215154531946986],[111.114028522850518,-8.215157742975741],[111.114027512950685,-8.21516100969076],[111.114026485966988,-8.215164331666957],[111.114025442030737,-8.21516770847925],[111.114024381273424,-8.215171139702546],[111.114023303826443,-8.215174624911768],[111.114022209821243,-8.215178163681824],[111.114021099389177,-8.215181755587627],[111.114019972661737,-8.215185400204094],[111.114018829770259,-8.215189097106141],[111.114017670846195,-8.215192845868676],[111.114016496020952,-8.215196646066619],[111.114015305425951,-8.215200497274878],[111.114014099192616,-8.215204399068373],[111.114012877452325,-8.215208351022014],[111.114011640336557,-8.215212352710719],[111.114010387976649,-8.215216403709398],[111.114009120504079,-8.215220503592965],[111.114007838050256,-8.215224651936337],[111.11400654074653,-8.215228848314425],[111.114005228724395,-8.215233092302146],[111.114003902115201,-8.215237383474411],[111.114002561050441,-8.215241721406136],[111.114001205661452,-8.215246105672234],[111.113999836079657,-8.21525053584762],[111.113998452436547,-8.215255011507205],[111.113997054863404,-8.215259532225907],[111.113995643491762,-8.215264097578638],[111.113994218453016,-8.215268707140313],[111.113992779878529,-8.215273360485845],[111.113991327899768,-8.215278057190151],[111.113989862648097,-8.215282796828138],[111.113988384254981,-8.215287578974728],[111.113986892851827,-8.215292403204831],[111.113985388569986,-8.215297269093359],[111.113983871540952,-8.215302176215229],[111.113982341896119,-8.215307124145356],[111.113980799766907,-8.215312112458653],[111.113979245284696,-8.215317140730031],[111.113977678580895,-8.21532220853441],[111.113976099786981,-8.215327315446698],[111.113974509034307,-8.215332461041813],[111.113972906454336,-8.215337644894666],[111.113971292178448,-8.215342866580173],[111.113969666338079,-8.215348125673248],[111.113968029064637,-8.215353421748803],[111.113966380489501,-8.215358754381754],[111.11396472074415,-8.215364123147017],[111.113963049959963,-8.215369527619501],[111.11396136826832,-8.215374967374121],[111.1139596758007,-8.215380441985795],[111.11395797268851,-8.215385951029432],[111.113956259063144,-8.215391494079952],[111.11395453505601,-8.215397070712266],[111.113952800798515,-8.215402680501285],[111.11395105642211,-8.215408323021926],[111.113949302058188,-8.215413997849101],[111.113947537838158,-8.215419704557728],[111.11394576389344,-8.215425442722717],[111.113943980355458,-8.215431211918984],[111.113942187355633,-8.215437011721445],[111.113940385025359,-8.215442841705009],[111.113938573496057,-8.215448701444595],[111.11393675289915,-8.215454590515114],[111.113934923366031,-8.215460508491478],[111.113933085028123,-8.215466454948606],[111.113931238016875,-8.215472429461409],[111.113929382463652,-8.215478431604803],[111.113927518499906,-8.2154844609537],[111.113925646257002,-8.215490517083012],[111.113923765866417,-8.215496599567658],[111.113921877459546,-8.21550270798255],[111.113919981167754,-8.215508841902597],[111.11391807712252,-8.215515000902723],[111.113916165455237,-8.215521184557835],[111.113914246297327,-8.215527392442848],[111.113912319780184,-8.215533624132679],[111.113910386035215,-8.215539879202238],[111.113908445193886,-8.215546157226438],[111.113906497387575,-8.215552457780198],[111.113904542747676,-8.215558780438432],[111.113902581405668,-8.215565124776049],[111.113900613492902,-8.215571490367966],[111.113898639140814,-8.215577876789098],[111.113896658480868,-8.215584283614358],[111.113894671644374,-8.215590710418658],[111.113892678762838,-8.215597156776916],[111.113890679967625,-8.215603622264043],[111.113888675390172,-8.215610106454951],[111.113886665161886,-8.215616608924563],[111.113884649414217,-8.215623129247781],[111.113882628278503,-8.215629666999526],[111.113880601886208,-8.215636221754711],[111.113878570368755,-8.215642793088252],[111.113876533857564,-8.215649380575057],[111.113874492483944,-8.215655983790045],[111.113872446379474,-8.215662602308129],[111.113870395675463,-8.215669235704222],[111.113868340503359,-8.215675883553242],[111.113866280994586,-8.215682545430097],[111.113864217280536,-8.215689220909704],[111.113862149492604,-8.215695909566975],[111.113860077762254,-8.215702610976829],[111.11385800222088,-8.215709324714176],[111.113855922999903,-8.215716050353931],[111.113853840230718,-8.215722787471009],[111.113851754044759,-8.215729535640323],[111.113849664573436,-8.215736294436786],[111.113847571948142,-8.215743063435312],[111.113845476300327,-8.215749842210816],[111.113843377761384,-8.215756630338211],[111.11384127646275,-8.215763427392412],[111.113839172535805,-8.215770232948337],[111.113837066111984,-8.215777046580893],[111.113834957322695,-8.215783867864996],[111.113832846299374,-8.215790696375562],[111.113830733173401,-8.215797531687503],[111.113828618076198,-8.215804373375731],[111.113826501139201,-8.215811221015167],[111.113824382493817,-8.215818074180721],[111.113822262271469,-8.215824932447306],[111.113820140603536,-8.215831795389837],[111.113818017621469,-8.215838662583227],[111.113815893456632,-8.215845533602391],[111.113813768240533,-8.215852408022247],[111.113811642104508,-8.2158592854177],[111.113809515180009,-8.21586616536367],[111.113807387598399,-8.215873047435071],[111.113805259491187,-8.215879931206814],[111.113803130989709,-8.215886816253821],[111.113801002225401,-8.215893702150996],[111.113798873329657,-8.215900588473255],[111.113796744433927,-8.215907474795515],[111.113794615669605,-8.21591436069269],[111.113792487168112,-8.215921245739693],[111.113790359060886,-8.21592812951144],[111.113788231479305,-8.21593501158284],[111.113786104554791,-8.215941891528811],[111.113783978418766,-8.215948768924264],[111.113781853202653,-8.215955643344117],[111.113779729037844,-8.215962514363282],[111.113777606055777,-8.215969381556675],[111.113775484387844,-8.215976244499204],[111.113773364165496,-8.21598310276579],[111.113771245520098,-8.215989955931343],[111.113769128583115,-8.215996803570778],[111.113767013485926,-8.21600364525901],[111.113764900359939,-8.216010480570951],[111.113762789336619,-8.216017309081517],[111.11376068054733,-8.216024130365621],[111.113758574123523,-8.216030943998176],[111.113756470196563,-8.216037749554097],[111.113754368897915,-8.2160445466083],[111.113752270358987,-8.216051334735695],[111.113750174711171,-8.216058113511201],[111.113748082085863,-8.216064882509727],[111.113745992614554,-8.21607164130619],[111.113743906428581,-8.216078389475502],[111.11374182365941,-8.216085126592578],[111.113739744438419,-8.216091852232333],[111.113737668897045,-8.216098565969679],[111.113735597166681,-8.216105267379534],[111.113733529378791,-8.216111956036807],[111.113731465664728,-8.216118631516414],[111.113729406155954,-8.216125293393269],[111.113727350983851,-8.216131941242287],[111.113725300279839,-8.216138574638382],[111.113723254175355,-8.216145193156466],[111.113721212801806,-8.216151796371456],[111.113719176290587,-8.216158383858261],[111.113717144773119,-8.2161649551918],[111.113715118380838,-8.216171509946985],[111.113713097245139,-8.21617804769873],[111.113711081497428,-8.21618456802195],[111.113709071269142,-8.216191070491558],[111.113707066691703,-8.216197554682468],[111.113705067896475,-8.216204020169595],[111.113703075014939,-8.216210466527851],[111.113701088178473,-8.216216893332152],[111.113699107518485,-8.216223300157409],[111.113697133166383,-8.216229686578542],[111.113695165253631,-8.216236052170458],[111.113693203911609,-8.216242396508077],[111.113691249271739,-8.216248719166311],[111.113689301465413,-8.216255019720071],[111.113687360624084,-8.216261297744273],[111.11368542687913,-8.216267552813832],[111.113683500361986,-8.216273784503661],[111.113681581204077,-8.216279992388676],[111.113679669536793,-8.216286176043788],[111.113677765491559,-8.216292335043914],[111.113675869199781,-8.216298468963963],[111.113673980792896,-8.216304577378853],[111.113672100402312,-8.216310659863499],[111.113670228159435,-8.216316715992813],[111.113668364195689,-8.21632274534171],[111.113666508642453,-8.216328747485102],[111.113664661631191,-8.216334721997905],[111.113662823293282,-8.216340668455032],[111.113660993760163,-8.216346586431397],[111.113659173163256,-8.216352475501916],[111.113657361633955,-8.216358335241498],[111.11365555930368,-8.216364165225066],[111.113653766303855,-8.216369965027525],[111.113651982765859,-8.216375734223792],[111.113650208821142,-8.216381472388782],[111.113648444601125,-8.216387179097408],[111.113646690237204,-8.216392853924585],[111.113644945860798,-8.216398496445228],[111.113643211603303,-8.216404106234245],[111.113641487596169,-8.216409682866558],[111.113639773970803,-8.216415225917077],[111.113638070858613,-8.216420734960716],[111.113636378390993,-8.21642620957239],[111.113634696699364,-8.216431649327012],[111.113633025915178,-8.216437053799497],[111.113631366169813,-8.216442422564757],[111.113629717594691,-8.216447755197709],[111.11362808032122,-8.216453051273264],[111.113626454480865,-8.216458310366338],[111.113624840204963,-8.216463532051845],[111.113623237625006,-8.216468715904698],[111.113621646872332,-8.216473861499814],[111.113620068078404,-8.216478968412101],[111.113618501374631,-8.216484036216478],[111.113616946892407,-8.216489064487858],[111.113615404763181,-8.216494052801153],[111.113613875118332,-8.216499000731281],[111.113612358089313,-8.21650390785315],[111.113610853807501,-8.216508773741682],[111.113609362404333,-8.216513597971783],[111.113607884011202,-8.216518380118373],[111.113606418759545,-8.21652311975636],[111.113604966780784,-8.216527816460664],[111.113603528206298,-8.216532469806197],[111.113602103167537,-8.216537079367873],[111.113600691795909,-8.216541644720603],[111.113599294222794,-8.216546165439306],[111.113597910579657,-8.216550641098893],[111.113596540997889,-8.216555071274277],[111.113595185608887,-8.216559455540375],[111.113593844544113,-8.216563793472101],[111.113592517934933,-8.216568084644367],[111.113591205912769,-8.216572328632086],[111.113589908609072,-8.216576525010176],[111.11358862615522,-8.216580673353546],[111.113587358682651,-8.216584773237113],[111.113586106322742,-8.216588824235791],[111.11358486920696,-8.216592825924495],[111.113583647466697,-8.216596777878138],[111.113582441233362,-8.216600679671632],[111.113581250638362,-8.216604530879893],[111.113580075813118,-8.216608331077834],[111.113578916889054,-8.21661207984037],[111.113577773997591,-8.216615776742415],[111.113576647270122,-8.216619421358885],[111.113575536838084,-8.216623013264687],[111.113574442832856,-8.216626552034743],[111.113573365385889,-8.216630037243963],[111.113572304628605,-8.216633468467261],[111.113571260692368,-8.216636845279552],[111.113570233708629,-8.216640167255752],[111.113569223808824,-8.21664343397077],[111.113568231124304,-8.216646644999525],[111.113567255786535,-8.216649799916926],[111.113566297926909,-8.216652898297891],[111.113565357676876,-8.216655939717333],[111.113564435167802,-8.216658923750167],[111.11356353053111,-8.216661849971304],[111.113562643898248,-8.216664717955659],[111.113561775400598,-8.216667527278149],[111.113560925169622,-8.216670277513686],[111.113560093336659,-8.21667296823718],[111.113559280033172,-8.216675599023553],[111.11355848539057,-8.216678169447713],[111.113557709540274,-8.216680679084575],[111.113556952613692,-8.216683127509055],[111.113556214742232,-8.216685514296065],[111.113555496057288,-8.216687839020521],[111.113554796690352,-8.216690101257335],[111.113554116772733,-8.216692300581423],[111.113553456435923,-8.216694436567696],[111.113552815811317,-8.216696508791072],[111.113552195030337,-8.21669851682646],[111.11355159422439,-8.216700460248781],[111.113551013524869,-8.21670233863294],[111.113550453063198,-8.216704151553857],[111.113549912970797,-8.216705898586447],[111.113549393379103,-8.216707579305622],[111.113548894419523,-8.216709193286295],[111.113548416223438,-8.21671074010338],[111.113547958922283,-8.216712219331793],[111.113547522647494,-8.216713630546447],[111.113547107530465,-8.216714973322254],[111.113546713702618,-8.216716247234134],[111.113546341295319,-8.216717451856992],[111.113545990440059,-8.216718586765751],[111.113545661268233,-8.216719651535319],[111.113545353911235,-8.216720645740612],[111.113545068500457,-8.216721568956544],[111.113544805167365,-8.216722420758028],[111.113544564043366,-8.216723200719981],[111.113544345259825,-8.216723908417313],[111.113544148948222,-8.216724543424942],[111.113543975239921,-8.216725105317778],[111.113543824266387,-8.21672559367074],[111.113543696158985,-8.216726008058734],[111.113543591049151,-8.216726348056683],[111.113543509068293,-8.216726613239496],[111.113543450347862,-8.216726803182087],[111.113543415019208,-8.21672691745937],[111.113543403213782,-8.216726955646264]]]}},
{"type":"Feature","properties":{"id":null},"geometry":{"type":"MultiLineString","coordinates":[[[111.1118399,-8.2168979],[111.111839930326397,-8.216897904947157],[111.111840021080567,-8.216897919751911],[111.111840171924911,-8.216897944359191],[111.111840382521848,-8.216897978713932],[111.1118406525338,-8.216898022761056],[111.111840981623089,-8.216898076445496],[111.111841369452293,-8.216898139712182],[111.111841815683732,-8.216898212506047],[111.111842319979843,-8.216898294772015],[111.111842882003032,-8.216898386455018],[111.111843501415706,-8.216898487499984],[111.111844177880286,-8.216898597851845],[111.11184491105918,-8.216898717455532],[111.111845700614836,-8.216898846255971],[111.111846546209605,-8.216898984198092],[111.11184744750598,-8.216899131226826],[111.111848404166295,-8.216899287287101],[111.11184941585303,-8.216899452323849],[111.111850482228576,-8.216899626281998],[111.111851602955355,-8.216899809106478],[111.111852777695745,-8.216900000742219],[111.11185400611221,-8.216900201134152],[111.111855287867158,-8.216900410227204],[111.111856622622966,-8.216900627966305],[111.111858010042084,-8.216900854296386],[111.11185944978692,-8.216901089162373],[111.111860941519879,-8.216901332509201],[111.111862484903398,-8.216901584281798],[111.111864079599826,-8.216901844425086],[111.111865725271628,-8.216902112884007],[111.11186742158128,-8.216902389603485],[111.111869168191092,-8.21690267452845],[111.11187096476354,-8.216902967603829],[111.111872810961032,-8.216903268774553],[111.111874706445931,-8.216903577985557],[111.111876650880703,-8.216903895181762],[111.111878643927781,-8.216904220308102],[111.111880685249517,-8.216904553309506],[111.111882774508359,-8.216904894130902],[111.11188491136673,-8.216905242717225],[111.111887095487049,-8.216905599013401],[111.111889326531696,-8.216905962964358],[111.111891604163119,-8.216906334515027],[111.111893928043727,-8.21690671361034],[111.111896297835926,-8.216907100195225],[111.111898713202123,-8.21690749421461],[111.111901173804782,-8.216907895613424],[111.111903679306238,-8.2169083043366],[111.111906229368969,-8.216908720329068],[111.111908823655355,-8.216909143535755],[111.111911461827816,-8.216909573901587],[111.111914143548802,-8.216910011371501],[111.11191686848062,-8.216910455890423],[111.111919636285833,-8.216910907403284],[111.111922446626792,-8.216911365855012],[111.111925299165904,-8.216911831190538],[111.111928193565575,-8.216912303354791],[111.111931129488227,-8.216912782292701],[111.111934106596294,-8.216913267949197],[111.111937124552171,-8.216913760269208],[111.111940183018248,-8.216914259197663],[111.111943281656991,-8.216914764679494],[111.111946420130806,-8.216915276659632],[111.1119495981021,-8.216915795083004],[111.11195281523328,-8.216916319894541],[111.111956071186754,-8.216916851039169],[111.111959365624955,-8.216917388461821],[111.111962698210291,-8.216917932107426],[111.11196606860517,-8.216918481920914],[111.111969476472012,-8.216919037847212],[111.111972921473239,-8.216919599831256],[111.111976403271257,-8.216920167817969],[111.111979921528487,-8.216920741752281],[111.111983475907323,-8.216921321579125],[111.111987066070171,-8.216921907243428],[111.111990691679495,-8.216922498690122],[111.111994352397687,-8.216923095864136],[111.11199804788717,-8.216923698710399],[111.112001777810335,-8.216924307173841],[111.112005541829618,-8.216924921199389],[111.112009339607425,-8.216925540731978],[111.112013170806179,-8.216926165716533],[111.112017035088243,-8.216926796097983],[111.112020932116096,-8.216927431821263],[111.112024861552143,-8.216928072831298],[111.112028823058822,-8.216928719073019],[111.11203281629848,-8.216929370491355],[111.11203684093357,-8.216930027031239],[111.112040896626524,-8.216930688637596],[111.112044983039738,-8.216931355255358],[111.112049099835588,-8.216932026829452],[111.112053246676552,-8.216932703304813],[111.112057423225025,-8.216933384626365],[111.112061629143383,-8.216934070739043],[111.112065864094092,-8.216934761587771],[111.112070127739543,-8.216935457117483],[111.112074419742157,-8.216936157273105],[111.112078739764328,-8.216936861999571],[111.11208308746852,-8.216937571241804],[111.11208746251711,-8.216938284944739],[111.112091864572506,-8.216939003053305],[111.112096293297128,-8.216939725512432],[111.112100748353427,-8.216940452267046],[111.112105229403795,-8.216941183262081],[111.112109736110568,-8.216941918442465],[111.11211426813631,-8.216942657753126],[111.112118825143341,-8.216943401138998],[111.112123406794097,-8.216944148545004],[111.112128012750986,-8.216944899916079],[111.112132642676471,-8.216945655197154],[111.112137296232888,-8.216946414333153],[111.112141973082672,-8.216947177269006],[111.112146672888258,-8.216947943949647],[111.112151395312083,-8.216948714320004],[111.112156140016495,-8.216949488325005],[111.112160906664016,-8.216950265909583],[111.112165694916939,-8.216951047018661],[111.112170504437714,-8.216951831597175],[111.112175334888803,-8.216952619590053],[111.112180185932601,-8.216953410942224],[111.112185057231486,-8.216954205598615],[111.11218994844792,-8.216955003504161],[111.112194859244283,-8.21695580460379],[111.112199789283025,-8.216956608842429],[111.112204738226538,-8.216957416165009],[111.112209705737243,-8.216958226516461],[111.112214691477533,-8.216959039841711],[111.112219695109843,-8.216959856085694],[111.112224716296609,-8.216960675193334],[111.112229754700195,-8.216961497109564],[111.112234809983065,-8.216962321779315],[111.112239881807596,-8.216963149147514],[111.112244969836269,-8.216963979159091],[111.112250073731403,-8.216964811758976],[111.112255193155463,-8.216965646892097],[111.112260327770855,-8.216966484503386],[111.112265477240015,-8.216967324537773],[111.112270641225336,-8.216968166940188],[111.112275819389254,-8.216969011655555],[111.112281011394117,-8.216969858628808],[111.112286216902419,-8.216970707804876],[111.112291435576566,-8.216971559128691],[111.112296667078908,-8.216972412545179],[111.11230191107191,-8.216973267999268],[111.112307167217978,-8.216974125435893],[111.112312435179561,-8.216974984799982],[111.112317714619039,-8.216975846036465],[111.112323005198803,-8.216976709090268],[111.112328306581333,-8.216977573906325],[111.112333618428977,-8.216978440429562],[111.112338940404186,-8.216979308604913],[111.112344272169366,-8.2169801783773],[111.112349613386925,-8.216981049691663],[111.112354963719298,-8.216981922492925],[111.11236032282892,-8.216982796726017],[111.112365690378127,-8.216983672335866],[111.112371066029397,-8.216984549267407],[111.112376449445122,-8.216985427465566],[111.112381840287725,-8.216986306875274],[111.112387238219611,-8.216987187441458],[111.112392642903231,-8.21698806910905],[111.112398054000948,-8.21698895182298],[111.112403471175213,-8.216989835528178],[111.112408894088418,-8.216990720169571],[111.112414322402969,-8.216991605692089],[111.112419755781289,-8.216992492040662],[111.112425193885827,-8.216993379160222],[111.112430636378974,-8.216994266995698],[111.112436082923153,-8.216995155492016],[111.112441533180757,-8.21699604459411],[111.112446986814206,-8.216996934246907],[111.112452443485921,-8.216997824395337],[111.112457902858324,-8.216998714984332],[111.112463364593836,-8.216999605958819],[111.112468828354864,-8.217000497263726],[111.1124742938038,-8.217001388843986],[111.11247976060308,-8.217002280644529],[111.112485228415139,-8.217003172610283],[111.112490696902341,-8.217004064686178],[111.112496165727151,-8.217004956817142],[111.112501634551933,-8.217005848948107],[111.11250710303915,-8.217006741024001],[111.11251257085118,-8.217007632989754],[111.112518037650474,-8.217008524790295],[111.112523503099425,-8.217009416370557],[111.112528966860438,-8.217010307675466],[111.112534428595936,-8.217011198649953],[111.112539887968353,-8.217012089238946],[111.112545344640068,-8.217012979387377],[111.112550798273531,-8.217013869040173],[111.112556248531149,-8.217014758142268],[111.1125616950753,-8.217015646638588],[111.112567137568448,-8.217016534474062],[111.112572575672999,-8.217017421593622],[111.112578009051333,-8.217018307942197],[111.112583437365899,-8.217019193464717],[111.112588860279089,-8.21702007810611],[111.112594277453354,-8.217020961811306],[111.112599688551086,-8.217021844525235],[111.112605093234691,-8.217022726192827],[111.112610491166564,-8.217023606759012],[111.11261588200918,-8.217024486168718],[111.112621265424892,-8.217025364366878],[111.112626641076162,-8.217026241298417],[111.112632008625383,-8.217027116908268],[111.112637367734976,-8.217027991141357],[111.112642718067349,-8.21702886394262],[111.112648059284936,-8.217029735256981],[111.112653391050074,-8.217030605029372],[111.112658713025297,-8.217031473204722],[111.112664024872956,-8.217032339727957],[111.112669326255485,-8.217033204544016],[111.11267461683525,-8.217034067597819],[111.112679896274727,-8.217034928834302],[111.112685164236282,-8.217035788198389],[111.112690420382378,-8.217036645635016],[111.112695664375394,-8.217037501089107],[111.112700895877765,-8.217038354505595],[111.112706114551884,-8.217039205829408],[111.112711320060185,-8.217040055005478],[111.112716512065077,-8.217040901978731],[111.112721690228966,-8.2170417466941],[111.112726854214287,-8.217042589096511],[111.112732003683433,-8.217043429130896],[111.11273713829884,-8.217044266742187],[111.1127422577229,-8.217045101875309],[111.112747361618034,-8.217045934475195],[111.112752449646663,-8.217046764486771],[111.112757521471195,-8.217047591854968],[111.112762576754051,-8.217048416524719],[111.112767615157679,-8.21704923844095],[111.112772636344417,-8.21705005754859],[111.112777639976741,-8.217050873792573],[111.112782625717045,-8.217051687117824],[111.11278759322775,-8.217052497469275],[111.112792542171249,-8.217053304791856],[111.112797472209991,-8.217054109030494],[111.112802383006368,-8.217054910130123],[111.112807274222789,-8.217055708035668],[111.112812145521701,-8.217056502692062],[111.112816996565471,-8.217057294044231],[111.112821827016575,-8.217058082037109],[111.112826636537363,-8.217058866615623],[111.112831424790301,-8.217059647724703],[111.112836191437779,-8.217060425309281],[111.112840936142192,-8.217061199314282],[111.112845658566016,-8.217061969684638],[111.112850358371617,-8.217062736365278],[111.112855035221401,-8.217063499301133],[111.112859688777831,-8.217064258437132],[111.112864318703274,-8.217065013718203],[111.112868924660177,-8.217065765089279],[111.112873506310933,-8.217066512495286],[111.112878063317964,-8.217067255881156],[111.112882595343677,-8.217067995191819],[111.112887102050522,-8.217068730372203],[111.112891583100847,-8.217069461367238],[111.11289603815716,-8.217070188121852],[111.112900466881783,-8.217070910580979],[111.112904868937193,-8.217071628689546],[111.112909243985783,-8.217072342392481],[111.11291359168996,-8.217073051634717],[111.112917911712145,-8.217073756361181],[111.11292220371476,-8.217074456516803],[111.112926467360211,-8.217075152046514],[111.112930702310919,-8.217075842895243],[111.112934908229306,-8.217076529007919],[111.112939084777736,-8.217077210329471],[111.112943231618701,-8.21707788680483],[111.112947348414565,-8.217078558378926],[111.112951434827764,-8.21707922499669],[111.11295549052069,-8.217079886603045],[111.112959515155779,-8.217080543142927],[111.112963508395467,-8.217081194561265],[111.112967469902102,-8.217081840802987],[111.112971399338178,-8.217082481813021],[111.112975296366017,-8.217083117536301],[111.112979160648123,-8.217083747917753],[111.112982991846863,-8.217084372902308],[111.112986789624657,-8.217084992434895],[111.112990553643954,-8.217085606460445],[111.112994283567105,-8.217086214923885],[111.112997979056587,-8.217086817770149],[111.11300163977478,-8.217087414944162],[111.113005265384118,-8.217088006390856],[111.11300885554698,-8.217088592055161],[111.11301240992583,-8.217089171882005],[111.11301592818306,-8.217089745816317],[111.11301940998105,-8.21709031380303],[111.11302285498229,-8.217090875787072],[111.113026262849104,-8.217091431713371],[111.113029633243997,-8.217091981526858],[111.113032965829319,-8.217092525172463],[111.113036260267521,-8.217093062595115],[111.113039516220994,-8.217093593739744],[111.113042733352188,-8.21709411855128],[111.113045911323454,-8.21709463697465],[111.113049049797283,-8.217095148954789],[111.11305214843604,-8.217095654436621],[111.113055206902118,-8.217096153365077],[111.113058224857994,-8.217096645685089],[111.113061201966048,-8.217097131341584],[111.113064137888742,-8.217097610279495],[111.113067032288384,-8.217098082443746],[111.113069884827496,-8.217098547779273],[111.113072695168455,-8.217099006231001],[111.11307546297364,-8.21709945774386],[111.113078187905529,-8.217099902262785],[111.113080869626486,-8.217100339732697],[111.113083507798962,-8.217100770098533],[111.113086102085347,-8.217101193305218],[111.113088652148079,-8.217101609297684],[111.113091157649535,-8.21710201802086],[111.113093618252179,-8.217102419419675],[111.113096033618362,-8.217102813439059],[111.113098403410575,-8.217103200023942],[111.113100727291155,-8.217103579119255],[111.113103004922579,-8.217103950669925],[111.113105235967254,-8.217104314620883],[111.113107420087545,-8.217104670917058],[111.113109556945929,-8.217105019503379],[111.113111646204771,-8.21710536032478],[111.113113687526521,-8.217105693326182],[111.113115680573571,-8.217106018452524],[111.113117625008343,-8.217106335648729],[111.113119520493271,-8.217106644859729],[111.113121366690748,-8.217106946030455],[111.113123163263197,-8.217107239105836],[111.113124909872994,-8.217107524030798],[111.113126606182632,-8.217107800750275],[111.113128251854462,-8.217108069209196],[111.113129846550905,-8.21710832935249],[111.113131389934424,-8.217108581125084],[111.113132881667369,-8.217108824471911],[111.113134321412218,-8.217109059337899],[111.113135708831322,-8.217109285667979],[111.113137043587159,-8.21710950340708],[111.113138325342078,-8.217109712500132],[111.113139553758529,-8.217109912892063],[111.113140728498934,-8.217110104527803],[111.113141849225713,-8.217110287352286],[111.113142915601259,-8.217110461310435],[111.113143927287993,-8.217110626347182],[111.113144883948323,-8.217110782407458],[111.113145785244669,-8.217110929436194],[111.113146630839466,-8.217111067378314],[111.113147420395094,-8.217111196178752],[111.113148153574002,-8.217111315782438],[111.113148830038568,-8.2171114261343],[111.113149449451242,-8.217111527179267],[111.113150011474431,-8.217111618862269],[111.113150515770513,-8.217111701128237],[111.113150962001967,-8.217111773922102],[111.113151349831142,-8.217111837188789],[111.113151678920516,-8.21711189087323],[111.11315194893244,-8.217111934920355],[111.113152159529378,-8.217111969275091],[111.113152310373721,-8.217111993882375],[111.113152401127891,-8.217112008687126],[111.113152431454296,-8.217112013634283]]]}},
{"type":"Feature","properties":{"id":null},"geometry":{"type":"MultiLineString","coordinates":[[[111.110150021512879,-8.216222112678505],[111.110150052924013,-8.216222125289075],[111.110150146924298,-8.216222163027197],[111.110150303164119,-8.216222225752501],[111.110150521293733,-8.2162223133246],[111.110150800963538,-8.216222425603124],[111.11015114182382,-8.216222562447685],[111.110151543525035,-8.216222723717918],[111.11015200571741,-8.216222909273442],[111.110152528051344,-8.216223118973879],[111.110153110177137,-8.216223352678849],[111.110153751745159,-8.216223610247978],[111.110154452405737,-8.216223891540887],[111.1101552118092,-8.216224196417196],[111.110156029605903,-8.216224524736534],[111.110156905446189,-8.216224876358519],[111.110157838980427,-8.216225251142776],[111.110158829858847,-8.216225648948921],[111.110159877731888,-8.216226069636585],[111.110160982249894,-8.216226513065388],[111.110162143063178,-8.216226979094952],[111.110163359822067,-8.216227467584897],[111.110164632176904,-8.216227978394851],[111.11016595977803,-8.216228511384434],[111.11016734227583,-8.216229066413268],[111.110168779320603,-8.216229643340975],[111.110170270562648,-8.21623024202718],[111.110171815652379,-8.216230862331503],[111.110173414240094,-8.216231504113569],[111.110175065976151,-8.216232167232997],[111.11017677051089,-8.216232851549412],[111.110178527494625,-8.21623355692244],[111.110180336577741,-8.216234283211698],[111.110182197410538,-8.216235030276811],[111.110184109643384,-8.216235797977404],[111.110186072926595,-8.216236586173093],[111.110188086910512,-8.216237394723507],[111.110190151245519,-8.216238223488265],[111.110192265581887,-8.216239072326992],[111.110194429569958,-8.216239941099307],[111.11019664286016,-8.216240829664837],[111.110198905102763,-8.216241737883204],[111.110201215948123,-8.216242665614027],[111.110203575046569,-8.216243612716934],[111.11020598204847,-8.216244579051541],[111.110208436604125,-8.216245564477475],[111.110210938363906,-8.216246568854359],[111.110213486978139,-8.216247592041814],[111.110216082097139,-8.216248633899461],[111.11021872337129,-8.216249694286926],[111.110221410450933,-8.216250773063829],[111.110224142986411,-8.216251870089796],[111.110226920627966,-8.216252985224445],[111.110229743026039,-8.2162541183274],[111.110232609830959,-8.216255269258285],[111.110235520693067,-8.216256437876723],[111.110238475262662,-8.216257624042337],[111.110241473190129,-8.216258827614746],[111.11024451412581,-8.216260048453577],[111.11024759771999,-8.216261286418449],[111.110250723623054,-8.216262541368987],[111.110253891485272,-8.21626381316481],[111.110257100957128,-8.216265101665545],[111.110260351688837,-8.216266406730814],[111.110263643330782,-8.216267728220238],[111.110266975533307,-8.216269065993441],[111.110270347946738,-8.216270419910042],[111.110273760221446,-8.216271789829669],[111.11027721200773,-8.216273175611942],[111.110280702955933,-8.216274577116483],[111.11028423271641,-8.216275994202913],[111.110287800939517,-8.216277426730858],[111.110291407275568,-8.216278874559942],[111.110295051374877,-8.216280337549783],[111.110298732887841,-8.216281815560006],[111.110302451464776,-8.21628330845023],[111.110306206756022,-8.216284816080083],[111.110309998411921,-8.216286338309184],[111.110313826082816,-8.216287874997159],[111.11031768941902,-8.216289426003627],[111.110321588070931,-8.216290991188213],[111.110325521688821,-8.216292570410541],[111.110329489923075,-8.216294163530227],[111.11033349242399,-8.216295770406898],[111.110337528841981,-8.216297390900181],[111.110341598827318,-8.21629902486969],[111.110345702030372,-8.216300672175054],[111.11034983810147,-8.216302332675893],[111.110354006690983,-8.216304006231828],[111.11035820744921,-8.216305692702488],[111.110362440026492,-8.216307391947488],[111.110366704073172,-8.216309103826454],[111.110370999239635,-8.21631082819901],[111.110375325176193,-8.216312564924777],[111.110379681533175,-8.216314313863377],[111.110384067960894,-8.216316074874429],[111.110388484109734,-8.216317847817564],[111.110392929630052,-8.2163196325524],[111.110397404172147,-8.21632142893856],[111.110401907386318,-8.216323236835667],[111.110406438922993,-8.216325056103342],[111.110410998432499,-8.216326886601209],[111.110415585565136,-8.216328728188891],[111.110420199971259,-8.216330580726009],[111.110424841301196,-8.216332444072185],[111.110429509205318,-8.216334318087046],[111.110434203333938,-8.216336202630211],[111.110438923337426,-8.216338097561303],[111.110443668866083,-8.216340002739946],[111.110448439570277,-8.216341918025762],[111.110453235100337,-8.216343843278375],[111.110458055106605,-8.2163457783574],[111.110462899239423,-8.216347723122471],[111.110467767149117,-8.216349677433202],[111.11047265848606,-8.216351641149219],[111.11047757290055,-8.216353614130146],[111.110482510042971,-8.216355596235603],[111.110487469563623,-8.216357587325215],[111.110492451112847,-8.2163595872586],[111.110497454341015,-8.216361595895384],[111.110502478898439,-8.21636361309519],[111.110507524435477,-8.216365638717638],[111.11051259060244,-8.216367672622354],[111.110517677049714,-8.216369714668961],[111.110522783427598,-8.216371764717078],[111.110527909386462,-8.216373822626327],[111.110533054576621,-8.216375888256337],[111.110538218648429,-8.216377961466723],[111.110543401252215,-8.216380042117112],[111.110548602038321,-8.216382130067124],[111.110553820657117,-8.216384225176387],[111.11055905675893,-8.216386327304519],[111.110564309994061,-8.21638843631114],[111.110569580012879,-8.216390552055884],[111.110574866465726,-8.21639267439836],[111.110580169002944,-8.216394803198195],[111.110585487274875,-8.216396938315015],[111.110590820931819,-8.216399079608443],[111.110596169624174,-8.216401226938096],[111.110601533002239,-8.2164033801636],[111.110606910716399,-8.216405539144578],[111.110612302416925,-8.216407703740652],[111.110617707754216,-8.216409873811443],[111.110623126378584,-8.216412049216576],[111.110628557940359,-8.216414229815671],[111.11063400208991,-8.216416415468354],[111.11063945847755,-8.216418606034244],[111.11064492675365,-8.216420801372969],[111.110650406568539,-8.216423001344147],[111.11065589757257,-8.216425205807401],[111.110661399415989,-8.216427414622352],[111.110666911749263,-8.21642962764863],[111.110672434222693,-8.216431844745848],[111.110677966486591,-8.216434065773635],[111.110683508191315,-8.216436290591611],[111.110689058987219,-8.216438519059402],[111.110694618524604,-8.216440751036627],[111.11070018645384,-8.216442986382908],[111.110705762425255,-8.216445224957869],[111.11071134608919,-8.216447466621133],[111.110716937095987,-8.216449711232324],[111.110722535096002,-8.216451958651062],[111.110728139739535,-8.216454208736971],[111.110733750676971,-8.216456461349676],[111.110739367558608,-8.216458716348791],[111.110744990034817,-8.216460973593946],[111.110750617755912,-8.216463232944761],[111.110756250372248,-8.216465494260863],[111.110761887534196,-8.216467757401867],[111.11076752889204,-8.216470022227401],[111.110773174096153,-8.216472288597089],[111.110778822796874,-8.216474556370549],[111.110784474644504,-8.216476825407405],[111.110790129289455,-8.216479095567282],[111.110795786381999,-8.2164813667098],[111.11080144557252,-8.216483638694582],[111.110807106511345,-8.21648591138125],[111.110812768848803,-8.21648818462943],[111.110818432235249,-8.216490458298743],[111.110824096321011,-8.21649273224881],[111.110829760756445,-8.216495006339251],[111.110835425191851,-8.216497280429696],[111.110841089277613,-8.216499554379762],[111.11084675266406,-8.216501828049072],[111.110852415001517,-8.21650410129725],[111.110858075940328,-8.21650637398392],[111.110863735130863,-8.216508645968704],[111.110869392223407,-8.216510917111222],[111.110875046868358,-8.216513187271097],[111.110880698716002,-8.216515456307954],[111.110886347416709,-8.216517724081415],[111.110891992620836,-8.216519990451101],[111.110897633978681,-8.216522255276637],[111.110903271140614,-8.216524518417643],[111.110908903756965,-8.216526779733742],[111.110914531478073,-8.216529039084559],[111.110920153954282,-8.216531296329714],[111.110925770835919,-8.216533551328832],[111.110931381773355,-8.216535803941534],[111.110936986416888,-8.21653805402744],[111.11094258441689,-8.21654030144618],[111.110948175423687,-8.216542546057369],[111.110953759087636,-8.216544787720634],[111.11095933505905,-8.216547026295595],[111.110964902988272,-8.216549261641878],[111.110970462525657,-8.216551493619102],[111.110976013321547,-8.216553722086891],[111.110981555026257,-8.216555946904867],[111.110987087290155,-8.216558167932654],[111.110992609763585,-8.216560385029874],[111.110998122096845,-8.21656259805615],[111.11100362394032,-8.216564806871103],[111.111009114944324,-8.216567011334357],[111.111014594759212,-8.216569211305536],[111.111020063035312,-8.216571406644258],[111.111025519422981,-8.216573597210148],[111.111030963572546,-8.216575782862833],[111.111036395134334,-8.21657796346193],[111.111041813758689,-8.216580138867062],[111.11104721909598,-8.216582308937856],[111.111052610796492,-8.216584473533928],[111.111057988510638,-8.216586632514904],[111.111063351888717,-8.216588785740409],[111.111068700581058,-8.216590933070062],[111.111074034238015,-8.216593074363487],[111.111079352509933,-8.216595209480307],[111.111084655047136,-8.216597338280145],[111.111089941499998,-8.216599460622621],[111.111095211518801,-8.21660157636736],[111.111100464753946,-8.216603685373984],[111.111105700855745,-8.216605787502115],[111.111110919474527,-8.216607882611376],[111.111116120260633,-8.216609970561391],[111.111121302864433,-8.216612051211781],[111.111126466936255,-8.216614124422168],[111.111131612126428,-8.216616190052175],[111.111136738085278,-8.216618247961426],[111.111141844463162,-8.216620298009543],[111.111146930910422,-8.21662234005615],[111.111151997077428,-8.216624373960867],[111.111157042614451,-8.216626399583316],[111.111162067171875,-8.21662841678312],[111.111167070400043,-8.216630425419904],[111.111172051949268,-8.216632425353293],[111.111177011469934,-8.216634416442902],[111.111181948612327,-8.216636398548358],[111.11118686302683,-8.216638371529283],[111.111191754363745,-8.216640335245302],[111.11119662227344,-8.216642289556033],[111.111201466406257,-8.216644234321102],[111.111206286412525,-8.21664616940013],[111.111211081942585,-8.21664809465274],[111.111215852646765,-8.216650009938556],[111.11122059817545,-8.216651915117199],[111.111225318178924,-8.216653810048292],[111.111230012307558,-8.216655694591458],[111.111234680211666,-8.216657568606315],[111.111239321541618,-8.216659431952497],[111.111243935947755,-8.216661284489614],[111.111248523080391,-8.216663126077297],[111.111253082589883,-8.216664956575162],[111.111257614126558,-8.216666775842839],[111.111262117340772,-8.216668583739946],[111.111266591882838,-8.216670380126104],[111.111271037403142,-8.216672164860938],[111.111275453551997,-8.216673937804075],[111.11127983997973,-8.216675698815131],[111.111284196336683,-8.21667744775373],[111.111288522273242,-8.216679184479494],[111.11129281743969,-8.216680908852048],[111.111297081486384,-8.216682620731016],[111.111301314063681,-8.216684319976014],[111.111305514821908,-8.216686006446674],[111.111309683411392,-8.216687680002611],[111.111313819482504,-8.216689340503448],[111.111317922685558,-8.216690987808814],[111.111321992670895,-8.216692621778323],[111.111326029088858,-8.216694242271604],[111.111330031589802,-8.216695849148275],[111.111333999824055,-8.216697442267964],[111.111337933441945,-8.216699021490291],[111.111341832093856,-8.216700586674875],[111.111345695430074,-8.216702137681345],[111.111349523100955,-8.21670367436932],[111.111353314756855,-8.216705196598422],[111.111357070048101,-8.216706704228274],[111.111360788625035,-8.216708197118502],[111.111364470138,-8.216709675128723],[111.111368114237337,-8.216711138118564],[111.111371720573388,-8.216712585947645],[111.111375288796467,-8.21671401847559],[111.111378818556943,-8.216715435562023],[111.11138230950516,-8.216716837066562],[111.11138576129143,-8.216718222848835],[111.111389173566138,-8.21671959276846],[111.111392545979541,-8.216720946685061],[111.11139587818208,-8.216722284458264],[111.111399169824026,-8.21672360594769],[111.111402420555748,-8.216724911012957],[111.111405630027562,-8.216726199513692],[111.111408797889837,-8.216727471309518],[111.1114119237929,-8.216728726260056],[111.11141500738708,-8.216729964224928],[111.111418048322733,-8.216731185063757],[111.111421046250214,-8.216732388636167],[111.11142400081981,-8.216733574801781],[111.111426911681889,-8.216734743420217],[111.111429778486823,-8.216735894351103],[111.11143260088491,-8.216737027454061],[111.111435378526508,-8.21673814258871],[111.111438111061958,-8.216739239614675],[111.111440798141587,-8.216740318391579],[111.111443439415723,-8.216741378779044],[111.111446034534751,-8.216742420636692],[111.111448583148984,-8.216743443824146],[111.111451084908751,-8.216744448201029],[111.111453539464407,-8.216745433626963],[111.111455946466307,-8.216746399961572],[111.111458305564753,-8.216747347064477],[111.111460616410085,-8.2167482747953],[111.111462878652702,-8.216749183013667],[111.11146509194289,-8.216750071579193],[111.111467255931004,-8.216750940351512],[111.111469370267386,-8.216751789190239],[111.111471434602365,-8.216752617954997],[111.111473448586295,-8.216753426505409],[111.111475411869506,-8.216754214701101],[111.111477324102324,-8.216754982401692],[111.111479184935121,-8.216755729466804],[111.111480994018237,-8.216756455756062],[111.111482751001986,-8.21675716112909],[111.111484455536726,-8.216757845445507],[111.111486107272782,-8.216758508564936],[111.111487705860497,-8.216759150347],[111.111489250950228,-8.216759770651326],[111.111490742192288,-8.216760369337528],[111.111492179237061,-8.216760946265236],[111.111493561734832,-8.216761501294069],[111.111494889335958,-8.216762034283652],[111.111496161690823,-8.216762545093605],[111.111497378449698,-8.216763033583552],[111.111498539262968,-8.216763499613116],[111.111499643780974,-8.216763943041919],[111.111500691654015,-8.216764363729583],[111.111501682532477,-8.21676476153573],[111.111502616066687,-8.216765136319985],[111.111503491906987,-8.21676548794197],[111.111504309703676,-8.216765816261308],[111.111505069107139,-8.216766121137619],[111.111505769767732,-8.216766402430526],[111.111506411335739,-8.216766659999655],[111.111506993461546,-8.216766893704625],[111.111507515795466,-8.216767103405061],[111.111507977987841,-8.216767288960583],[111.111508379689027,-8.216767450230819],[111.111508720549338,-8.216767587075385],[111.111509000219158,-8.216767699353904],[111.111509218348786,-8.216767786926006],[111.111509374588579,-8.216767849651307],[111.111509468588864,-8.21676788738943],[111.1115095,-8.2167679]]]}},
{"type":"Feature","properties":{"id":null},"geometry":{"type":"MultiLineString","coordinates":[[[111.114358751995567,-8.214857675917381],[111.114358781553122,-8.214857677684419],[111.114358870006441,-8.214857682972413],[111.114359017026473,-8.214857691761697],[111.114359222284193,-8.2148577040326],[111.114359485450635,-8.214857719765451],[111.11435980619666,-8.214857738940578],[111.114360184193302,-8.214857761538317],[111.114360619111608,-8.214857787538989],[111.114361110622454,-8.214857816922935],[111.114361658396845,-8.214857849670476],[111.114362262105729,-8.214857885761944],[111.11436292142011,-8.21485792517767],[111.114363636010964,-8.214857967897983],[111.114364405549281,-8.214858013903214],[111.114365229705953,-8.21485806317369],[111.114366108152026,-8.214858115689744],[111.11436704055842,-8.214858171431702],[111.114368026596196,-8.2148582303799],[111.114369065936259,-8.214858292514663],[111.114370158249571,-8.21485835781632],[111.114371303207179,-8.214858426265206],[111.114372500479988,-8.214858497841647],[111.114373749739016,-8.214858572525971],[111.11437505065517,-8.214858650298513],[111.114376402899509,-8.2148587311396],[111.114377806142926,-8.214858815029562],[111.114379260056481,-8.214858901948729],[111.114380764311065,-8.214858991877428],[111.114382318577654,-8.214859084795993],[111.11438392252731,-8.214859180684753],[111.114385575830937,-8.214859279524038],[111.114387278159484,-8.214859381294177],[111.114389029184011,-8.214859485975499],[111.114390828575424,-8.214859593548336],[111.114392676004712,-8.214859703993016],[111.114394571142839,-8.21485981728987],[111.114396513660822,-8.214859933419225],[111.114398503229594,-8.214860052361416],[111.114400539520105,-8.214860174096765],[111.114402622203372,-8.214860298605611],[111.114404750950371,-8.214860425868281],[111.114406925432064,-8.214860555865101],[111.114409145319428,-8.214860688576403],[111.114411410283424,-8.214860823982519],[111.114413719995014,-8.214860962063778],[111.114416074125231,-8.214861102800505],[111.114418472344965,-8.214861246173037],[111.114420914325265,-8.214861392161698],[111.114423399737035,-8.214861540746822],[111.114425928251322,-8.214861691908737],[111.114428499539045,-8.214861845627773],[111.114431113271181,-8.214862001884258],[111.114433769118705,-8.214862160658525],[111.114436466752608,-8.214862321930903],[111.11443920584388,-8.214862485681723],[111.114441986063468,-8.214862651891309],[111.11444480708235,-8.214862820539997],[111.114447668571501,-8.214862991608117],[111.114450570201896,-8.214863165075997],[111.114453511644484,-8.214863340923962],[111.114456492570241,-8.214863519132349],[111.114459512650171,-8.214863699681482],[111.114462571555251,-8.2148638825517],[111.114465668956456,-8.214864067723324],[111.114468804524734,-8.214864255176687],[111.114471977931032,-8.214864444892118],[111.114475188846399,-8.214864636849949],[111.114478436941752,-8.214864831030509],[111.114481721888069,-8.214865027414124],[111.114485043356353,-8.214865225981129],[111.114488401017553,-8.214865426711851],[111.114491794542658,-8.214865629586622],[111.114495223602603,-8.214865834585769],[111.114498687868391,-8.214866041689623],[111.114502187010984,-8.214866250878513],[111.114505720701388,-8.214866462132772],[111.114509288610563,-8.214866675432729],[111.114512890409472,-8.21486689075871],[111.114516525769062,-8.214867108091049],[111.114520194360352,-8.214867327410074],[111.114523895854319,-8.214867548696116],[111.114527629921909,-8.214867771929505],[111.114531396234042,-8.214867997090565],[111.114535194461808,-8.214868224159634],[111.114539024276098,-8.214868453117038],[111.114542885347959,-8.214868683943108],[111.114546777348266,-8.214868916618173],[111.114550699948069,-8.214869151122564],[111.114554652818327,-8.214869387436607],[111.114558635629976,-8.214869625540638],[111.114562648054033,-8.214869865414983],[111.114566689761418,-8.214870107039971],[111.114570760423206,-8.214870350395934],[111.114574859710245,-8.2148705954632],[111.114578987293598,-8.214870842222103],[111.114583142844182,-8.214871090652965],[111.114587326033018,-8.214871340736124],[111.114591536531037,-8.214871592451905],[111.11459577400926,-8.214871845780639],[111.114600038138619,-8.214872100702657],[111.11460432859009,-8.214872357198288],[111.114608645034693,-8.214872615247861],[111.114612987143346,-8.214872874831705],[111.11461735458704,-8.214873135930155],[111.114621747036736,-8.214873398523535],[111.114626164163454,-8.214873662592177],[111.114630605638155,-8.214873928116411],[111.114635071131772,-8.21487419507657],[111.114639560315283,-8.214874463452979],[111.114644072859718,-8.214874733225971],[111.114648608435985,-8.21487500437587],[111.114653166715101,-8.214875276883014],[111.114657747368,-8.214875550727726],[111.114662350065714,-8.214875825890342],[111.11466697447915,-8.214876102351186],[111.114671620279324,-8.21487638009059],[111.1146762871372,-8.214876659088887],[111.11468097472374,-8.214876939326405],[111.114685682709933,-8.214877220783471],[111.114690410766741,-8.214877503440416],[111.114695158565141,-8.214877787277569],[111.114699925776108,-8.214878072275264],[111.114704712070619,-8.214878358413831],[111.11470951711965,-8.214878645673593],[111.114714340594134,-8.214878934034886],[111.114719182165132,-8.214879223478038],[111.114724041503521,-8.214879513983377],[111.114728918280321,-8.214879805531236],[111.114733812166534,-8.214880098101943],[111.114738722833067,-8.214880391675829],[111.114743649950952,-8.214880686233222],[111.114748593191138,-8.214880981754455],[111.114753552224613,-8.214881278219856],[111.114758526722312,-8.214881575609752],[111.114763516355225,-8.214881873904476],[111.114768520794343,-8.214882173084357],[111.114773539710654,-8.214882473129727],[111.114778572775094,-8.214882774020912],[111.114783619658638,-8.214883075738246],[111.114788680032277,-8.214883378262055],[111.114793753566971,-8.214883681572672],[111.114798839933684,-8.214883985650424],[111.114803938803448,-8.214884290475641],[111.114809049847167,-8.214884596028654],[111.114814172735834,-8.214884902289793],[111.114819307140436,-8.214885209239389],[111.114824452731966,-8.21488551685777],[111.114829609181356,-8.214885825125267],[111.114834776159597,-8.214886134022208],[111.114839953337651,-8.214886443528922],[111.114845140386507,-8.214886753625745],[111.114850336977128,-8.214887064293002],[111.114855542780518,-8.214887375511022],[111.114860757467596,-8.214887687260138],[111.114865980709396,-8.214887999520677],[111.114871212176837,-8.214888312272972],[111.114876451540937,-8.214888625497348],[111.114881698472615,-8.214888939174138],[111.114886952642905,-8.214889253283673],[111.114892213722726,-8.214889567806281],[111.11489748138311,-8.214889882722293],[111.114902755294992,-8.214890198012037],[111.114908035129332,-8.214890513655845],[111.114913320557136,-8.214890829634047],[111.114918611249351,-8.214891145926966],[111.114923906876982,-8.214891462514942],[111.114929207110961,-8.214891779378299],[111.114934511622295,-8.214892096497367],[111.114939820081958,-8.21489241385248],[111.114945132160926,-8.214892731423962],[111.114950447530134,-8.214893049192145],[111.114955765860572,-8.214893367137361],[111.114961086823229,-8.214893685239938],[111.114966410089096,-8.214894003480207],[111.114971735329107,-8.214894321838495],[111.114977062214251,-8.214894640295135],[111.11498239041552,-8.214894958830456],[111.114987719603874,-8.214895277424791],[111.114993049450248,-8.214895596058462],[111.114998379625661,-8.214895914711803],[111.115003709801073,-8.214896233365145],[111.115009039647475,-8.214896551998816],[111.115014368835801,-8.214896870593147],[111.115019697037056,-8.214897189128468],[111.1150250239222,-8.214897507585109],[111.115030349162225,-8.2148978259434],[111.115035672428064,-8.214898144183666],[111.11504099339075,-8.214898462286243],[111.115046311721187,-8.214898780231458],[111.115051627090423,-8.214899097999645],[111.115056939169364,-8.214899415571127],[111.115062247629027,-8.214899732926238],[111.115067552140374,-8.214900050045308],[111.115072852374368,-8.214900366908665],[111.115078148001999,-8.214900683496639],[111.115083438694214,-8.214900999789563],[111.115088724122018,-8.214901315767762],[111.115094003956372,-8.214901631411569],[111.115099277868239,-8.214901946701312],[111.115104545528595,-8.214902261617324],[111.115109806608444,-8.214902576139931],[111.11511506077872,-8.214902890249466],[111.115120307710413,-8.214903203926259],[111.115125547074513,-8.214903517150635],[111.115130778541953,-8.214903829902926],[111.115136001783725,-8.214904142163467],[111.115141216470818,-8.214904453912583],[111.115146422274194,-8.214904765130603],[111.115151618864815,-8.214905075797859],[111.115156805913685,-8.21490538589468],[111.115161983091738,-8.214905695401397],[111.115167150069979,-8.214906004298337],[111.115172306519355,-8.214906312565834],[111.115177452110871,-8.214906620184216],[111.115182586515502,-8.214906927133811],[111.115187709404196,-8.214907233394953],[111.115192820447902,-8.214907538947966],[111.115197919317637,-8.214907843773183],[111.115203005684364,-8.214908147850934],[111.115208079219059,-8.214908451161552],[111.115213139592726,-8.214908753685361],[111.115218186476255,-8.214909055402693],[111.115223219540695,-8.214909356293878],[111.115228238456965,-8.214909656339247],[111.115233242896096,-8.214909955519129],[111.115238232529023,-8.214910253813853],[111.115243207026737,-8.214910551203751],[111.115248166060184,-8.214910847669149],[111.115253109300355,-8.214911143190383],[111.115258036418226,-8.214911437747775],[111.115262947084787,-8.21491173132166],[111.115267840971001,-8.214912023892369],[111.115272717747814,-8.214912315440227],[111.115277577086218,-8.214912605945567],[111.115282418657173,-8.21491289538872],[111.1152872421317,-8.214913183750014],[111.115292047180731,-8.214913471009776],[111.115296833475242,-8.21491375714834],[111.115301600686195,-8.214914042146036],[111.115306348484609,-8.214914325983191],[111.115311076541417,-8.214914608640136],[111.11531578452761,-8.214914890097202],[111.115320472114149,-8.214915170334717],[111.115325138972025,-8.214915449333015],[111.115329784772186,-8.214915727072421],[111.115334409185621,-8.214916003533265],[111.115339011883322,-8.214916278695879],[111.115343592536249,-8.214916552540592],[111.11534815081535,-8.214916825047734],[111.115352686391631,-8.214917096197636],[111.115357198936039,-8.214917365970626],[111.115361688119577,-8.214917634347033],[111.115366153613181,-8.21491790130719],[111.115370595087853,-8.214918166831426],[111.115375012214571,-8.214918430900068],[111.115379404664282,-8.21491869349345],[111.115383772108004,-8.214918954591898],[111.115388114216657,-8.214919214175744],[111.115392430661245,-8.214919472225317],[111.115396721112717,-8.214919728720949],[111.11540098524209,-8.214919983642968],[111.115405222720312,-8.2149202369717],[111.115409433218332,-8.214920488687483],[111.115413616407167,-8.21492073877064],[111.115417771957766,-8.214920987201506],[111.115421899541104,-8.214921233960405],[111.115425998828144,-8.214921479027673],[111.115430069489904,-8.214921722383634],[111.115434111197317,-8.214921964008623],[111.115438123621345,-8.214922203882967],[111.115442106433008,-8.214922441986996],[111.115446059303252,-8.214922678301042],[111.115449981903055,-8.214922912805431],[111.115453873903377,-8.214923145480498],[111.115457734975209,-8.214923376306565],[111.115461564789513,-8.214923605263971],[111.115465363017265,-8.214923832333039],[111.115469129329441,-8.214924057494102],[111.115472863397031,-8.214924280727491],[111.115476564890969,-8.214924502013531],[111.115480233482245,-8.214924721332556],[111.115483868841864,-8.214924938664893],[111.115487470640758,-8.214925153990876],[111.115491038549948,-8.214925367290832],[111.115494572240337,-8.21492557854509],[111.115498071382959,-8.214925787733984],[111.115501535648747,-8.214925994837838],[111.115504964708705,-8.214926199836984],[111.115508358233811,-8.214926402711754],[111.115511715894996,-8.214926603442477],[111.115515037363252,-8.214926802009481],[111.115518322309569,-8.214926998393096],[111.115521570404923,-8.214927192573656],[111.115524781320275,-8.214927384531485],[111.115527954726602,-8.214927574246916],[111.115531090294866,-8.214927761700281],[111.115534187696056,-8.214927946871905],[111.115537246601122,-8.21492812974212],[111.11554026668108,-8.214928310291256],[111.115543247606865,-8.214928488499643],[111.115546189049468,-8.214928664347612],[111.115549090679849,-8.214928837815489],[111.115551952168971,-8.214929008883606],[111.115554773187867,-8.214929177532294],[111.115557553407456,-8.214929343741883],[111.115560292498714,-8.214929507492702],[111.115562990132617,-8.21492966876508],[111.115565645980169,-8.214929827539347],[111.115568259712305,-8.214929983795834],[111.115570831000028,-8.21493013751487],[111.115573359514315,-8.214930288676785],[111.115575844926099,-8.214930437261906],[111.11557828690637,-8.214930583250569],[111.115580685126119,-8.2149307266231],[111.115583039256322,-8.214930867359829],[111.115585348967912,-8.214931005441086],[111.115587613931893,-8.214931140847201],[111.115589833819257,-8.214931273558504],[111.115592008300936,-8.214931403555324],[111.11559413704795,-8.214931530817992],[111.115596219731231,-8.214931655326838],[111.115598256021755,-8.214931777062189],[111.115600245590514,-8.21493189600438],[111.115602188108468,-8.214932012133737],[111.115604083246623,-8.214932125430591],[111.115605930675926,-8.214932235875269],[111.115607730067325,-8.214932343448107],[111.115609481091838,-8.214932448129428],[111.115611183420398,-8.214932549899567],[111.115612836724026,-8.214932648738852],[111.115614440673667,-8.21493274462761],[111.115615994940299,-8.214932837546177],[111.115617499194883,-8.214932927474878],[111.115618953108395,-8.214933014394044],[111.11562035635184,-8.214933098284007],[111.115621708596137,-8.214933179125094],[111.115623009512348,-8.214933256897632],[111.115624258771334,-8.21493333158196],[111.115625456044143,-8.214933403158399],[111.115626601001722,-8.214933471607283],[111.115627693315076,-8.214933536908942],[111.115628732655139,-8.214933599043704],[111.115629718692901,-8.214933657991901],[111.115630651099323,-8.214933713733862],[111.115631529545396,-8.214933766249915],[111.115632353702082,-8.214933815520391],[111.115633123240386,-8.214933861525623],[111.115633837831211,-8.214933904245934],[111.115634497145606,-8.214933943661661],[111.115635100854504,-8.214933979753129],[111.115635648628867,-8.21493401250067],[111.115636140139742,-8.214934041884614],[111.115636575057991,-8.214934067885286],[111.115636953054661,-8.214934090483027],[111.115637273800729,-8.214934109658156],[111.115637536967142,-8.214934125391006],[111.115637742224862,-8.21493413766191],[111.115637889244908,-8.214934146451192],[111.115637977698213,-8.21493415173919],[111.115638007255768,-8.214934153506224]]]}},
{"type":"Feature","properties":{"id":null},"geometry":{"type":"MultiLineString","coordinates":[[[111.116079879644857,-8.214930431181655],[111.116079899786129,-8.214930456595143],[111.116079960059764,-8.214930532647005],[111.116080060240378,-8.21493065905435],[111.116080200102772,-8.214930835534275],[111.11608037942149,-8.214931061803894],[111.11608059797129,-8.2149313375803],[111.116080855526931,-8.214931662580602],[111.116081151862986,-8.21493203652191],[111.116081486754226,-8.214932459121318],[111.116081859975267,-8.214932930095936],[111.11608227130084,-8.214933449162867],[111.116082720505617,-8.214934016039214],[111.116083207364284,-8.214934630442082],[111.116083731651543,-8.214935292088576],[111.116084293142038,-8.214936000695797],[111.116084891610512,-8.214936755980851],[111.116085526831597,-8.214937557660839],[111.116086198580021,-8.214938405452871],[111.116086906630471,-8.21493929907405],[111.116087650757621,-8.214940238241477],[111.116088430736156,-8.214941222672255],[111.116089246340763,-8.214942252083492],[111.116090097346131,-8.214943326192289],[111.116090983526959,-8.214944444715751],[111.116091904657907,-8.214945607370984],[111.116092860513646,-8.214946813875088],[111.116093850868964,-8.214948063945169],[111.116094875498419,-8.214949357298334],[111.116095934176741,-8.21495069365168],[111.116097026678631,-8.214952072722319],[111.116098152778832,-8.214953494227352],[111.116099312251919,-8.214954957883879],[111.116100504872648,-8.21495646340901],[111.116101730415721,-8.214958010519847],[111.116102988655754,-8.214959598933493],[111.116104279367491,-8.214961228367052],[111.116105602325604,-8.21496289853763],[111.116106957304766,-8.21496460916233],[111.116108344079677,-8.214966359958252],[111.116109762425012,-8.214968150642507],[111.116111212115513,-8.214969980932196],[111.116112692925782,-8.214971850544423],[111.116114204630534,-8.214973759196292],[111.116115747004514,-8.214975706604907],[111.116117319822322,-8.21497769248737],[111.116118922858703,-8.214979716560789],[111.116120555888315,-8.214981778542265],[111.116122218685859,-8.214983878148905],[111.116123911026037,-8.214986015097811],[111.116125632683506,-8.214988189106087],[111.116127383432939,-8.214990399890835],[111.116129163049081,-8.214992647169165],[111.116130971306518,-8.214994930658174],[111.116132807980051,-8.214997250074971],[111.116134672844311,-8.21499960513666],[111.116136565674012,-8.215001995560343],[111.116138486243784,-8.215004421063123],[111.116140434328386,-8.215006881362108],[111.116142409702476,-8.215009376174397],[111.116144412140699,-8.215011905217098],[111.116146441417783,-8.215014468207313],[111.116148497308387,-8.215017064862147],[111.116150579587242,-8.215019694898704],[111.116152688029061,-8.215022358034089],[111.116154822408419,-8.215025053985404],[111.116156982500115,-8.215027782469754],[111.116159168078752,-8.215030543204245],[111.116161378919045,-8.215033335905975],[111.11616361479571,-8.215036160292055],[111.116165875483375,-8.215039016079587],[111.116168160756786,-8.215041902985671],[111.116170470390628,-8.215044820727417],[111.116172804159518,-8.215047769021925],[111.116175161838228,-8.215050747586302],[111.11617754320136,-8.215053756137646],[111.116179948023685,-8.215056794393069],[111.11618237607982,-8.215059862069669],[111.116184827144522,-8.215062958884557],[111.116187300992451,-8.215066084554829],[111.116189797398235,-8.215069238797595],[111.116192316136647,-8.215072421329955],[111.116194856982318,-8.215075631869015],[111.116197419709934,-8.215078870131878],[111.11620000409421,-8.215082135835649],[111.11620260990982,-8.215085428697432],[111.116205236931478,-8.215088748434329],[111.116207884933814,-8.215092094763449],[111.116210553691559,-8.215095467401891],[111.116213242979399,-8.215098866066764],[111.116215952571991,-8.215102290475166],[111.116218682244039,-8.215105740344207],[111.116221431770242,-8.215109215390987],[111.116224200925259,-8.21511271533261],[111.116226989483806,-8.215116239886182],[111.116229797220541,-8.215119788768805],[111.116232623910179,-8.215123361697584],[111.116235469327393,-8.215126958389625],[111.116238333246841,-8.215130578562031],[111.116241215443253,-8.215134221931901],[111.116244115691302,-8.215137888216347],[111.116247033765674,-8.215141577132469],[111.116249969441057,-8.215145288397371],[111.116252922492137,-8.215149021728157],[111.11625589269363,-8.215152776841936],[111.116258879820137,-8.215156553455802],[111.116261883646445,-8.215160351286867],[111.11626490394714,-8.215164170052233],[111.116267940497025,-8.215168009469005],[111.1162709930707,-8.215171869254284],[111.116274061442908,-8.215175749125178],[111.116277145388281,-8.215179648798788],[111.116280244681519,-8.215183567992218],[111.116283359097338,-8.215187506422575],[111.116286488410424,-8.215191463806958],[111.116289632395407,-8.215195439862477],[111.11629279082706,-8.215199434306232],[111.116295963479985,-8.21520344685533],[111.116299150128924,-8.215207477226869],[111.116302350548551,-8.215211525137962],[111.11630556451351,-8.215215590305705],[111.116308791798559,-8.215219672447205],[111.116312032178328,-8.215223771279568],[111.116315285427547,-8.215227886519896],[111.116318551320887,-8.215232017885294],[111.116321829633009,-8.215236165092866],[111.11632512013864,-8.215240327859716],[111.11632842261244,-8.215244505902945],[111.11633173682911,-8.215248698939661],[111.116335062563309,-8.215252906686967],[111.116338399589765,-8.215257128861968],[111.116341747683165,-8.215261365181767],[111.116345106618155,-8.215265615363466],[111.116348476169435,-8.215269879124172],[111.11635185611172,-8.215274156180987],[111.116355246219655,-8.215278446251016],[111.116358646267969,-8.215282749051365],[111.116362056031306,-8.215287064299133],[111.116365475284425,-8.21529139171143],[111.116368903801899,-8.215295731005355],[111.116372341358471,-8.215300081898018],[111.116375787728884,-8.215304444106515],[111.116379242687742,-8.215308817347955],[111.116382706009787,-8.215313201339443],[111.116386177469636,-8.21531759579808],[111.116389656842045,-8.21532200044097],[111.116393143901718,-8.215326414985221],[111.11639663842324,-8.215330839147933],[111.116400140181412,-8.215335272646213],[111.116403648950836,-8.215339715197162],[111.116407164506256,-8.215344166517886],[111.116410686622316,-8.21534862632549],[111.116414215073718,-8.215353094337075],[111.116417749635161,-8.215357570269749],[111.11642129008132,-8.215362053840611],[111.116424836186908,-8.215366544766772],[111.116428387726558,-8.215371042765328],[111.116431944474996,-8.215375547553389],[111.116435506206898,-8.215380058848055],[111.116439072696949,-8.215384576366436],[111.116442643719836,-8.215389099825629],[111.116446219050275,-8.215393628942742],[111.116449798462895,-8.215398163434878],[111.116453381732427,-8.215402703019143],[111.116456968633543,-8.215407247412637],[111.116460558940929,-8.215411796332464],[111.116464152429259,-8.215416349495733],[111.116467748873248,-8.215420906619544],[111.116471348047526,-8.215425467421005],[111.116474949726893,-8.215430031617217],[111.116478553685937,-8.215434598925283],[111.116482159699359,-8.215439169062309],[111.11648576754186,-8.215443741745398],[111.116489376988142,-8.215448316691656],[111.116492987812862,-8.215452893618185],[111.116496599790736,-8.21545747224209],[111.116500212696437,-8.215462052280476],[111.116503826304637,-8.215466633450443],[111.11650744039008,-8.215471215469101],[111.116511054727354,-8.215475798053548],[111.116514669091231,-8.215480380920894],[111.11651828325634,-8.215484963788237],[111.116521896997426,-8.215489546372686],[111.116525510089119,-8.215494128391342],[111.116529122306133,-8.215498709561309],[111.11653273342317,-8.215503289599695],[111.116536343214904,-8.2155078682236],[111.116539951455991,-8.215512445150132],[111.116543557921148,-8.215517020096387],[111.116547162385075,-8.215521592779476],[111.116550764622446,-8.215526162916504],[111.116554364407918,-8.21553073022457],[111.116557961516207,-8.215535294420782],[111.116561555722029,-8.215539855222243],[111.116565146800014,-8.215544412346054],[111.116568734524861,-8.215548965509322],[111.116572318671274,-8.215553514429153],[111.116575899013924,-8.215558058822648],[111.116579475327541,-8.215562598406908],[111.11658304738674,-8.215567132899045],[111.116586614966252,-8.215571662016158],[111.116590177840777,-8.215576185475353],[111.116593735784988,-8.215580702993728],[111.11659728857353,-8.215585214288398],[111.116600835981131,-8.215589719076457],[111.116604377782494,-8.215594217075015],[111.11660791375229,-8.215598708001174],[111.116611443665178,-8.215603191572036],[111.116614967295874,-8.21560766750471],[111.116618484419064,-8.215612135516295],[111.116621994809407,-8.215616595323901],[111.116625498241632,-8.215621046644625],[111.116628994490384,-8.215625489195574],[111.116632483330392,-8.215629922693854],[111.1166359645363,-8.215634346856566],[111.11663943788281,-8.215638761400816],[111.116642903144623,-8.215643166043709],[111.116646360096439,-8.215647560502346],[111.116649808512918,-8.215651944493834],[111.116653248168717,-8.215656317735272],[111.116656678838581,-8.215660679943772],[111.116660100297167,-8.21566503083643],[111.116663512319178,-8.215669370130357],[111.116666914679271,-8.215673697542652],[111.116670307152134,-8.215678012790423],[111.11667368951251,-8.215682315590771],[111.116677061535043,-8.2156866056608],[111.116680422994392,-8.215690882717615],[111.116683773665329,-8.215695146478321],[111.116687113322428,-8.215699396660019],[111.116690441740474,-8.215703632979817],[111.116693758694097,-8.215707855154818],[111.116697063958014,-8.215712062902124],[111.116700357306897,-8.21571625593884],[111.116703638515418,-8.215720433982071],[111.116706907358278,-8.21572459674892],[111.116710163610179,-8.21572874395649],[111.116713407045808,-8.215732875321889],[111.116716637439822,-8.215736990562219],[111.116719854566924,-8.21574108939458],[111.116723058201785,-8.215745171536083],[111.116726248119136,-8.215749236703825],[111.11672942409362,-8.215753284614916],[111.116732585899953,-8.215757314986458],[111.116735733312794,-8.215761327535557],[111.116738866106843,-8.21576532197931],[111.116741984056787,-8.215769298034829],[111.116745086937328,-8.215773255419212],[111.11674817452311,-8.215777193849569],[111.116751246588862,-8.215781113043001],[111.116754302909243,-8.215785012716609],[111.116757343258996,-8.215788892587501],[111.116760367412724,-8.215792752372781],[111.116763375145155,-8.215796591789552],[111.116766366230976,-8.215800410554918],[111.116769340444876,-8.215804208385983],[111.116772297561567,-8.215807984999852],[111.116775237355654,-8.215811740113626],[111.116778159601893,-8.215815473444415],[111.116781064074971,-8.215819184709318],[111.116783950549575,-8.215822873625438],[111.116786818800335,-8.215826539909884],[111.116789668601982,-8.21583018327976],[111.1167924997292,-8.215833803452163],[111.116795311956693,-8.215837400144203],[111.116798105059118,-8.215840973072984],[111.116800878811162,-8.215844521955606],[111.116803632987512,-8.215848046509178],[111.116806367362898,-8.215851546450802],[111.116809081711963,-8.215855021497582],[111.116811775809396,-8.215858471366621],[111.116814449429882,-8.215861895775022],[111.116817102348122,-8.215865294439894],[111.116819734338819,-8.215868667078336],[111.116822345176615,-8.215872013407456],[111.116824934636227,-8.215875333144353],[111.116827502492328,-8.215878626006138],[111.116830048519631,-8.215881891709909],[111.116832572492797,-8.215885129972772],[111.116835074186525,-8.215888340511832],[111.116837553375461,-8.215891523044192],[111.116840009834362,-8.215894677286956],[111.116842443337873,-8.21589780295723],[111.11684485366068,-8.215900899772116],[111.116847240577471,-8.215903967448718],[111.116849603862931,-8.215907005704139],[111.116851943291778,-8.215910014255487],[111.116854258638682,-8.215912992819863],[111.116856549678289,-8.215915941114371],[111.116858816185342,-8.215918858856115],[111.1168610579345,-8.215921745762202],[111.116863274700449,-8.215924601549732],[111.116865466257877,-8.215927425935812],[111.116867632381485,-8.215930218637544],[111.116869772845959,-8.215932979372033],[111.116871887425958,-8.215935707856383],[111.116873975896198,-8.215938403807698],[111.116876038031336,-8.215941066943083],[111.116878073606102,-8.21594369697964],[111.116880082395141,-8.215946293634472],[111.116882064173168,-8.21594885662469],[111.116884018714828,-8.21595138566739],[111.116885945794905,-8.215953880479681],[111.116887845187961,-8.215956340778664],[111.116889716668751,-8.215958766281444],[111.116891560011979,-8.215961156705127],[111.116893374992273,-8.215963511766814],[111.116895161384377,-8.215965831183611],[111.116896918962922,-8.215968114672622],[111.116898647502651,-8.215970361950951],[111.116900346778209,-8.215972572735701],[111.116902016564296,-8.215974746743978],[111.116903656635614,-8.21597688369288],[111.116905266766807,-8.21597898329952],[111.116906846732633,-8.215981045280998],[111.116908396307693,-8.215983069354415],[111.116909915266731,-8.215985055236882],[111.116911403384435,-8.215987002645495],[111.116912860435448,-8.215988911297364],[111.116914286194529,-8.215990780909591],[111.116915680436293,-8.21599261119928],[111.116917042935441,-8.215994401883533],[111.116918373466689,-8.215996152679459],[111.116919671804709,-8.215997863304157],[111.116920937724188,-8.215999533474735],[111.116922170999828,-8.216001162908295],[111.116923371406273,-8.216002751321939],[111.116924538718251,-8.216004298432777],[111.116925672710423,-8.216005803957907],[111.116926773157488,-8.216007267614435],[111.116927839834148,-8.216008689119468],[111.116928872515047,-8.216010068190105],[111.1169298709749,-8.216011404543455],[111.116930834988423,-8.216012697896618],[111.116931764330246,-8.216013947966701],[111.11693265877507,-8.216015154470805],[111.116933518097582,-8.216016317126035],[111.116934342072511,-8.216017435649498],[111.116935130474502,-8.216018509758296],[111.11693588307827,-8.216019539169531],[111.116936599658459,-8.21602052360031],[111.11693727998977,-8.216021462767737],[111.116937923846905,-8.216022356388914],[111.116938531004564,-8.216023204180944],[111.116939101237421,-8.216024005860936],[111.116939634320119,-8.21602476114599],[111.116940130027402,-8.216025469753212],[111.116940588133943,-8.216026131399705],[111.116941008414415,-8.216026745802573],[111.116941390643518,-8.21602731267892],[111.11694173459594,-8.216027831745851],[111.116942040046354,-8.216028302720469],[111.116942306769417,-8.216028725319877],[111.116942534539916,-8.216029099261183],[111.116942723132439,-8.216029424261489],[111.116942872321715,-8.216029700037895],[111.116942981882403,-8.21602992630751],[111.116943051589217,-8.216030102787439],[111.11694308121686,-8.216030229194782],[111.116943070539989,-8.216030305246646],[111.116943019333277,-8.216030330660132]]]}},
{"type":"Feature","properties":{"id":null},"geometry":{"type":"MultiLineString","coordinates":[[[111.117396613287497,-8.216230025677422],[111.11739664148979,-8.216230028720545],[111.11739672588736,-8.216230037827327],[111.117396866166246,-8.216230052963898],[111.117397062012586,-8.21623007409638],[111.117397313112349,-8.216230101190895],[111.117397619151618,-8.216230134213566],[111.117397979816474,-8.216230173130526],[111.117398394793,-8.216230217907897],[111.117398863767193,-8.216230268511802],[111.117399386425191,-8.216230324908366],[111.117399962452978,-8.216230387063714],[111.117400591536665,-8.21623045494397],[111.117401273362248,-8.216230528515263],[111.11740200761588,-8.216230607743711],[111.117402793983544,-8.216230692595445],[111.117403632151337,-8.216230783036586],[111.117404521805256,-8.21623087903326],[111.117405462631481,-8.216230980551591],[111.117406454315969,-8.216231087557706],[111.117407496544857,-8.216231200017726],[111.117408589004128,-8.216231317897781],[111.117409731379908,-8.216231441163993],[111.117410923358179,-8.216231569782487],[111.117412164625094,-8.216231703719385],[111.11741345486665,-8.216231842940816],[111.11741479376893,-8.216231987412904],[111.117416181017987,-8.216232137101771],[111.117417616299889,-8.216232291973546],[111.117419099300633,-8.216232451994349],[111.117420629706359,-8.216232617130308],[111.11742220720312,-8.216232787347547],[111.11742383147697,-8.216232962612192],[111.117425502213948,-8.216233142890367],[111.117427219100136,-8.216233328148197],[111.117428981821561,-8.216233518351805],[111.117430790064319,-8.216233713467318],[111.117432643514434,-8.21623391346086],[111.117434541858003,-8.216234118298557],[111.11743648478101,-8.216234327946529],[111.117438471969635,-8.216234542370904],[111.117440503109862,-8.216234761537811],[111.117442577887786,-8.216234985413369],[111.11744469598942,-8.216235213963705],[111.117446857100859,-8.216235447154945],[111.117449060908143,-8.216235684953212],[111.11745130709734,-8.216235927324629],[111.117453595354533,-8.216236174235325],[111.117455925365746,-8.21623642565142],[111.117458296817077,-8.216236681539044],[111.11746070939455,-8.21623694186432],[111.117463162784261,-8.21623720659337],[111.117465656672195,-8.216237475692322],[111.117468190744461,-8.216237749127298],[111.117470764687141,-8.216238026864426],[111.117473378186318,-8.216238308869832],[111.117476030927961,-8.216238595109633],[111.117478722598207,-8.216238885549963],[111.117481452883069,-8.216239180156942],[111.117484221468644,-8.216239478896696],[111.117487028040955,-8.216239781735347],[111.117489872286058,-8.216240088639022],[111.117492753890048,-8.216240399573847],[111.117495672538993,-8.216240714505945],[111.11749862791892,-8.216241033401444],[111.117501619715924,-8.216241356226465],[111.117504647616016,-8.216241682947135],[111.117507711305294,-8.216242013529575],[111.117510810469781,-8.216242347939916],[111.117513944795604,-8.216242686144279],[111.117517113968745,-8.216243028108789],[111.117520317675314,-8.216243373799571],[111.117523555601338,-8.216243723182748],[111.117526827432926,-8.216244076224449],[111.117530132856075,-8.216244432890797],[111.117533471556868,-8.216244793147913],[111.117536843221387,-8.216245156961927],[111.117540247535686,-8.216245524298962],[111.117543684185819,-8.216245895125143],[111.117547152857853,-8.216246269406595],[111.117550653237814,-8.216246647109442],[111.117554185011812,-8.21624702819981],[111.11755774786586,-8.216247412643821],[111.117561341486024,-8.216247800407601],[111.117564965558401,-8.216248191457277],[111.117568619769031,-8.21624858575897],[111.117572303803982,-8.216248983278813],[111.117576017349293,-8.21624938398292],[111.117579760091033,-8.21624978783742],[111.117583531715269,-8.216250194808442],[111.117587331908055,-8.216250604862108],[111.117591160355445,-8.216251017964538],[111.117595016743508,-8.216251434081864],[111.11759890075831,-8.216251853180205],[111.117602812085892,-8.216252275225692],[111.117606750412321,-8.216252700184443],[111.11761071542368,-8.216253128022588],[111.117614706805981,-8.216253558706249],[111.117618724245332,-8.216253992201553],[111.117622767427747,-8.21625442847462],[111.117626836039335,-8.216254867491582],[111.117630929766108,-8.216255309218559],[111.117635048294176,-8.216255753621676],[111.11763919130955,-8.216256200667059],[111.117643358498356,-8.216256650320831],[111.117647549546547,-8.216257102549122],[111.117651764140305,-8.21625755731805],[111.117656001965599,-8.216258014593745],[111.11766026270854,-8.216258474342329],[111.117664546055153,-8.216258936529924],[111.117668851691533,-8.216259401122665],[111.117673179303708,-8.216259868086667],[111.117677528577772,-8.216260337388059],[111.117681899199724,-8.216260808992962],[111.117686290855687,-8.216261282867503],[111.117690703231716,-8.216261758977808],[111.11769513601385,-8.216262237290005],[111.117699588888115,-8.216262717770213],[111.11770406154065,-8.216263200384557],[111.117708553657422,-8.216263685099165],[111.117713064924587,-8.216264171880157],[111.117717595028097,-8.216264660693662],[111.117722143654134,-8.216265151505807],[111.117726710488682,-8.216265644282711],[111.117731295217823,-8.216266138990502],[111.117735897527595,-8.216266635595305],[111.117740517104082,-8.216267134063242],[111.117745153633308,-8.216267634360443],[111.117749806801413,-8.216268136453028],[111.117754476294351,-8.216268640307124],[111.11775916179829,-8.216269145888855],[111.117763862999183,-8.216269653164346],[111.117768579583171,-8.21627016209972],[111.117773311236277,-8.216270672661109],[111.117778057644571,-8.216271184814627],[111.117782818494121,-8.216271698526407],[111.11778759347095,-8.21627221376257],[111.117792382261172,-8.216272730489242],[111.117797184550795,-8.21627324867255],[111.117802000025932,-8.216273768278615],[111.117806828372593,-8.216274289273562],[111.117811669276875,-8.216274811623515],[111.117816522424789,-8.216275335294604],[111.11782138750246,-8.216275860252951],[111.117826264195855,-8.21627638646468],[111.117831152191144,-8.216276913895914],[111.117836051174336,-8.21627744251278],[111.117840960831501,-8.216277972281405],[111.117845880848677,-8.216278503167914],[111.117850810911932,-8.216279035138426],[111.117855750707321,-8.216279568159067],[111.117860699920939,-8.216280102195967],[111.117865658238799,-8.216280637215249],[111.117870625346995,-8.216281173183035],[111.117875600931598,-8.216281710065452],[111.117880584678616,-8.216282247828625],[111.117885576274148,-8.216282786438677],[111.117890575404232,-8.216283325861733],[111.117895581754937,-8.216283866063918],[111.117900595012316,-8.216284407011361],[111.117905614862451,-8.216284948670181],[111.117910640991397,-8.216285491006506],[111.117915673085207,-8.216286033986458],[111.117920710829935,-8.216286577576167],[111.117925753911635,-8.21628712174175],[111.11793080201636,-8.21628766644934],[111.117935854830193,-8.216288211665054],[111.117940912039217,-8.216288757355024],[111.117945973329441,-8.21628930348537],[111.117951038386948,-8.216289850022219],[111.117956106897793,-8.216290396931695],[111.117961178548057,-8.216290944179924],[111.117966253023752,-8.216291491733028],[111.117971330010988,-8.216292039557134],[111.117976409195791,-8.216292587618367],[111.117981490264242,-8.216293135882852],[111.117986572902424,-8.216293684316712],[111.117991656796335,-8.216294232886073],[111.117996741632084,-8.21629478155706],[111.118001827095696,-8.216295330295798],[111.118006912873255,-8.216295879068412],[111.118011998650815,-8.216296427841023],[111.118017084114442,-8.216296976579759],[111.118022168950176,-8.216297525250745],[111.118027252844087,-8.216298073820107],[111.118032335482269,-8.216298622253969],[111.118037416550706,-8.216299170518452],[111.118042495735523,-8.216299718579686],[111.118047572722759,-8.216300266403792],[111.118052647198482,-8.216300813956899],[111.118057718848718,-8.216301361205126],[111.118062787359577,-8.216301908114604],[111.118067852417084,-8.216302454651451],[111.118072913707323,-8.216303000781799],[111.118077970916318,-8.216303546471767],[111.118083023730179,-8.216304091687483],[111.118088071834919,-8.216304636395071],[111.118093114916604,-8.216305180560658],[111.118098152661332,-8.216305724150363],[111.118103184755142,-8.216306267130317],[111.118108210884074,-8.216306809466641],[111.118113230734195,-8.216307351125462],[111.118118243991603,-8.216307892072903],[111.118123250342308,-8.216308432275088],[111.118128249472392,-8.216308971698146],[111.118133241067909,-8.216309510308196],[111.118138224814928,-8.216310048071369],[111.118143200399516,-8.216310584953785],[111.118148167507712,-8.216311120921571],[111.118153125825586,-8.216311655940851],[111.118158075039162,-8.216312189977753],[111.118163014834579,-8.216312722998396],[111.118167944897834,-8.21631325496891],[111.11817286491501,-8.216313785855416],[111.118177774572189,-8.216314315624039],[111.118182673555353,-8.216314844240907],[111.118187561550641,-8.216315371672144],[111.118192438244094,-8.21631589788387],[111.11819730332175,-8.216316422842217],[111.118202156469678,-8.216316946513306],[111.118206997373932,-8.216317468863263],[111.118211825720621,-8.216317989858208],[111.118216641195716,-8.216318509464273],[111.118221443485368,-8.216319027647579],[111.118226232275575,-8.216319544374251],[111.118231007252405,-8.216320059610414],[111.11823576810194,-8.216320573322193],[111.118240514510234,-8.216321085475714],[111.118245246163355,-8.216321596037098],[111.118249962747313,-8.216322104972475],[111.11825466394825,-8.216322612247964],[111.11825934945216,-8.216323117829695],[111.118264018945126,-8.216323621683792],[111.118268672113203,-8.216324123776378],[111.118273308642443,-8.216324624073577],[111.118277928218944,-8.216325122541516],[111.118282530528717,-8.216325619146318],[111.118287115257843,-8.216326113854109],[111.118291682092377,-8.216326606631016],[111.1182962307184,-8.216327097443159],[111.118300760821967,-8.216327586256664],[111.118305272089103,-8.216328073037658],[111.118309764205918,-8.216328557752266],[111.118314236858438,-8.21632904036661],[111.118318689732718,-8.216329520846818],[111.118323122514823,-8.216329999159012],[111.118327534890824,-8.216330475269318],[111.118331926546787,-8.21633094914386],[111.118336297168767,-8.216331420748762],[111.118340646442803,-8.216331890050155],[111.118344974054978,-8.216332357014156],[111.118349279691344,-8.216332821606894],[111.118353563037971,-8.216333283794492],[111.118357823780912,-8.216333743543077],[111.118362061606206,-8.216334200818771],[111.118366276199936,-8.216334655587699],[111.118370467248184,-8.216335107815988],[111.118374634436961,-8.216335557469762],[111.118378777452335,-8.216336004515146],[111.118382895980403,-8.216336448918263],[111.11838698970719,-8.216336890645239],[111.118391058318764,-8.216337329662201],[111.118395101501207,-8.21633776593527],[111.118399118940559,-8.216338199430572],[111.118403110322859,-8.216338630114233],[111.118407075334218,-8.216339057952379],[111.118411013660634,-8.216339482911131],[111.118414924988215,-8.216339904956614],[111.118418809003018,-8.21634032405496],[111.118422665391094,-8.216340740172283],[111.118426493838484,-8.216341153274715],[111.11843029403127,-8.216341563328379],[111.118434065655492,-8.2163419702994],[111.118437808397232,-8.216342374153902],[111.118441521942543,-8.21634277485801],[111.118445205977466,-8.216343172377847],[111.11844886018811,-8.216343566679544],[111.118452484260487,-8.216343957729221],[111.118456077880666,-8.216344345493003],[111.118459640734713,-8.216344729937013],[111.118463172508726,-8.21634511102738],[111.118466672888687,-8.216345488730227],[111.118470141560707,-8.216345863011677],[111.118473578210839,-8.216346233837859],[111.118476982525138,-8.216346601174894],[111.118480354189643,-8.216346964988908],[111.118483692890464,-8.216347325246026],[111.118486998313628,-8.216347681912373],[111.118490270145188,-8.216348034954073],[111.118493508071225,-8.216348384337252],[111.118496711777794,-8.216348730028033],[111.118499880950935,-8.216349071992543],[111.118503015276744,-8.216349410196905],[111.118506114441232,-8.216349744607244],[111.118509178130509,-8.216350075189686],[111.118512206030601,-8.216350401910356],[111.118515197827577,-8.216350724735378],[111.118518153207503,-8.216351043630873],[111.118521071856449,-8.216351358562973],[111.118523953460453,-8.216351669497797],[111.118526797705584,-8.216351976401475],[111.118529604277882,-8.216352279240127],[111.118532372863456,-8.21635257797988],[111.118535103148318,-8.216352872586858],[111.11853779481855,-8.216353163027188],[111.118540447560235,-8.21635344926699],[111.11854306105937,-8.216353731272394],[111.118545635002036,-8.216354009009521],[111.118548169074344,-8.216354282444501],[111.118550662962306,-8.216354551543452],[111.11855311635199,-8.216354816272503],[111.118555528929448,-8.216355076597777],[111.118557900380765,-8.216355332485401],[111.118560230391992,-8.216355583901496],[111.118562518649156,-8.216355830812192],[111.118564764838368,-8.216356073183611],[111.118566968645652,-8.216356310981876],[111.118569129757105,-8.216356544173115],[111.118571247858739,-8.216356772723453],[111.118573322636664,-8.216356996599011],[111.11857535377689,-8.216357215765916],[111.118577340965501,-8.216357430190293],[111.11857928388855,-8.216357639838268],[111.118581182232091,-8.216357844675962],[111.118583035682221,-8.216358044669503],[111.118584843924964,-8.216358239785015],[111.118586606646403,-8.216358429988624],[111.118588323532563,-8.216358615246454],[111.118589994269541,-8.216358795524627],[111.118591618543391,-8.216358970789273],[111.118593196040152,-8.216359141006514],[111.118594726445892,-8.216359306142474],[111.118596209446665,-8.216359466163278],[111.118597644728567,-8.216359621035052],[111.118599031977624,-8.216359770723917],[111.118600370879875,-8.216359915196007],[111.118601661121446,-8.216360054417436],[111.118602902388332,-8.216360188354335],[111.118604094366617,-8.216360316972828],[111.118605236742383,-8.216360440239038],[111.118606329201668,-8.216360558119092],[111.118607371430542,-8.216360670579114],[111.11860836311503,-8.21636077758523],[111.118609303941227,-8.216360879103561],[111.118610193595202,-8.216360975100235],[111.118611031762995,-8.216361065541378],[111.11861181813066,-8.21636115039311],[111.118612552384263,-8.216361229621558],[111.118613234209874,-8.216361303192851],[111.118613863293561,-8.216361371073107],[111.118614439321348,-8.216361433228455],[111.11861496197929,-8.216361489625019],[111.118615430953511,-8.216361540228926],[111.118615845930009,-8.216361585006293],[111.118616206594908,-8.216361623923254],[111.11861651263419,-8.21636165694593],[111.118616763733954,-8.216361684040445],[111.11861695958028,-8.216361705172925],[111.118617099859193,-8.216361720309495],[111.118617184256749,-8.216361729416278],[111.118617212459029,-8.216361732459399]]]}},
{"type":"Feature","properties":{"id":null},"geometry":{"type":"MultiLineString","coordinates":[[[111.118969222295718,-8.216361732459401],[111.118969250605048,-8.216361732339063],[111.118969335322916,-8.216361731978944],[111.118969476134239,-8.216361731380383],[111.118969672723807,-8.216361730544719],[111.118969924776565,-8.216361729473288],[111.118970231977315,-8.216361728167435],[111.118970594011017,-8.216361726628501],[111.118971010562447,-8.216361724857821],[111.118971481316521,-8.216361722856732],[111.118972005958085,-8.216361720626582],[111.118972584172056,-8.216361718168704],[111.118973215643237,-8.216361715484442],[111.118973900056545,-8.21636171257513],[111.118974637096827,-8.216361709442113],[111.118975426448941,-8.216361706086728],[111.118976267797748,-8.216361702510314],[111.118977160828123,-8.216361698714211],[111.118978105224969,-8.21636169469976],[111.118979100673187,-8.2163616904683],[111.118980146857538,-8.21636168602117],[111.118981243462969,-8.216361681359709],[111.118982390174295,-8.21636167648526],[111.118983586676421,-8.216361671399156],[111.118984832654206,-8.216361666102742],[111.118986127792553,-8.216361660597356],[111.118987471776265,-8.216361654884338],[111.118988864290259,-8.216361648965027],[111.118990305019381,-8.216361642840763],[111.118991793648448,-8.216361636512881],[111.11899332986242,-8.21636162998273],[111.118994913346128,-8.216361623251641],[111.11899654378449,-8.21636161632096],[111.118998220862309,-8.21636160919202],[111.118999944264459,-8.216361601866168],[111.119001713675829,-8.216361594344736],[111.119003528781263,-8.216361586629068],[111.119005389265652,-8.216361578720505],[111.119007294813869,-8.216361570620384],[111.119009245110718,-8.216361562330041],[111.1190112398412,-8.216361553850822],[111.119013278690076,-8.216361545184064],[111.11901536134225,-8.216361536331107],[111.119017487482552,-8.216361527293291],[111.119019656795913,-8.216361518071952],[111.119021868967167,-8.216361508668433],[111.119024123681186,-8.216361499084075],[111.119026420622831,-8.216361489320214],[111.11902875947699,-8.21636147937819],[111.119031139928495,-8.216361469259345],[111.119033561662249,-8.216361458965016],[111.119036024363112,-8.216361448496546],[111.119038527715958,-8.216361437855268],[111.119041071405633,-8.216361427042528],[111.119043655117025,-8.216361416059662],[111.119046278535009,-8.216361404908014],[111.119048941344417,-8.216361393588917],[111.119051643230151,-8.216361382103717],[111.119054383877085,-8.216361370453749],[111.11905716297008,-8.216361358640354],[111.119059980193995,-8.216361346664872],[111.119062835233649,-8.216361334528642],[111.119065727774014,-8.216361322233004],[111.119068657499881,-8.216361309779298],[111.119071624096151,-8.216361297168863],[111.119074627247727,-8.216361284403039],[111.119077666639384,-8.216361271483162],[111.119080741956068,-8.216361258410579],[111.119083852882625,-8.216361245186622],[111.119086999103899,-8.216361231812636],[111.119090180304795,-8.216361218289958],[111.119093396170157,-8.216361204619927],[111.119096646384904,-8.216361190803884],[111.119099930633809,-8.216361176843169],[111.119103248601789,-8.216361162739117],[111.119106599973733,-8.216361148493073],[111.119109984434488,-8.216361134106375],[111.119113401668926,-8.216361119580363],[111.119116851361952,-8.216361104916375],[111.119120333198396,-8.216361090115752],[111.119123846863118,-8.216361075179833],[111.119127392040994,-8.216361060109959],[111.119130968416911,-8.216361044907467],[111.119134575675687,-8.216361029573696],[111.119138213502239,-8.216361014109987],[111.119141881581442,-8.216360998517683],[111.119145579598154,-8.216360982798118],[111.119149307237223,-8.216360966952635],[111.119153064183536,-8.216360950982571],[111.119156850121954,-8.21636093488927],[111.119160664737322,-8.216360918674066],[111.119164507714572,-8.216360902338304],[111.119168378738536,-8.216360885883319],[111.119172277494059,-8.216360869310451],[111.119176203666029,-8.216360852621044],[111.119180156939308,-8.216360835816431],[111.119184136998783,-8.216360818897957],[111.119188143529314,-8.21636080186696],[111.119192176215776,-8.216360784724779],[111.119196234743001,-8.21636076747275],[111.11920031879589,-8.216360750112221],[111.119204428059334,-8.216360732644526],[111.119208562218148,-8.216360715071005],[111.119212720957222,-8.216360697392997],[111.119216903961458,-8.216360679611844],[111.119221110915646,-8.216360661728883],[111.11922534150473,-8.216360643745455],[111.1192295954136,-8.216360625662897],[111.119233872327015,-8.216360607482555],[111.119238171929908,-8.216360589205763],[111.119242493907166,-8.216360570833862],[111.119246837943649,-8.21636055236819],[111.11925120372419,-8.216360533810089],[111.119255590933676,-8.216360515160897],[111.119259999256982,-8.216360496421956],[111.119264428378955,-8.216360477594602],[111.119268877984524,-8.216360458680178],[111.119273347758508,-8.216360439680022],[111.119277837385752,-8.216360420595471],[111.119282346551188,-8.216360401427869],[111.119286874939618,-8.216360382178554],[111.11929142223596,-8.216360362848862],[111.119295988125032,-8.216360343440137],[111.119300572291763,-8.216360323953717],[111.119305174421001,-8.216360304390943],[111.119309794197619,-8.216360284753152],[111.119314431306464,-8.216360265041686],[111.11931908543238,-8.216360245257883],[111.119323756260329,-8.216360225403085],[111.119328443475069,-8.216360205478628],[111.119333146761548,-8.216360185485854],[111.119337865804596,-8.216360165426099],[111.119342600289102,-8.21636014530071],[111.119347349899954,-8.21636012511102],[111.11935211432197,-8.216360104858371],[111.11935689324001,-8.2163600845441],[111.119361686338976,-8.216360064169551],[111.119366493303744,-8.216360043736058],[111.119371313819201,-8.216360023244967],[111.119376147570165,-8.216360002697613],[111.11938099424151,-8.216359982095337],[111.119385853518111,-8.21635996143948],[111.11939072508487,-8.216359940731376],[111.119395608626633,-8.216359919972373],[111.119400503828231,-8.216359899163802],[111.119405410374583,-8.216359878307008],[111.119410327950533,-8.216359857403329],[111.119415256240956,-8.216359836454107],[111.119420194930711,-8.216359815460677],[111.119425143704717,-8.216359794424383],[111.119430102247748,-8.216359773346559],[111.119435070244776,-8.216359752228552],[111.119440047380607,-8.216359731071694],[111.119445033340099,-8.216359709877331],[111.11945002780817,-8.216359688646801],[111.11945503046968,-8.216359667381441],[111.119460041009461,-8.216359646082591],[111.1194650591124,-8.216359624751592],[111.119470084463359,-8.216359603389781],[111.119475116747225,-8.216359581998503],[111.119480155648844,-8.216359560579093],[111.11948520085312,-8.216359539132892],[111.119490252044869,-8.216359517661239],[111.119495308908995,-8.216359496165472],[111.119500371130343,-8.216359474646936],[111.119505438393816,-8.216359453106962],[111.119510510384231,-8.216359431546897],[111.11951558678652,-8.216359409968078],[111.119520667285499,-8.216359388371846],[111.119525751566073,-8.216359366759537],[111.119530839313086,-8.216359345132494],[111.119535930211427,-8.216359323492057],[111.119541023945928,-8.21635930183956],[111.119546120201477,-8.216359280176349],[111.119551218662963,-8.216359258503761],[111.11955631901526,-8.216359236823134],[111.119561420943199,-8.216359215135814],[111.11956652413167,-8.216359193443129],[111.119571628265533,-8.216359171746433],[111.11957673302966,-8.216359150047053],[111.119581838108928,-8.216359128346333],[111.119586943188182,-8.216359106645616],[111.119592047952295,-8.216359084946234],[111.119597152086158,-8.216359063249536],[111.119602255274629,-8.216359041556853],[111.119607357202554,-8.216359019869529],[111.119612457554851,-8.216358998188905],[111.119617556016337,-8.216358976516316],[111.119622652271914,-8.216358954853105],[111.119627746006415,-8.21635893320061],[111.119632836904742,-8.216358911560173],[111.119637924651784,-8.216358889933129],[111.119643008932343,-8.216358868320821],[111.119648089431337,-8.216358846724589],[111.119653165833611,-8.21635882514577],[111.119658237824041,-8.216358803585706],[111.119663305087528,-8.216358782045734],[111.119668367308876,-8.216358760527196],[111.119673424173016,-8.216358739031428],[111.119678475364736,-8.216358717559777],[111.119683520568998,-8.216358696113574],[111.119688559470632,-8.216358674694165],[111.119693591754483,-8.216358653302885],[111.119698617105428,-8.216358631941073],[111.119703635208396,-8.216358610610078],[111.119708645748148,-8.216358589311225],[111.119713648409629,-8.216358568045866],[111.119718642877729,-8.216358546815332],[111.119723628837207,-8.216358525620972],[111.119728605973052,-8.216358504464115],[111.119733573970066,-8.216358483346106],[111.119738532513125,-8.216358462268285],[111.119743481287117,-8.216358441231989],[111.119748419976901,-8.21635842023856],[111.119753348267324,-8.216358399289337],[111.119758265843259,-8.216358378385658],[111.119763172389639,-8.216358357528865],[111.119768067591252,-8.216358336720297],[111.119772951133001,-8.216358315961291],[111.119777822699746,-8.216358295253187],[111.119782681976361,-8.216358274597329],[111.119787528647691,-8.216358253995054],[111.119792362398655,-8.2163582334477],[111.119797182914084,-8.216358212956608],[111.119801989878852,-8.216358192523117],[111.119806782977818,-8.216358172148567],[111.119811561895887,-8.216358151834296],[111.119816326317888,-8.216358131581647],[111.119821075928698,-8.216358111391957],[111.119825810413232,-8.216358091266565],[111.11983052945628,-8.216358071206812],[111.119835232742744,-8.216358051214037],[111.119839919957514,-8.21635803128958],[111.119844590785434,-8.216358011434782],[111.119849244911393,-8.21635799165098],[111.119853882020237,-8.216357971939514],[111.119858501796841,-8.216357952301724],[111.119863103926065,-8.21635793273895],[111.11986768809281,-8.216357913252532],[111.119872253981896,-8.216357893843805],[111.119876801278252,-8.216357874514117],[111.119881329666683,-8.2163578552648],[111.11988583883209,-8.216357836097197],[111.119890328459363,-8.216357817012646],[111.119894798233346,-8.216357798012488],[111.119899247838873,-8.216357779098065],[111.119903676960888,-8.216357760270711],[111.119908085284166,-8.216357741531766],[111.119912472493652,-8.216357722882577],[111.119916838274193,-8.216357704324476],[111.119921182310662,-8.216357685858805],[111.11992550428792,-8.216357667486903],[111.119929803890798,-8.216357649210112],[111.119934080804256,-8.216357631029767],[111.119938334713083,-8.21635761294721],[111.119942565302182,-8.216357594963783],[111.119946772256412,-8.216357577080823],[111.119950955260606,-8.21635755929967],[111.11995511399968,-8.216357541621662],[111.119959248158523,-8.216357524048142],[111.119963357421938,-8.216357506580446],[111.119967441474856,-8.216357489219915],[111.119971500002094,-8.216357471967887],[111.119975532688542,-8.216357454825708],[111.119979539219045,-8.216357437794709],[111.119983519278534,-8.216357420876236],[111.119987472551827,-8.216357404071625],[111.119991398723798,-8.216357387382216],[111.119995297479306,-8.216357370809348],[111.119999168503256,-8.216357354354363],[111.120003011480492,-8.2163573380186],[111.120006826095889,-8.216357321803397],[111.120010612034321,-8.216357305710094],[111.120014368980605,-8.216357289740031],[111.120018096619674,-8.216357273894548],[111.120021794636386,-8.216357258174984],[111.120025462715589,-8.216357242582678],[111.120029100542155,-8.216357227118969],[111.120032707800931,-8.216357211785201],[111.120036284176848,-8.21635719658271],[111.120039829354724,-8.216357181512834],[111.120043343019447,-8.216357166576913],[111.120046824855876,-8.216357151776291],[111.120050274548902,-8.216357137112304],[111.12005369178334,-8.216357122586292],[111.120057076244109,-8.216357108199594],[111.120060427616053,-8.216357093953551],[111.120063745584062,-8.2163570798495],[111.120067029832995,-8.216357065888783],[111.120070280047685,-8.216357052072739],[111.120073495913047,-8.216357038402711],[111.120076677113929,-8.216357024880031],[111.120079823335232,-8.216357011506044],[111.120082934261774,-8.216356998282089],[111.120086009578444,-8.216356985209504],[111.120089048970115,-8.216356972289628],[111.120092052121663,-8.216356959523804],[111.120095018717947,-8.216356946913368],[111.120097948443828,-8.216356934459663],[111.120100840984165,-8.216356922164024],[111.120103696023861,-8.216356910027795],[111.120106513247762,-8.216356898052313],[111.120109292340757,-8.216356886238918],[111.120112032987677,-8.216356874588952],[111.120114734873425,-8.216356863103748],[111.120117397682833,-8.216356851784653],[111.120120021100817,-8.216356840633004],[111.120122604812209,-8.216356829650138],[111.120125148501884,-8.216356818837399],[111.12012765185473,-8.216356808196123],[111.120130114555607,-8.216356797727652],[111.120132536289347,-8.216356787433321],[111.120134916740867,-8.216356777314477],[111.120137255595026,-8.216356767372453],[111.120139552536671,-8.216356757608594],[111.12014180725069,-8.216356748024234],[111.120144019421929,-8.216356738620714],[111.120146188735291,-8.216356729399378],[111.120148314875593,-8.21635672036156],[111.120150397527766,-8.216356711508602],[111.120152436376642,-8.216356702841844],[111.120154431107082,-8.216356694362625],[111.120156381403987,-8.216356686072285],[111.120158286952204,-8.216356677972161],[111.120160147436593,-8.216356670063597],[111.120161962542028,-8.21635666234793],[111.120163731953383,-8.2163566548265],[111.120165455355533,-8.216356647500646],[111.120167132433352,-8.216356640371707],[111.120168762871685,-8.216356633441023],[111.120170346355408,-8.216356626709937],[111.120171882569394,-8.216356620179784],[111.120173371198504,-8.216356613851906],[111.120174811927612,-8.216356607727642],[111.120176204441606,-8.21635660180833],[111.120177548425318,-8.216356596095311],[111.120178843563636,-8.216356590589923],[111.120180089541407,-8.216356585293511],[111.120181286043533,-8.216356580207407],[111.120182432754888,-8.216356575332957],[111.12018352936029,-8.216356570671495],[111.12018457554467,-8.216356566224366],[111.120185570992831,-8.216356561992907],[111.12018651538969,-8.216356557978454],[111.120187408420094,-8.216356554182353],[111.12018824976893,-8.216356550605939],[111.120189039121044,-8.216356547250552],[111.120189776161297,-8.216356544117536],[111.120190460574605,-8.216356541208224],[111.120191092045786,-8.216356538523961],[111.120191670259729,-8.216356536066085],[111.120192194901307,-8.216356533835935],[111.120192665655395,-8.216356531834847],[111.120193082206839,-8.216356530064168],[111.120193444240499,-8.21635652852523],[111.120193751441292,-8.216356527219379],[111.120194003494035,-8.216356526147948],[111.120194200083631,-8.216356525312285],[111.120194340894926,-8.216356524713722],[111.120194425612794,-8.216356524353605],[111.120194453922124,-8.216356524233266]]]}},
{"type":"Feature","properties":{"id":null},"geometry":{"type":"MultiLineString","coordinates":[[[111.126271299999985,-8.2165594],[111.126271326416173,-8.216559400995708],[111.1262714054687,-8.216559403975433],[111.126271536863499,-8.216559408928099],[111.126271720306548,-8.216559415842616],[111.126271955503725,-8.216559424707905],[111.126272242160965,-8.216559435512877],[111.126272579984331,-8.216559448246452],[111.126272968679672,-8.216559462897546],[111.126273407952908,-8.216559479455075],[111.126273897510046,-8.216559497907951],[111.126274437057006,-8.216559518245095],[111.126275026299709,-8.216559540455423],[111.126275664944131,-8.216559564527845],[111.126276352696209,-8.216559590451286],[111.126277089261819,-8.216559618214657],[111.126277874346997,-8.216559647806871],[111.126278707657619,-8.216559679216848],[111.126279588899649,-8.216559712433506],[111.126280517779065,-8.216559747445759],[111.126281494001773,-8.216559784242524],[111.126282517273694,-8.216559822812714],[111.126283587300819,-8.216559863145248],[111.126284703789068,-8.21655990522904],[111.126285866444391,-8.216559949053009],[111.126287074972694,-8.216559994606069],[111.126288329079983,-8.216560041877136],[111.126289628472136,-8.216560090855126],[111.126290972855131,-8.216560141528957],[111.126292361934887,-8.21656019388754],[111.126293795417382,-8.216560247919798],[111.126295273008509,-8.216560303614644],[111.126296794414301,-8.216560360960992],[111.126298359340595,-8.216560419947761],[111.126299967493381,-8.216560480563867],[111.126301618578609,-8.216560542798225],[111.126303312302213,-8.216560606639749],[111.126305048370114,-8.216560672077362],[111.126306826488275,-8.216560739099972],[111.126308646362631,-8.216560807696496],[111.126310507699159,-8.216560877855855],[111.126312410203738,-8.216560949566963],[111.126314353582373,-8.216561022818736],[111.126316337540956,-8.21656109760009],[111.126318361785451,-8.21656117389994],[111.126320426021806,-8.216561251707205],[111.126322529955956,-8.216561331010798],[111.126324673293851,-8.216561411799635],[111.126326855741411,-8.216561494062635],[111.126329077004598,-8.216561577788712],[111.126331336789349,-8.216561662966781],[111.126333634801625,-8.216561749585759],[111.126335970747334,-8.216561837634565],[111.12633834433241,-8.216561927102109],[111.126340755262845,-8.216562017977312],[111.126343203244545,-8.21656211024909],[111.126345687983473,-8.216562203906358],[111.126348209185551,-8.216562298938033],[111.126350766556754,-8.216562395333028],[111.126353359802991,-8.216562493080261],[111.126355988630209,-8.21656259216865],[111.126358652744329,-8.216562692587106],[111.126361351851358,-8.216562794324549],[111.126364085657201,-8.216562897369897],[111.126366853867793,-8.216563001712062],[111.12636965618907,-8.216563107339963],[111.126372492326993,-8.216563214242512],[111.126375361987527,-8.216563322408632],[111.126378264876564,-8.216563431827232],[111.126381200700081,-8.216563542487229],[111.126384169163984,-8.216563654377543],[111.126387169974265,-8.21656376748709],[111.126390202836831,-8.216563881804783],[111.126393267457615,-8.216563997319538],[111.126396363542597,-8.216564114020272],[111.126399490797667,-8.216564231895902],[111.126402648928817,-8.216564350935345],[111.126405837641983,-8.216564471127514],[111.126409056643112,-8.216564592461326],[111.126412305638098,-8.216564714925699],[111.126415584332932,-8.216564838509548],[111.126418892433563,-8.216564963201789],[111.126422229645868,-8.216565088991338],[111.126425595675826,-8.216565215867108],[111.126428990229442,-8.21656534381802],[111.126432413012566,-8.21656547283299],[111.126435863731174,-8.216565602900932],[111.126439342091217,-8.216565734010761],[111.126442847798643,-8.216565866151395],[111.126446380559358,-8.216565999311751],[111.126449940079354,-8.216566133480741],[111.126453526064523,-8.216566268647284],[111.126457138220829,-8.216566404800297],[111.126460776254262,-8.216566541928698],[111.126464439870688,-8.216566680021394],[111.126468128776054,-8.21656681906731],[111.126471842676352,-8.216566959055358],[111.126475581277504,-8.216567099974455],[111.126479344285414,-8.216567241813518],[111.12648313140609,-8.216567384561463],[111.126486942345437,-8.216567528207205],[111.126490776809419,-8.216567672739661],[111.126494634503928,-8.216567818147745],[111.126498515134969,-8.216567964420376],[111.126502418408464,-8.216568111546469],[111.126506344030304,-8.216568259514936],[111.126510291706509,-8.2165684083147],[111.126514261143001,-8.216568557934675],[111.12651825204567,-8.216568708363775],[111.126522264120524,-8.216568859590918],[111.126526297073497,-8.216569011605021],[111.126530350610466,-8.216569164394995],[111.126534424437438,-8.216569317949759],[111.126538518260361,-8.216569472258231],[111.126542631785128,-8.216569627309326],[111.126546764717702,-8.216569783091957],[111.126550916764046,-8.216569939595047],[111.126555087630067,-8.216570096807507],[111.126559277021727,-8.216570254718251],[111.126563484644976,-8.2165704133162],[111.126567710205762,-8.216570572590268],[111.126571953409965,-8.21657073252937],[111.126576213963602,-8.216570893122423],[111.126580491572611,-8.216571054358344],[111.126584785942867,-8.216571216226049],[111.126589096780378,-8.21657137871445],[111.126593423791093,-8.216571541812471],[111.126597766680902,-8.216571705509022],[111.126602125155756,-8.216571869793022],[111.126606498921632,-8.216572034653382],[111.126610887684436,-8.216572200079025],[111.126615291150131,-8.216572366058863],[111.126619709024681,-8.216572532581814],[111.126624141014005,-8.216572699636796],[111.126628586824012,-8.216572867212717],[111.126633046160691,-8.2165730352985],[111.126637518729979,-8.216573203883058],[111.12664200423778,-8.21657337295531],[111.126646502390088,-8.216573542504172],[111.126651012892808,-8.216573712518558],[111.126655535451874,-8.216573882987383],[111.126660069773294,-8.216574053899565],[111.126664615562959,-8.216574225244019],[111.126669172526789,-8.216574397009664],[111.126673740370776,-8.216574569185411],[111.126678318800828,-8.216574741760184],[111.12668290752292,-8.216574914722891],[111.126687506242945,-8.21657508806245],[111.126692114666923,-8.21657526176778],[111.126696732500704,-8.216575435827794],[111.126701359450266,-8.216575610231411],[111.126705995221585,-8.216575784967546],[111.126710639520596,-8.216575960025114],[111.126715292053206,-8.216576135393032],[111.126719952525377,-8.216576311060216],[111.126724620643074,-8.216576487015582],[111.126729296112188,-8.216576663248045],[111.126733978638697,-8.216576839746521],[111.126738667928521,-8.216577016499929],[111.126743363687638,-8.216577193497184],[111.126748065621939,-8.216577370727199],[111.126752773437431,-8.216577548178895],[111.126757486839978,-8.216577725841185],[111.126762205535584,-8.216577903702984],[111.126766929230172,-8.216578081753211],[111.126771657629689,-8.216578259980778],[111.126776390440057,-8.216578438374606],[111.126781127367238,-8.216578616923607],[111.126785868117167,-8.2165787956167],[111.126790612395808,-8.216578974442802],[111.126795359909067,-8.216579153390825],[111.126800110362908,-8.216579332449687],[111.126804863463249,-8.216579511608305],[111.12680961891607,-8.216579690855594],[111.126814376427305,-8.216579870180471],[111.126819135702874,-8.216580049571849],[111.126823896448741,-8.21658022901865],[111.12682865837084,-8.216580408509786],[111.126833421175107,-8.216580588034176],[111.126838184567504,-8.21658076758073],[111.126842948253937,-8.216580947138368],[111.126847711940371,-8.216581126696008],[111.126852475332754,-8.216581306242563],[111.126857238137035,-8.216581485766952],[111.12686200005912,-8.216581665258088],[111.126866760804973,-8.216581844704885],[111.126871520080556,-8.216582024096265],[111.126876277591791,-8.216582203421142],[111.126881033044612,-8.216582382668433],[111.126885786144967,-8.21658256182705],[111.126890536598808,-8.216582740885915],[111.126895284112067,-8.216582919833938],[111.126900028390708,-8.216583098660037],[111.126904769140651,-8.216583277353131],[111.126909506067818,-8.216583455902132],[111.1269142388782,-8.21658363429596],[111.126918967277703,-8.216583812523529],[111.126923690972305,-8.216583990573756],[111.126928409667897,-8.216584168435555],[111.126933123070472,-8.216584346097843],[111.126937830885936,-8.216584523549539],[111.126942532820237,-8.216584700779553],[111.126947228579354,-8.21658487777681],[111.126951917869178,-8.216585054530215],[111.126956600395687,-8.216585231028693],[111.126961275864801,-8.216585407261157],[111.126965943982469,-8.216585583216522],[111.126970604454655,-8.216585758883706],[111.126975256987265,-8.216585934251624],[111.126979901286262,-8.216586109309192],[111.126984537057581,-8.216586284045327],[111.126989164007171,-8.216586458448942],[111.126993781840952,-8.216586632508958],[111.126998390264916,-8.216586806214288],[111.127002988984955,-8.216586979553849],[111.127007577707047,-8.216587152516556],[111.127012156137113,-8.216587325091325],[111.1270167239811,-8.216587497267074],[111.127021280944945,-8.21658766903272],[111.127025826734581,-8.216587840377175],[111.127030361056001,-8.216588011289357],[111.127034883615067,-8.216588181758182],[111.127039394117787,-8.216588351772568],[111.127043892270109,-8.216588521321427],[111.127048377777896,-8.21658869039368],[111.127052850347184,-8.216588858978238],[111.127057309683863,-8.216589027064021],[111.127061755493884,-8.216589194639946],[111.127066187483194,-8.216589361694922],[111.127070605357716,-8.216589528217874],[111.127075008823425,-8.216589694197712],[111.127079397586243,-8.216589859623355],[111.127083771352105,-8.216590024483716],[111.127088129826973,-8.216590188767714],[111.127092472716768,-8.216590352464268],[111.127096799727468,-8.216590515562284],[111.127101110565008,-8.216590678050689],[111.127105404935293,-8.216590839918394],[111.127109682544273,-8.216591001154315],[111.127113943097896,-8.21659116174737],[111.127118186302127,-8.216591321686472],[111.127122411862899,-8.21659148096054],[111.127126619486148,-8.216591639558487],[111.127130808877837,-8.216591797469233],[111.127134979743843,-8.216591954681691],[111.127139131790173,-8.216592111184779],[111.127143264722775,-8.216592266967414],[111.127147378247528,-8.216592422018508],[111.127151472070437,-8.216592576326978],[111.127155545897409,-8.216592729881745],[111.127159599434378,-8.216592882671719],[111.127163632387337,-8.21659303468582],[111.127167644462162,-8.216593185912963],[111.12717163536486,-8.216593336342063],[111.127175604801351,-8.216593485962036],[111.127179552477543,-8.2165936347618],[111.127183478099425,-8.216593782730271],[111.127187381372906,-8.216593929856362],[111.127191262003947,-8.216594076128995],[111.12719511969847,-8.216594221537079],[111.127198954162438,-8.216594366069533],[111.127202765101785,-8.216594509715275],[111.127206552222447,-8.216594652463218],[111.1272103152304,-8.216594794302283],[111.127214053831537,-8.21659493522138],[111.127217767731821,-8.216595075209428],[111.12722145663723,-8.216595214255344],[111.127225120253655,-8.216595352348044],[111.127228758287046,-8.21659548947644],[111.127232370443352,-8.216595625629452],[111.127235956428535,-8.216595760795997],[111.127239515948503,-8.216595894964989],[111.127243048709232,-8.216596028125341],[111.127246554416629,-8.216596160265976],[111.127250032776686,-8.216596291375806],[111.127253483495309,-8.216596421443748],[111.127256906278447,-8.216596550458714],[111.12726030083202,-8.21659667840963],[111.127263666862007,-8.216596805285402],[111.127267004074326,-8.21659693107495],[111.127270312174943,-8.21659705576719],[111.127273590869763,-8.216597179351039],[111.127276839864763,-8.21659730181541],[111.127280058865878,-8.216597423149224],[111.12728324757903,-8.216597543341393],[111.127286405710208,-8.216597662380837],[111.127289532965307,-8.216597780256466],[111.127292629050274,-8.2165978969572],[111.127295693671073,-8.216598012471957],[111.127298726533624,-8.216598126789648],[111.127301727343891,-8.216598239899195],[111.127304695807808,-8.216598351789509],[111.127307631631311,-8.216598462449507],[111.127310534520348,-8.216598571868108],[111.127313404180853,-8.216598680034226],[111.127316240318791,-8.216598786936775],[111.127319042640082,-8.216598892564676],[111.127321810850688,-8.216598996906841],[111.127324544656517,-8.216599099952187],[111.127327243763531,-8.216599201689633],[111.12732990787768,-8.21659930210809],[111.127332536704898,-8.216599401196479],[111.127335129951121,-8.216599498943712],[111.12733768732231,-8.216599595338707],[111.127340208524402,-8.21659969037038],[111.127342693263344,-8.216599784027647],[111.12734514124503,-8.216599876299425],[111.127347552175479,-8.216599967174627],[111.127349925760569,-8.216600056642175],[111.127352261706264,-8.216600144690981],[111.12735455971854,-8.216600231309958],[111.127356819503277,-8.216600316488028],[111.127359040766464,-8.216600400214105],[111.127361223214024,-8.216600482477103],[111.127363366551918,-8.21660056326594],[111.127365470486069,-8.216600642569533],[111.127367534722424,-8.216600720376798],[111.127369558966919,-8.216600796676648],[111.127371542925502,-8.216600871458001],[111.127373486304123,-8.216600944709773],[111.127375388808716,-8.216601016420883],[111.12737725014523,-8.216601086580242],[111.1273790700196,-8.216601155176768],[111.127380848137747,-8.216601222199378],[111.127382584205662,-8.216601287636987],[111.127384277929252,-8.216601351478513],[111.127385929014494,-8.216601413712871],[111.127387537167294,-8.216601474328977],[111.127389102093574,-8.216601533315746],[111.127390623499323,-8.216601590662094],[111.127392101090493,-8.21660164635694],[111.127393534572988,-8.216601700389198],[111.127394923652759,-8.216601752747783],[111.127396268035739,-8.216601803421613],[111.127397567427906,-8.216601852399604],[111.127398821535166,-8.216601899670671],[111.127400030063498,-8.216601945223729],[111.127401192718807,-8.216601989047698],[111.127402309207056,-8.21660203113149],[111.127403379234167,-8.216602071464024],[111.127404402506102,-8.216602110034216],[111.127405378728795,-8.216602146830978],[111.127406307608211,-8.21660218184323],[111.127407188850256,-8.216602215059888],[111.127408022160893,-8.216602246469867],[111.127408807246056,-8.216602276062083],[111.127409543811709,-8.216602303825452],[111.127410231563758,-8.216602329748891],[111.127410870208166,-8.216602353821315],[111.127411459450869,-8.216602376031641],[111.127411998997829,-8.216602396368787],[111.127412488554953,-8.216602414821665],[111.127412927828203,-8.216602431379192],[111.127413316523544,-8.216602446030285],[111.127413654346867,-8.216602458763859],[111.127413941004164,-8.216602469568835],[111.127414176201356,-8.216602478434123],[111.127414359644376,-8.216602485348639],[111.127414491039175,-8.216602490301305],[111.127414570091702,-8.216602493281032],[111.12741459650789,-8.216602494276737]]]}},
{"type":"Feature","properties":{"id":null},"geometry":{"type":"MultiLineString","coordinates":[[[111.127766606344579,-8.216644981641101],[111.127766642051697,-8.216644980855756],[111.127766748908073,-8.216644978505547],[111.127766926516117,-8.216644974599214],[111.127767174478493,-8.216644969145506],[111.127767492397652,-8.216644962153158],[111.127767879876089,-8.216644953630912],[111.127768336516382,-8.216644943587518],[111.127768861921012,-8.216644932031713],[111.127769455692487,-8.216644918972239],[111.127770117433357,-8.216644904417841],[111.127770846746131,-8.216644888377258],[111.127771643233302,-8.216644870859234],[111.127772506497422,-8.216644851872511],[111.127773436140998,-8.216644831425832],[111.127774431766525,-8.216644809527939],[111.127775492976539,-8.216644786187572],[111.127776619373535,-8.216644761413475],[111.127777810560104,-8.216644735214391],[111.1277790661387,-8.216644707599059],[111.127780385711873,-8.216644678576229],[111.127781768882102,-8.216644648154634],[111.127783215251938,-8.216644616343022],[111.12778472442389,-8.216644583150135],[111.12778629600048,-8.216644548584711],[111.127787929584244,-8.216644512655497],[111.127789624777634,-8.216644475371231],[111.127791381183243,-8.216644436740658],[111.127793198403566,-8.216644396772523],[111.127795076041068,-8.216644355475561],[111.127797013698355,-8.21664431285852],[111.127799010977895,-8.216644268930143],[111.127801067482224,-8.216644223699166],[111.127803182813835,-8.216644177174338],[111.12780535657528,-8.216644129364399],[111.127807588369052,-8.216644080278087],[111.127809877797688,-8.216644029924151],[111.127812224463682,-8.216643978311328],[111.127814627969556,-8.216643925448365],[111.127817087917819,-8.216643871343997],[111.12781960391105,-8.216643816006975],[111.127822175551742,-8.216643759446034],[111.127824802442376,-8.216643701669922],[111.127827484185488,-8.216643642687378],[111.127830220383586,-8.216643582507146],[111.127833010639222,-8.216643521137968],[111.127835854554888,-8.216643458588582],[111.127838751733137,-8.216643394867738],[111.127841701776418,-8.216643329984169],[111.127844704287313,-8.216643263946626],[111.127847758868285,-8.216643196763846],[111.127850865121914,-8.216643128444574],[111.127854022650666,-8.216643058997548],[111.127857231057092,-8.216642988431515],[111.127860489943714,-8.216642916755214],[111.127863798913026,-8.216642843977391],[111.12786715756755,-8.216642770106786],[111.127870565509824,-8.216642695152141],[111.127874022342354,-8.216642619122197],[111.12787752766765,-8.216642542025699],[111.127881081088233,-8.21664246387139],[111.127884682206613,-8.216642384668006],[111.127888330625325,-8.216642304424296],[111.127892025946878,-8.216642223148998],[111.127895767773836,-8.216642140850858],[111.127899555708666,-8.216642057538616],[111.127903389353875,-8.216641973221016],[111.127907268312015,-8.216641887906796],[111.127911192185607,-8.216641801604702],[111.127915160577146,-8.216641714323476],[111.127919173089168,-8.21664162607186],[111.127923229324153,-8.216641536858596],[111.127927328884681,-8.216641446692424],[111.127931471373202,-8.216641355582091],[111.127935656392282,-8.216641263536335],[111.127939883544428,-8.216641170563898],[111.12794415243215,-8.216641076673527],[111.127948462657997,-8.21664098187396],[111.127952813824464,-8.216640886173941],[111.127957205534045,-8.216640789582213],[111.127961637389291,-8.216640692107516],[111.127966108992737,-8.216640593758594],[111.127970619946851,-8.216640494544189],[111.127975169854153,-8.216640394473041],[111.127979758317224,-8.216640293553894],[111.127984384938514,-8.216640191795493],[111.127989049320604,-8.216640089206576],[111.127993751065972,-8.216639985795888],[111.127998489777156,-8.216639881572171],[111.128003265056634,-8.216639776544163],[111.12800807650693,-8.216639670720612],[111.128012923730623,-8.216639564110258],[111.128017806330178,-8.216639456721843],[111.128022723908146,-8.216639348564112],[111.12802767606702,-8.216639239645801],[111.128032662409311,-8.216639129975656],[111.128037682537524,-8.216639019562422],[111.128042736054226,-8.216638908414836],[111.128047822561939,-8.216638796541645],[111.128052941663128,-8.216638683951587],[111.12805809296033,-8.216638570653405],[111.128063276056096,-8.216638456655845],[111.128068490552906,-8.216638341967647],[111.128073736053295,-8.216638226597553],[111.128079012159787,-8.216638110554303],[111.128084318474876,-8.216637993846643],[111.128089654601098,-8.216637876483313],[111.128095020140989,-8.216637758473057],[111.128100414697002,-8.216637639824617],[111.128105837871743,-8.216637520546731],[111.128111289267707,-8.216637400648152],[111.128116768487359,-8.21663728013761],[111.128122275133279,-8.216637159023854],[111.128127808807932,-8.216637037315625],[111.128133369113854,-8.216636915021663],[111.128138955653611,-8.216636792150712],[111.128144568029654,-8.216636668711514],[111.128150205844534,-8.216636544712816],[111.128155868700773,-8.216636420163351],[111.128161556200865,-8.216636295071867],[111.128167267947347,-8.216636169447106],[111.128173003542699,-8.216636043297809],[111.128178762589528,-8.216635916632722],[111.128184544690271,-8.216635789460579],[111.128190349447479,-8.21663566179013],[111.128196176463675,-8.216635533630114],[111.128202025341352,-8.216635404989278],[111.128207895683033,-8.216635275876353],[111.128213787091283,-8.216635146300092],[111.128219699168568,-8.216635016269237],[111.128225631517424,-8.216634885792523],[111.128231583740344,-8.216634754878697],[111.128237555439895,-8.2166346235365],[111.128243546218584,-8.216634491774675],[111.128249555678906,-8.216634359601967],[111.128255583423382,-8.216634227027113],[111.128261629054535,-8.216634094058856],[111.128267692174873,-8.21663396070594],[111.128273772386933,-8.216633826977111],[111.128279869293252,-8.216633692881103],[111.128285982496308,-8.216633558426665],[111.128292111598626,-8.216633423622534],[111.128298256202726,-8.216633288477455],[111.128304415911145,-8.216633153000172],[111.12831059032635,-8.216633017199426],[111.128316779050948,-8.216632881083957],[111.12832298168739,-8.216632744662508],[111.128329197838212,-8.216632607943826],[111.128335427105924,-8.216632470936647],[111.128341669093061,-8.216632333649716],[111.128347923402117,-8.216632196091775],[111.128354189635644,-8.216632058271568],[111.128360467396135,-8.216631920197834],[111.128366756286113,-8.216631781879318],[111.128373055908099,-8.21663164332476],[111.128379365864632,-8.216631504542905],[111.12838568575819,-8.216631365542492],[111.128392015191309,-8.216631226332266],[111.128398353766528,-8.216631086920968],[111.128404701086311,-8.21663094731734],[111.128411056753237,-8.216630807530123],[111.128417420369786,-8.216630667568063],[111.128423791538509,-8.216630527439902],[111.128430169861886,-8.216630387154378],[111.128436554942454,-8.216630246720234],[111.128442946382719,-8.216630106146216],[111.128449343785206,-8.216629965441062],[111.128455746752451,-8.216629824613518],[111.128462154886947,-8.216629683672323],[111.128468567791231,-8.216629542626224],[111.128474985067811,-8.216629401483958],[111.128481406319224,-8.216629260254271],[111.12848783114795,-8.216629118945901],[111.12849425915654,-8.216628977567595],[111.128500689947501,-8.216628836128093],[111.128507123123356,-8.216628694636139],[111.128513558286642,-8.21662855310047],[111.128519995039809,-8.216628411529836],[111.128526432985495,-8.216628269932974],[111.12853287172608,-8.216628128318625],[111.12853931086417,-8.216627986695539],[111.128545750002246,-8.216627845072448],[111.128552188742844,-8.216627703458101],[111.128558626688488,-8.216627561861237],[111.12856506344167,-8.216627420290603],[111.128571498604941,-8.216627278754936],[111.128577931780796,-8.216627137262979],[111.128584362571758,-8.21662699582348],[111.128590790580347,-8.216626854445174],[111.128597215409087,-8.216626713136804],[111.1286036366605,-8.216626571907117],[111.128610053937081,-8.216626430764851],[111.128616466841379,-8.21662628971875],[111.128622874975889,-8.216626148777557],[111.128629277943134,-8.216626007950014],[111.128635675345635,-8.216625867244861],[111.128642066785886,-8.216625726670843],[111.128648451866468,-8.216625586236699],[111.128654830189845,-8.216625445951177],[111.12866120135854,-8.216625305823012],[111.128667564975103,-8.21662516586095],[111.128673920642015,-8.216625026073736],[111.128680267961812,-8.216624886470107],[111.128686606537002,-8.216624747058811],[111.128692935970136,-8.216624607848583],[111.12869925586368,-8.21662446884817],[111.128705565820212,-8.216624330066313],[111.128711865442199,-8.216624191511755],[111.128718154332162,-8.21662405319324],[111.128724432092667,-8.216623915119506],[111.128730698326194,-8.216623777299299],[111.128736952635279,-8.216623639741357],[111.128743194622388,-8.216623502454427],[111.128749423890127,-8.216623365447248],[111.128755640040936,-8.216623228728565],[111.128761842677378,-8.216623092307119],[111.128768031401961,-8.21662295619165],[111.128774205817194,-8.216622820390903],[111.1287803655256,-8.21662268491362],[111.1287865101297,-8.216622549768545],[111.128792639232046,-8.216622414964412],[111.128798752435088,-8.216622280509974],[111.128804849341378,-8.216622146413966],[111.128810929553438,-8.216622012685136],[111.128816992673805,-8.216621879332219],[111.12882303830493,-8.216621746363964],[111.128829066049406,-8.21662161378911],[111.128835075509741,-8.216621481616398],[111.128841066288402,-8.216621349854574],[111.128847037987939,-8.216621218512376],[111.128852990210902,-8.216621087598552],[111.128858922559743,-8.216620957121838],[111.128864834637028,-8.216620827090981],[111.128870726045264,-8.21662069751472],[111.128876596386945,-8.216620568401801],[111.128882445264651,-8.216620439760959],[111.128888272280818,-8.216620311600945],[111.128894077038055,-8.216620183930496],[111.128899859138798,-8.216620056758357],[111.128905618185613,-8.216619930093266],[111.128911353781007,-8.216619803943969],[111.128917065527503,-8.216619678319208],[111.128922753027581,-8.216619553227726],[111.12892841588382,-8.216619428678262],[111.128934053698686,-8.216619304679561],[111.128939666074729,-8.216619181240363],[111.128945252614443,-8.216619058369414],[111.128950812920394,-8.216618936075452],[111.128956346595061,-8.216618814367223],[111.128961853240952,-8.216618693253466],[111.128967332460633,-8.216618572742924],[111.128972783856554,-8.21661845284434],[111.128978207031281,-8.216618333566457],[111.128983601587336,-8.216618214918016],[111.128988967127214,-8.21661809690776],[111.12899430325345,-8.216617979544431],[111.128999609568524,-8.216617862836772],[111.12900488567503,-8.216617746793524],[111.12901013117542,-8.216617631423428],[111.129015345672229,-8.21661751673523],[111.129020528767995,-8.21661740273767],[111.129025680065212,-8.21661728943949],[111.129030799166415,-8.216617176849432],[111.129035885674099,-8.216617064976239],[111.129040939190801,-8.216616953828655],[111.129045959319043,-8.216616843415419],[111.129050945661319,-8.216616733745276],[111.129055897820209,-8.216616624826965],[111.129060815398148,-8.216616516669232],[111.129065697997689,-8.216616409280817],[111.129070545221381,-8.216616302670463],[111.129075356671692,-8.21661619684691],[111.12908013195117,-8.216616091818905],[111.129084870662354,-8.216615987595187],[111.129089572407693,-8.216615884184497],[111.129094236789783,-8.216615781595584],[111.129098863411087,-8.216615679837179],[111.129103451874144,-8.216615578918034],[111.129108001781475,-8.216615478846887],[111.129112512735588,-8.216615379632481],[111.129116984339021,-8.216615281283559],[111.129121416194266,-8.216615183808862],[111.129125807903861,-8.216615087217132],[111.129130159070328,-8.216614991517115],[111.129134469296162,-8.216614896717548],[111.129138738183897,-8.216614802827177],[111.129142965336058,-8.216614709854742],[111.129147150355138,-8.216614617808986],[111.129151292843687,-8.216614526698651],[111.129155392404186,-8.216614436532481],[111.129159448639186,-8.216614347319215],[111.12916346115118,-8.216614259067599],[111.129167429542704,-8.216614171786372],[111.129171353416297,-8.216614085484279],[111.129175232374422,-8.216614000170059],[111.12917906601966,-8.216613915852458],[111.129182853954489,-8.216613832540215],[111.129186595781405,-8.216613750242075],[111.129190291102972,-8.216613668966778],[111.129193939521699,-8.216613588723069],[111.129197540640121,-8.216613509519686],[111.129201094060676,-8.216613431365376],[111.129204599385972,-8.216613354268878],[111.12920805621853,-8.216613278238935],[111.129211464160775,-8.21661320328429],[111.129214822815314,-8.216613129413684],[111.129218131784626,-8.216613056635859],[111.129221390671233,-8.216612984959561],[111.129224599077645,-8.216612914393528],[111.129227756606426,-8.216612844946503],[111.129230862860041,-8.21661277662723],[111.129233917441027,-8.216612709444449],[111.129236919951907,-8.216612643406906],[111.129239869995217,-8.216612578523339],[111.129242767173437,-8.216612514802494],[111.129245611089075,-8.216612452253107],[111.129248401344739,-8.216612390883929],[111.129251137542838,-8.216612330703697],[111.12925381928595,-8.216612271721154],[111.129256446176583,-8.216612213945039],[111.129259017817247,-8.2166121573841],[111.129261533810478,-8.216612102047076],[111.129263993758755,-8.216612047942712],[111.129266397264658,-8.216611995079747],[111.129268743930652,-8.216611943466924],[111.129271033359259,-8.216611893112988],[111.129273265153046,-8.216611844026678],[111.129275438914476,-8.216611796216737],[111.129277554246102,-8.216611749691909],[111.12927961075043,-8.216611704460934],[111.12928160802997,-8.216611660532555],[111.129283545687244,-8.216611617915513],[111.129285423324774,-8.216611576618554],[111.129287240545082,-8.216611536650417],[111.129288996950706,-8.216611498019844],[111.129290692144096,-8.21661146073558],[111.129292325727846,-8.216611424806365],[111.129293897304436,-8.21661139024094],[111.129295406476373,-8.216611357048054],[111.129296852846224,-8.216611325236441],[111.129298236016453,-8.216611294814847],[111.129299555589611,-8.216611265792013],[111.129300811168207,-8.216611238176684],[111.129302002354763,-8.2166112119776],[111.129303128751786,-8.216611187203505],[111.129304189961815,-8.216611163863139],[111.129305185587356,-8.216611141965243],[111.129306115230904,-8.216611121518564],[111.129306978495009,-8.216611102531841],[111.129307774982209,-8.216611085013817],[111.129308504294983,-8.216611068973236],[111.129309166035824,-8.216611054418836],[111.129309759807327,-8.216611041359359],[111.129310285211943,-8.216611029803557],[111.129310741852208,-8.216611019760162],[111.129311129330688,-8.216611011237919],[111.129311447249833,-8.216611004245571],[111.129311695212195,-8.216610998791859],[111.129311872820296,-8.21661099488553],[111.129311979676658,-8.216610992535319],[111.129312015383746,-8.216610991749974]]]}},
{"type":"Feature","properties":{"id":null},"geometry":{"type":"MultiLineString","coordinates":[[[111.12983573733591,-8.216704463943572],[111.129835755199409,-8.21670447532926],[111.129835808697152,-8.216704509394523],[111.129835897689986,-8.216704566001679],[111.129836022038845,-8.21670464501303],[111.129836181604574,-8.216704746290889],[111.129836376248051,-8.216704869697566],[111.129836605830207,-8.21670501509537],[111.129836870211889,-8.216705182346612],[111.129837169253989,-8.216705371313598],[111.129837502817352,-8.216705581858642],[111.129837870762884,-8.216705813844051],[111.129838272951488,-8.216706067132131],[111.129838709244012,-8.216706341585201],[111.129839179501388,-8.216706637065563],[111.129839683584407,-8.216706953435528],[111.129840221354016,-8.216707290557407],[111.129840792671075,-8.216707648293506],[111.129841397396504,-8.21670802650614],[111.12984203539115,-8.216708425057618],[111.129842706515902,-8.216708843810245],[111.129843410631622,-8.216709282626333],[111.129844147599229,-8.216709741368192],[111.129844917279584,-8.216710219898133],[111.129845719533563,-8.216710718078463],[111.129846554222055,-8.216711235771491],[111.129847421205938,-8.216711772839531],[111.129848320346071,-8.216712329144888],[111.129849251503387,-8.216712904549874],[111.129850214538692,-8.216713498916796],[111.129851209312974,-8.216714112107965],[111.129852235687039,-8.216714743985692],[111.129853293521776,-8.216715394412288],[111.129854382678062,-8.216716063250059],[111.129855503016813,-8.216716750361316],[111.129856654398893,-8.216717455608368],[111.129857836685176,-8.216718178853524],[111.129859049736552,-8.216718919959096],[111.129860293413898,-8.216719678787392],[111.129861567578018,-8.21672045520072],[111.12986287208993,-8.216721249061392],[111.129864206810467,-8.216722060231717],[111.129865571600504,-8.216722888574004],[111.129866966320904,-8.216723733950568],[111.129868390832556,-8.216724596223708],[111.12986984499635,-8.216725475255743],[111.129871328673147,-8.216726370908974],[111.129872841723866,-8.216727283045719],[111.129874384009369,-8.216728211528284],[111.129875955390546,-8.216729156218978],[111.129877555728228,-8.216730116980111],[111.129879184883379,-8.216731093673996],[111.129880842716815,-8.216732086162935],[111.129882529089429,-8.216733094309241],[111.129884243862108,-8.216734117975227],[111.129885986895786,-8.2167351570232],[111.129887758051282,-8.216736211315469],[111.129889557189443,-8.216737280714346],[111.129891384171273,-8.21673836508214],[111.129893238857562,-8.216739464281156],[111.129895121109186,-8.216740578173708],[111.129897030787035,-8.216741706622102],[111.129898967752041,-8.216742849488655],[111.129900931865023,-8.216744006635672],[111.129902922986915,-8.216745177925459],[111.129904940978577,-8.216746363220331],[111.12990698570087,-8.216747562382594],[111.129909057014714,-8.21674877527456],[111.129911154780942,-8.216750001758539],[111.129913278860485,-8.216751241696839],[111.129915429114192,-8.21675249495177],[111.129917605402952,-8.21675376138564],[111.129919807587669,-8.216755040860761],[111.129922035529162,-8.216756333239442],[111.129924289088365,-8.21675763838399],[111.129926568126137,-8.21675895615672],[111.129928872503399,-8.216760286419936],[111.129931202080996,-8.21676162903595],[111.12993355671982,-8.216762983867074],[111.129935936280745,-8.216764350775613],[111.129938340624648,-8.21676572962388],[111.129940769612432,-8.216767120274184],[111.129943223104974,-8.216768522588833],[111.129945700963106,-8.216769936430136],[111.129948203047775,-8.216771361660406],[111.129950729219857,-8.216772798141951],[111.129953279340185,-8.21677424573708],[111.129955853269692,-8.216775704308102],[111.129958450869239,-8.216777173717329],[111.129961071999716,-8.21677865382707],[111.129963716521956,-8.21678014449963],[111.129966384296907,-8.216781645597324],[111.1299690751854,-8.21678315698246],[111.129971789048369,-8.21678467851735],[111.129974525746661,-8.216786210064296],[111.129977285141138,-8.216787751485617],[111.129980067092717,-8.216789302643615],[111.129982871462246,-8.216790863400602],[111.129985698110659,-8.216792433618892],[111.129988546898744,-8.216794013160788],[111.129991417687506,-8.216795601888604],[111.129994310337736,-8.216797199664647],[111.12999722471038,-8.216798806351228],[111.130000160666242,-8.216800421810659],[111.130003118066242,-8.216802045905244],[111.130006096771282,-8.216803678497294],[111.130009096642212,-8.216805319449122],[111.130012117539948,-8.216806968623036],[111.130015159325339,-8.216808625881345],[111.130018221859288,-8.216810291086359],[111.130021305002657,-8.216811964100387],[111.130024408616322,-8.216813644785741],[111.130027532561215,-8.216815333004725],[111.130030676698155,-8.216817028619655],[111.130033840888046,-8.216818731492836],[111.130037024991793,-8.216820441486579],[111.130040228870229,-8.216822158463197],[111.130043452384299,-8.216823882284995],[111.130046695394839,-8.216825612814283],[111.130049957762736,-8.216827349913371],[111.130053239348854,-8.21682909344457],[111.130056540014095,-8.216830843270188],[111.130059859619337,-8.216832599252536],[111.130063198025482,-8.216834361253923],[111.130066555093407,-8.216836129136659],[111.130069930683987,-8.216837902763054],[111.130073324658085,-8.216839681995417],[111.130076736876575,-8.216841466696053],[111.130080167200333,-8.216843256727282],[111.130083615490321,-8.216845051951404],[111.130087081607371,-8.216846852230733],[111.130090565412331,-8.216848657427576],[111.130094066766134,-8.216850467404248],[111.130097585529626,-8.216852282023053],[111.130101121563712,-8.216854101146303],[111.130104674729239,-8.216855924636306],[111.13010824488714,-8.216857752355374],[111.130111831898233,-8.216859584165812],[111.13011543562348,-8.216861419929938],[111.130119055923657,-8.216863259510053],[111.130122692659739,-8.21686510276847],[111.13012634569256,-8.216866949567498],[111.130130014883022,-8.216868799769447],[111.130133700092017,-8.216870653236629],[111.130137401180363,-8.216872509831349],[111.130141118008993,-8.216874369415921],[111.130144850438796,-8.21687623185265],[111.130148598330635,-8.21687809700385],[111.130152361545413,-8.216879964731829],[111.130156139943992,-8.216881834898896],[111.130159933387219,-8.216883707367359],[111.130163741736027,-8.216885581999531],[111.13016756485132,-8.216887458657718],[111.130171402593902,-8.216889337204234],[111.130175254824707,-8.216891217501386],[111.130179121404609,-8.216893099411484],[111.130183002194485,-8.216894982796838],[111.130186897055196,-8.216896867519754],[111.130190805847661,-8.216898753442546],[111.130194728432741,-8.216900640427523],[111.130198664671298,-8.216902528336993],[111.130202614424277,-8.216904417033268],[111.130206577552499,-8.216906306378654],[111.130210553916839,-8.216908196235464],[111.130214543378216,-8.216910086466003],[111.130218545797504,-8.216911976932586],[111.130222561035552,-8.216913867497517],[111.130226588953292,-8.216915758023113],[111.130230629411585,-8.216917648371679],[111.130234682271293,-8.216919538405522],[111.130238747393321,-8.216921427986957],[111.130242824638543,-8.216923316978288],[111.130246913867836,-8.21692520524183],[111.130251014942075,-8.216927092639892],[111.130255127722165,-8.21692897903478],[111.130259252068981,-8.216930864288805],[111.130263387843371,-8.216932748264279],[111.130267534906267,-8.216934630823509],[111.130271693118544,-8.216936511828806],[111.130275862341037,-8.216938391142477],[111.130280042434663,-8.216940268626836],[111.130284233260284,-8.216942144144186],[111.130288434678818,-8.216944017556845],[111.130292646551112,-8.216945888727118],[111.130296868738071,-8.21694775751731],[111.130301101100514,-8.216949623789739],[111.130305343499401,-8.21695148740671],[111.130309595795609,-8.216953348230534],[111.130313857849956,-8.216955206123519],[111.130318129523374,-8.216957060947976],[111.13032241067674,-8.216958912566216],[111.130326701170915,-8.216960760840548],[111.130331000866803,-8.216962605633277],[111.130335309625281,-8.216964446806717],[111.130339627307194,-8.216966284223179],[111.130343953773476,-8.216968117744967],[111.130348288884974,-8.216969947234395],[111.130352632502593,-8.216971772553771],[111.130356984487207,-8.216973593565406],[111.130361344699679,-8.216975410131608],[111.130365713000913,-8.216977222114688],[111.130370089251784,-8.216979029376953],[111.130374473313168,-8.216980831780717],[111.130378865045941,-8.216982629188283],[111.130383264311007,-8.216984421461968],[111.130387670969228,-8.216986208464077],[111.130392084881493,-8.216987990056921],[111.130396505908664,-8.216989766102808],[111.130400933911687,-8.21699153646405],[111.130405368751354,-8.216993301002955],[111.130409810288597,-8.216995059581834],[111.130414258384278,-8.216996812062995],[111.130418712899314,-8.216998558308747],[111.130423173694552,-8.217000298181402],[111.13042764063087,-8.217002031543268],[111.130432113569157,-8.217003758256656],[111.13043659237033,-8.217005478183872],[111.130441076895238,-8.21700719118723],[111.130445567004756,-8.217008897129038],[111.13045006255976,-8.217010595871603],[111.130454563421154,-8.217012287277241],[111.130459069449813,-8.217013971208253],[111.130463580506614,-8.217015647526956],[111.130468096452432,-8.217017316095657],[111.130472617148172,-8.217018976776664],[111.130477142454708,-8.217020629432287],[111.130481672232889,-8.217022273924838],[111.130486206343647,-8.217023910116625],[111.130490744647815,-8.217025537869956],[111.130495287006283,-8.217027157047143],[111.130499833279998,-8.217028767510493],[111.130504383329736,-8.217030369122323],[111.130508937016458,-8.217031961744931],[111.13051349420104,-8.217033545240636],[111.1305180547443,-8.217035119471742],[111.130522618507172,-8.217036684300561],[111.130527185350559,-8.217038239589403],[111.13053175513528,-8.217039785200578],[111.13053632772224,-8.217041320996392],[111.130540902972371,-8.217042846839158],[111.130545480746491,-8.217044362591185],[111.130550060905506,-8.217045868114781],[111.130554643310248,-8.217047363272261],[111.130559227821692,-8.217048847925927],[111.130563814300672,-8.217050321938091],[111.130568402608048,-8.217051785171066],[111.130572992604712,-8.217053237487157],[111.130577584151567,-8.217054678748678],[111.130582177109488,-8.217056108817932],[111.130586771339352,-8.217057527557238],[111.130591366702049,-8.217058934828898],[111.130595963058425,-8.217060330495222],[111.130600560269357,-8.217061714418527],[111.13060515819582,-8.217063086461113],[111.130609756698618,-8.217064446485296],[111.130614355638642,-8.217065794353383],[111.130618954876766,-8.217067129927683],[111.130623554273882,-8.217068453070507],[111.130628153690878,-8.217069763644163],[111.130632752988618,-8.217071061510964],[111.130637352028018,-8.217072346533216],[111.130641950669911,-8.217073618573231],[111.130646548775218,-8.217074877493317],[111.130651146204826,-8.217076123155783],[111.130655742819556,-8.217077355422941],[111.13066033848034,-8.2170785741571],[111.130664933048081,-8.217079779220567],[111.130669526383599,-8.217080970475656],[111.130674118347798,-8.217082147784671],[111.130678708801582,-8.217083311009926],[111.130683297605813,-8.21708446001373],[111.130687884621381,-8.217085594658391],[111.130692469709174,-8.21708671480622],[111.130697052730042,-8.217087820319524],[111.130701633544888,-8.217088911060618],[111.130706212014587,-8.217089986891805],[111.130710788000044,-8.2170910476754],[111.130715361362121,-8.217092093273706],[111.130719931961664,-8.217093123549041],[111.130724499659635,-8.217094138363709],[111.130729064316824,-8.217095137580024],[111.130733625794207,-8.21709612106029],[111.130738183952602,-8.217097088666819],[111.130742738652899,-8.217098040261922],[111.130747289755988,-8.217098975707906],[111.130751837122745,-8.217099894867085],[111.130756380614045,-8.217100797601763],[111.130760920090808,-8.217101683774253],[111.130765455413865,-8.217102553246862],[111.130769986444122,-8.217103405881904],[111.130774513042468,-8.217104241541684],[111.130779035069764,-8.217105060088516],[111.130783552386902,-8.217105861384706],[111.130788064854769,-8.217106645292562],[111.130792572334244,-8.217107411674398],[111.130797074686186,-8.217108160392524],[111.130801571771499,-8.217108891309246],[111.130806063451089,-8.217109604286875],[111.13081054958576,-8.217110299187718],[111.130815030036473,-8.217110975874091],[111.130819504664089,-8.217111634208299],[111.130823973329441,-8.217112274052653],[111.130828435893477,-8.217112895269461],[111.130832892217057,-8.217113497721034],[111.13083734216103,-8.217114081269679],[111.130841785586298,-8.217114645777709],[111.130846222353767,-8.217115191107435],[111.130850652324284,-8.217115717121162],[111.130855075358767,-8.217116223681201],[111.130859491318063,-8.217116710649861],[111.130863900063062,-8.217117177889454],[111.130868301454655,-8.217117625262288],[111.130872695353702,-8.217118052630674],[111.130877081621108,-8.217118459856918],[111.130881460117763,-8.217118846803334],[111.1308858307045,-8.217119213332229],[111.130890193242266,-8.217119559305914],[111.130894547591879,-8.217119884586699],[111.130898893614273,-8.217120189036887],[111.130903231170279,-8.217120472518797],[111.130907560120818,-8.217120734894735],[111.130911880326764,-8.21712097602701],[111.130916191648978,-8.21712119577793],[111.130920493948366,-8.217121394009807],[111.130924787085803,-8.217121570584951],[111.13092907092215,-8.21712172536567],[111.130933345318326,-8.217121858214274],[111.130937610135206,-8.217121968993071],[111.130941865233623,-8.217122057564374],[111.130946110474483,-8.217122123790489],[111.13095034571873,-8.217122167533731],[111.130954570827157,-8.217122188656404],[111.130958785660695,-8.217122187020816],[111.130962990080192,-8.217122162489284],[111.130967183946538,-8.217122114924114],[111.130971367120679,-8.217122044187615],[111.130975539463407,-8.217121950142097],[111.130979700835624,-8.21712183264987],[111.13098385109825,-8.21712169157324],[111.130987990112146,-8.217121526774521],[111.130992117738174,-8.217121338116023],[111.130996233837223,-8.217121125460054],[111.131000338270212,-8.217120888668923],[111.131004430897974,-8.21712062760494],[111.131008511581413,-8.217120342130411],[111.131012580181405,-8.217120032107653],[111.13101663655884,-8.217119697398971],[111.131020680574579,-8.217119337866675],[111.131024712089541,-8.217118953373076],[111.131028730964573,-8.217118543780481],[111.131032737060551,-8.217118108951203],[111.131036730238364,-8.217117648747548],[111.131040710358945,-8.217117163031828],[111.131044677283086,-8.217116651666354],[111.131048630871732,-8.217116114513431],[111.131052570985759,-8.21711555143537],[111.131056497486028,-8.217114962294481],[111.131060410233445,-8.217114346953078],[111.131064309088842,-8.217113705273466],[111.131068193913151,-8.217113037117956],[111.131072064567235,-8.217112342348855]]]}},
{"type":"Feature","properties":{"id":null},"geometry":{"type":"MultiLineString","coordinates":[[[111.131312461528879,-8.21704436264376],[111.131312477794353,-8.21704435497535],[111.131312526465635,-8.217044331981773],[111.131312607354999,-8.217044293680518],[111.131312720274778,-8.217044240089068],[111.131312865037287,-8.217044171224902],[111.131313041454732,-8.217044087105505],[111.131313249339513,-8.217043987748374],[111.13131348850392,-8.217043873170981],[111.131313758760257,-8.217043743390812],[111.131314059920754,-8.217043598425356],[111.131314391797787,-8.217043438292093],[111.131314754203586,-8.217043263008511],[111.131315146950541,-8.217043072592093],[111.131315569850898,-8.217042867060321],[111.131316022716931,-8.217042646430682],[111.131316505360999,-8.217042410720662],[111.131317017595336,-8.217042159947738],[111.131317559232286,-8.217041894129405],[111.131318130084196,-8.217041613283142],[111.131318729963255,-8.21704131742643],[111.131319358681878,-8.217041006576759],[111.131320016052271,-8.217040680751612],[111.131320701886793,-8.217040339968474],[111.131321415997718,-8.217039984244828],[111.131322158197335,-8.217039613598157],[111.131322928298005,-8.217039228045946],[111.131323726111972,-8.217038827605684],[111.131324551451527,-8.217038412294851],[111.131325404129001,-8.217037982130929],[111.131326283956682,-8.217037537131409],[111.131327190746873,-8.217037077313773],[111.131328124311906,-8.217036602695504],[111.131329084464028,-8.217036113294085],[111.131330071015583,-8.217035609127008],[111.131331083778861,-8.217035090211748],[111.131332122566107,-8.217034556565794],[111.131333187189682,-8.21703400820663],[111.131334277461875,-8.217033445151744],[111.131335393194945,-8.217032867418609],[111.131336534201296,-8.217032275024723],[111.13133770029313,-8.217031667987563],[111.13133889128278,-8.217031046324614],[111.131340106982563,-8.217030410053365],[111.131341347204753,-8.217029759191293],[111.131342611761653,-8.217029093755889],[111.131343900465552,-8.217028413764634],[111.13134521312881,-8.217027719235013],[111.131346549563673,-8.217027010184507],[111.131347909582416,-8.21702628663061],[111.131349292997427,-8.217025548590797],[111.131350699620924,-8.217024796082557],[111.131352129265238,-8.217024029123372],[111.131353581742673,-8.217023247730728],[111.131355056865502,-8.217022451922109],[111.131356554446086,-8.217021641715002],[111.131358074296699,-8.217020817126887],[111.131359616229602,-8.217019978175252],[111.131361180057141,-8.217019124877579],[111.131362765591604,-8.217018257251354],[111.131364372645265,-8.217017375314057],[111.131366001030443,-8.217016479083178],[111.13136765055944,-8.217015568576201],[111.131369321044588,-8.217014643810609],[111.131371012298175,-8.217013704803886],[111.131372724132419,-8.217012751573519],[111.131374456359751,-8.217011784136988],[111.131376208792375,-8.21701080251178],[111.131377981242608,-8.217009806715378],[111.131379773522809,-8.217008796765269],[111.131381585445183,-8.217007772678937],[111.131383416822104,-8.217006734473863],[111.131385267465859,-8.217005682167535],[111.131387137188696,-8.217004615777435],[111.131389025803017,-8.217003535321052],[111.131390933120997,-8.217002440815863],[111.131392858955039,-8.217001332279358],[111.131394803117388,-8.217000209729022],[111.131396765420376,-8.216999073182336],[111.131398745676279,-8.216997922656786],[111.131400743697441,-8.216996758169856],[111.131402759296108,-8.216995579739033],[111.131404792284613,-8.216994387381796],[111.131406842475172,-8.21699318111563],[111.131408909680232,-8.216991960958028],[111.131410993712009,-8.216990726926465],[111.131413094382822,-8.21698947903843],[111.131415211504958,-8.216988217311407],[111.131417344890707,-8.21698694176288],[111.131419494352386,-8.216985652410331],[111.131421659702312,-8.216984349271247],[111.131423840752731,-8.216983032363114],[111.131426037316004,-8.216981701703411],[111.131428249204447,-8.21698035730963],[111.13143047623025,-8.216978999199249],[111.131432718205843,-8.216977627389754],[111.131434974943417,-8.216976241898632],[111.131437246255359,-8.216974842743364],[111.131439531953902,-8.216973429941437],[111.131441831851362,-8.216972003510332],[111.131444145760085,-8.216970563467539],[111.131446473492332,-8.216969109830536],[111.13144881486042,-8.216967642616812],[111.131451169676637,-8.216966161843851],[111.131453537753274,-8.216964667529137],[111.131455918902645,-8.216963159690152],[111.131458312937042,-8.216961638344385],[111.13146071966878,-8.216960103509315],[111.131463138910163,-8.216958555202432],[111.131465570473495,-8.216956993441215],[111.131468014171048,-8.216955418243154],[111.131470469815142,-8.21695382962573],[111.131472937218049,-8.216952227606427],[111.131475416192131,-8.21695061220273],[111.131477906549605,-8.216948983432124],[111.131480408102831,-8.216947341312093],[111.131482920664126,-8.216945685860123],[111.131485444045694,-8.216944017093697],[111.131487978059965,-8.216942335030298],[111.13149052251913,-8.216940639687413],[111.131493077235518,-8.216938931082524],[111.131495642021463,-8.216937209233118],[111.131498216689252,-8.216935474156678],[111.131500801051175,-8.216933725870689],[111.131503394919548,-8.216931964392634],[111.131505998106633,-8.216930189740001],[111.131508610424774,-8.21692840193027],[111.131511231686247,-8.216926600980926],[111.13151386170334,-8.216924786909459],[111.131516500288413,-8.216922959733346],[111.131519147253726,-8.216921119470074],[111.131521802411555,-8.216919266137129],[111.13152446557423,-8.216917399751996],[111.13152713655407,-8.216915520332158],[111.131529815163333,-8.216913627895098],[111.131532501214338,-8.216911722458303],[111.131535194519387,-8.216909804039254],[111.131537894890783,-8.216907872655439],[111.131540602140817,-8.216905928324344],[111.131543316081803,-8.216903971063447],[111.131546036526004,-8.216902000890236],[111.131548763285764,-8.216900017822196],[111.131551496173358,-8.21689802187681],[111.131554235001104,-8.216896013071565],[111.131556979581291,-8.216893991423941],[111.131559729726234,-8.216891956951427],[111.13156248524821,-8.216889909671504],[111.131565245959536,-8.216887849601658],[111.131568011672513,-8.216885776759376],[111.131570782199418,-8.216883691162138],[111.131573557352567,-8.216881592827429],[111.131576336944278,-8.216879481772736],[111.131579120786824,-8.216877358015543],[111.131581908692539,-8.216875221573332],[111.131584700473695,-8.216873072463592],[111.131587495942597,-8.216870910703802],[111.131590294911547,-8.216868736311447],[111.131593097192848,-8.216866549304015],[111.131595902598775,-8.216864349698991],[111.13159871094166,-8.216862137513852],[111.131601522033804,-8.21685991276609],[111.131604335687513,-8.216857675473189],[111.131607151715059,-8.21685542565263],[111.131609969928732,-8.216853163321897],[111.131612790140878,-8.216850888498479],[111.13161561216377,-8.216848601199853],[111.131618435809685,-8.216846301443512],[111.131621260890967,-8.216843989246936],[111.131624087219905,-8.216841664627609],[111.131626914608802,-8.216839327603017],[111.131629742869933,-8.216836978190644],[111.131632571815629,-8.216834616407972],[111.131635401258166,-8.216832242272488],[111.131638231009845,-8.216829855801677],[111.131641060882998,-8.216827457013023],[111.131643890689901,-8.21682504592401],[111.131646720242841,-8.216822622552122],[111.131649549354165,-8.216820186914845],[111.131652377836161,-8.216817739029661],[111.131655205501062,-8.216815278914057],[111.131658032161241,-8.216812806585512],[111.131660857628972,-8.216810322061516],[111.13166368171656,-8.216807825359556],[111.131666504236293,-8.216805316497108],[111.131669325000502,-8.216802795491663],[111.131672143821419,-8.216800262360701],[111.131674960511447,-8.216797717121711],[111.131677774882803,-8.216795159792175],[111.131680586747819,-8.216792590389577],[111.131683395918799,-8.216790008931399],[111.131686202208016,-8.216787415435132],[111.13168900542783,-8.216784809918254],[111.131691805390489,-8.216782192398254],[111.131694601908265,-8.216779562892615],[111.131697394793548,-8.21677692141882],[111.13170018385857,-8.216774267994355],[111.131702968915647,-8.216771602636701],[111.131705749777083,-8.216768925363349],[111.131708526255196,-8.216766236191779],[111.131711298162259,-8.216763535139474],[111.131714065310575,-8.216760822223922],[111.131716827512463,-8.216758097462606],[111.131719584580196,-8.216755360873012],[111.131722336326106,-8.216752612472622],[111.131725082562468,-8.216749852278923],[111.131727823101613,-8.216747080309393],[111.131730557755787,-8.216744296581524],[111.131733286337351,-8.216741501112796],[111.131736008658564,-8.216738693920698],[111.131738724531743,-8.21673587502271],[111.131741433769179,-8.216733044436317],[111.131744136183187,-8.216730202179004],[111.131746831586042,-8.216727348268257],[111.131749519790077,-8.21672448272156],[111.131752200607565,-8.216721605556396],[111.131754873850809,-8.216718716790249],[111.131757539332156,-8.216715816440605],[111.131760196863837,-8.216712904524947],[111.131762846258198,-8.21670998106076],[111.131765487327527,-8.21670704606553],[111.1317681198841,-8.21670409955674],[111.131770743740248,-8.216701141551876],[111.131773358708273,-8.216698172068417],[111.13177596460045,-8.216695191123854],[111.131778561229112,-8.216692198735668],[111.131781148406532,-8.216689194921347],[111.131783725945013,-8.216686179698369],[111.131786293656859,-8.216683153084224],[111.131788851354386,-8.216680115096393],[111.131791398849884,-8.216677065752366],[111.131793935955642,-8.216674005069621],[111.131796462483976,-8.216670933065643],[111.131798978247161,-8.21666784975792],[111.131801483057544,-8.216664755163936],[111.131803976727369,-8.216661649301173],[111.131806459068997,-8.216658532187115],[111.13180892989466,-8.216655403839251],[111.131811389016718,-8.216652264275059],[111.131813836247431,-8.21664911351203],[111.131816271399131,-8.216645951567642],[111.131818694284078,-8.216642778459384],[111.131821104714618,-8.216639594204741],[111.131823502503039,-8.216636398821194],[111.131825887461616,-8.216633192326229],[111.131828259402681,-8.21662997473733],[111.13183061813848,-8.216626746071981],[111.131832963481401,-8.216623506347672],[111.131835295243661,-8.216620255581876],[111.131837613237622,-8.216616993792089],[111.131839917275499,-8.21661372099579],[111.131842207169711,-8.216610437210463],[111.13184448273249,-8.216607142453592],[111.131846743776123,-8.216603836742665],[111.131848990112957,-8.216600520095161],[111.131851221555252,-8.216597192528571],[111.131853437915325,-8.216593854060378],[111.131855639005465,-8.21659050470806],[111.13185782463799,-8.216587144489107],[111.131859994625188,-8.216583773421004],[111.131862148779391,-8.216580391521232],[111.131864286912815,-8.216576998807277],[111.13186640883788,-8.216573595296627],[111.131868514366772,-8.216570181006759],[111.131870603311853,-8.216566755955165],[111.131872675485425,-8.216563320159326],[111.131874730699764,-8.216559873636724],[111.131876768767199,-8.216556416404845],[111.131878789499993,-8.216552948481176],[111.131880792710476,-8.2165494698832],[111.131882778210951,-8.2165459806284],[111.131884745813679,-8.216542480734264],[111.131886695331019,-8.21653897021827],[111.131888626575218,-8.216535449097911],[111.131890539358594,-8.216531917390663],[111.131892433493476,-8.216528375114015],[111.131894308792113,-8.21652482228545],[111.131896165066848,-8.216521258922457],[111.131898002129958,-8.216517685042511],[111.131899819793759,-8.216514100663105],[111.13190161787054,-8.216510505801722],[111.131903396172603,-8.216506900475844],[111.131905154512239,-8.216503284702954],[111.131906892701778,-8.216499658500538],[111.131908610553467,-8.216496021886083],[111.131910307879664,-8.21649237487707],[111.131911984492646,-8.216488717490988],[111.131913640204715,-8.216485049745316],[111.13191527482816,-8.21648137165754],[111.131916888175297,-8.216477683245149],[111.131918480058417,-8.216473984525621],[111.131920050289821,-8.216470275516443],[111.131921598681814,-8.216466556235099],[111.131923125046697,-8.216462826699075],[111.13192462919676,-8.216459086925855],[111.131926110944306,-8.216455336932921],[111.131927570101652,-8.216451576737761],[111.131929006481073,-8.216447806357857],[111.1319304198949,-8.216444025810693],[111.131931810155407,-8.216440235113756],[111.131933177074885,-8.216436434284528],[111.131934520465677,-8.216432623340495],[111.131935840140045,-8.21642880229914],[111.131937135910306,-8.216424971177949],[111.131938407588748,-8.216421129994405],[111.13193965498769,-8.216417278765993],[111.131940877919419,-8.216413417510196],[111.131942076196225,-8.216409546244503],[111.131943249630453,-8.216405664986395],[111.131944398034335,-8.216401773753356],[111.131945521220246,-8.216397872562871],[111.131946619000402,-8.216393961432424],[111.131947691187193,-8.216390040379499],[111.131948737592865,-8.216386109421585],[111.13194975802972,-8.21638216857616],[111.131950752310075,-8.216378217860711],[111.131951720246221,-8.216374257292724],[111.131952661650473,-8.216370286889683],[111.131953576335107,-8.216366306669071],[111.131954464112411,-8.216362316648375],[111.131955324794745,-8.216358316845076],[111.131956158194356,-8.216354307276658],[111.131956964123574,-8.216350287960609],[111.131957742394661,-8.216346258914411],[111.131958492819962,-8.21634222015555],[111.131959215211765,-8.216338171701508],[111.131959909382346,-8.216334113569774],[111.131960575144035,-8.216330045777827],[111.131961212309108,-8.216325968343153],[111.131961820689909,-8.216321881283241],[111.131962400098672,-8.216317784615571],[111.131962950347742,-8.216313678357624],[111.131963471249406,-8.216309562526892],[111.131963962615998,-8.216305437140855],[111.131964424259763,-8.216301302217],[111.131964855993047,-8.216297157772811],[111.131965257628082,-8.216293003825767],[111.131965628977255,-8.216288840393359],[111.1319659698528,-8.216284667493071],[111.131966280067076,-8.216280485142383],[111.131966559432357,-8.216276293358781],[111.13196680776089,-8.216272092159754],[111.131967024865077,-8.216267881562779],[111.131967210557136,-8.216263661585346],[111.131967364649398,-8.216259432244938],[111.131967486954181,-8.216255193559041],[111.131967577283746,-8.216250945545136],[111.131967635450408,-8.216246688220707],[111.131967661266472,-8.216242421603242],[111.131967654544241,-8.216238145710227],[111.13196761509603,-8.216233860559139],[111.131967542734088,-8.216229566167469],[111.131967437270788,-8.216225262552697],[111.13196729851839,-8.216220949732312],[111.131967126289169,-8.216216627723796],[111.13196692039547,-8.216212296544629],[111.131966680649569,-8.216207956212305],[111.131966406863768,-8.216203606744301],[111.13196609885037,-8.216199248158105],[111.131965756421693,-8.216194880471198],[111.131965379389996,-8.216190503701071],[111.131964967567626,-8.216186117865199]]]}},
{"type":"Feature","properties":{"id":null},"geometry":{"type":"MultiLineString","coordinates":[[[111.131853354692609,-8.215854715919267],[111.131853359056819,-8.215854679989548],[111.13185337211705,-8.215854572467029],[111.131853393824684,-8.215854393751671],[111.131853424131208,-8.215854144243437],[111.131853462988005,-8.215853824342274],[111.131853510346446,-8.215853434448153],[111.131853566158028,-8.215852974961036],[111.131853630374167,-8.215852446280877],[111.131853702946245,-8.215851848807635],[111.13185378382569,-8.215851182941275],[111.131853872963887,-8.215850449081753],[111.131853970312335,-8.215849647629028],[111.131854075822403,-8.215848778983062],[111.131854189445534,-8.215847843543813],[111.131854311133068,-8.215846841711244],[111.13185444083652,-8.215845773885309],[111.13185457850723,-8.215844640465972],[111.131854724096726,-8.215843441853195],[111.131854877556336,-8.215842178446932],[111.131855038837486,-8.215840850647147],[111.131855207891633,-8.2158394588538],[111.131855384670175,-8.215838003466846],[111.131855569124525,-8.215836484886248],[111.131855761206097,-8.215834903511968],[111.131855960866361,-8.215833259743963],[111.131856168056643,-8.215831553982191],[111.131856382728472,-8.215829786626617],[111.13185660483316,-8.215827958077197],[111.131856834322164,-8.21582606873389],[111.131857071146939,-8.215824118996657],[111.131857315258898,-8.21582210926546],[111.131857566609426,-8.215820039940255],[111.131857825149936,-8.215817911421006],[111.131858090831926,-8.215815724107669],[111.13185836360671,-8.215813478400205],[111.131858643425787,-8.215811174698576],[111.131858930240497,-8.215808813402738],[111.131859224002326,-8.215806394912653],[111.131859524662644,-8.215803919628279],[111.131859832172964,-8.215801387949577],[111.131860146484584,-8.215798800276508],[111.131860467548989,-8.215796157009031],[111.131860795317607,-8.215793458547104],[111.131861129741822,-8.215790705290688],[111.131861470773075,-8.215787897639746],[111.131861818362751,-8.215785035994232],[111.13186217246232,-8.21578212075411],[111.131862533023167,-8.215779152319335],[111.131862899996747,-8.215776131089873],[111.131863273334417,-8.215773057465682],[111.131863652987633,-8.215769931846717],[111.131864038907821,-8.215766754632943],[111.131864431046353,-8.215763526224316],[111.131864829354726,-8.2157602470208],[111.131865233784296,-8.215756917422354],[111.131865644286535,-8.215753537828935],[111.131866060812811,-8.215750108640503],[111.131866483314568,-8.215746630257021],[111.131866911743202,-8.215743103078445],[111.131867346050171,-8.215739527504738],[111.131867786186831,-8.215735903935858],[111.131868232104694,-8.215732232771764],[111.131868683755101,-8.215728514412415],[111.13186914108951,-8.215724749257776],[111.131869604059318,-8.215720937707802],[111.131870072615968,-8.215717080162454],[111.131870546710843,-8.215713177021694],[111.1318710262954,-8.21570922868548],[111.131871511321037,-8.215705235553768],[111.131872001739183,-8.215701198026524],[111.131872497501234,-8.215697116503703],[111.131872998558634,-8.215692991385268],[111.131873504862781,-8.215688823071178],[111.131874016365117,-8.21568461196139],[111.13187453301704,-8.215680358455867],[111.131875054769992,-8.215676062954568],[111.131875581575343,-8.215671725857455],[111.131876113384592,-8.215667347564482],[111.131876650149096,-8.215662928475613],[111.131877191820294,-8.21565846899081],[111.131877738349601,-8.215653969510027],[111.131878289688444,-8.215649430433228],[111.131878845788194,-8.215644852160366],[111.131879406600362,-8.215640235091412],[111.131879972076291,-8.215635579626317],[111.131880542167437,-8.215630886165046],[111.131881116825213,-8.215626155107554],[111.131881696001031,-8.215621386853805],[111.131882279646291,-8.215616581803758],[111.131882867712449,-8.215611740357367],[111.131883460150888,-8.2156068629146],[111.131884056913066,-8.215601949875413],[111.131884657950394,-8.215597001639766],[111.131885263214258,-8.215592018607618],[111.131885872656085,-8.215587001178932],[111.13188648622733,-8.215581949753663],[111.13188710387935,-8.215576864731773],[111.131887725563615,-8.215571746513222],[111.131888351231538,-8.215566595497968],[111.131888980834532,-8.215561412085973],[111.13188961432401,-8.215556196677198],[111.131890251651384,-8.2155509496716],[111.131890892768112,-8.21554567146914],[111.131891537625592,-8.215540362469779],[111.131892186175179,-8.215535023073471],[111.131892838368401,-8.215529653680182],[111.131893494156586,-8.215524254689871],[111.131894153491231,-8.215518826502498],[111.131894816323666,-8.215513369518018],[111.131895482605429,-8.215507884136397],[111.131896152287837,-8.215502370757592],[111.131896825322315,-8.215496829781561],[111.131897501660362,-8.215491261608266],[111.131898181253305,-8.215485666637665],[111.131898864052602,-8.215480045269722],[111.131899550009692,-8.215474397904391],[111.131900239075975,-8.215468724941635],[111.131900931202807,-8.215463026781414],[111.131901626341715,-8.215457303823687],[111.13190232444407,-8.215451556468414],[111.13190302546127,-8.215445785115554],[111.131903729344771,-8.215439990165066],[111.131904436045986,-8.215434172016915],[111.131905145516285,-8.215428331071054],[111.131905857707167,-8.215422467727445],[111.131906572570003,-8.215416582386052],[111.131907290056176,-8.215410675446828],[111.131908010117201,-8.215404747309737],[111.131908732704403,-8.215398798374739],[111.131909457769254,-8.215392829041791],[111.131910185263195,-8.215386839710854],[111.131910915137581,-8.215380830781891],[111.13191164734387,-8.215374802654857],[111.131912381833459,-8.215368755729715],[111.131913118557804,-8.215362690406423],[111.131913857468277,-8.21535660708494],[111.131914598516303,-8.215350506165226],[111.131915341653368,-8.215344388047246],[111.131916086830813,-8.215338253130954],[111.131916834000066,-8.215332101816308],[111.131917583112568,-8.215325934503275],[111.131918334119717,-8.215319751591808],[111.131919086972999,-8.215313553481872],[111.131919841623727,-8.215307340573421],[111.131920598023385,-8.21530111326642],[111.131921356123399,-8.215294871960827],[111.131922115875156,-8.215288617056602],[111.13192287723011,-8.215282348953707],[111.131923640139647,-8.215276068052097],[111.131924404555207,-8.215269774751732],[111.131925170428161,-8.215263469452577],[111.131925937710008,-8.215257152554587],[111.131926706352118,-8.215250824457723],[111.131927476305918,-8.215244485561946],[111.131928247522836,-8.215238136267216],[111.131929019954271,-8.215231776973489],[111.131929793551649,-8.21522540808073],[111.131930568266398,-8.215219029988896],[111.131931344049946,-8.215212643097946],[111.131932120853662,-8.215206247807842],[111.131932898629046,-8.215199844518541],[111.131933677327424,-8.215193433630006],[111.131934456900296,-8.215187015542192],[111.131935237299032,-8.215180590655065],[111.131936018475045,-8.21517415936858],[111.13193680037979,-8.215167722082697],[111.131937582964696,-8.21516127919738],[111.131938366181117,-8.215154831112585],[111.131939149980525,-8.215148378228271],[111.131939934314346,-8.215141920944401],[111.131940719133951,-8.215135459660935],[111.131941504390781,-8.215128994777826],[111.131942290036264,-8.215122526695044],[111.131943076021841,-8.215116055812542],[111.131943862298868,-8.215109582530282],[111.131944648818831,-8.215103107248222],[111.131945435533112,-8.215096630366322],[111.131946222393168,-8.215090152284546],[111.131947009350341,-8.215083673402848],[111.131947796356116,-8.215077194121191],[111.131948583361876,-8.215070714839534],[111.131949370319063,-8.215064235957836],[111.131950157179091,-8.215057757876059],[111.131950943893358,-8.215051280994158],[111.13195173041332,-8.2150448057121],[111.131952516690362,-8.21503833242984],[111.131953302675925,-8.215031861547338],[111.131954088321422,-8.215025393464552],[111.131954873578266,-8.215018928581449],[111.131955658397885,-8.215012467297981],[111.131956442731678,-8.215006010014111],[111.1319572265311,-8.214999557129797],[111.131958009747549,-8.214993109045002],[111.131958792332426,-8.214986666159685],[111.131959574237186,-8.214980228873804],[111.131960355413213,-8.214973797587319],[111.131961135811935,-8.21496737270019],[111.131961915384807,-8.214960954612378],[111.131962694083199,-8.214954543723842],[111.131963471858555,-8.214948140434542],[111.131964248662285,-8.214941745144438],[111.131965024445833,-8.214935358253488],[111.131965799160554,-8.214928980161652],[111.131966572757946,-8.214922611268891],[111.131967345189381,-8.214916251975167],[111.131968116406284,-8.214909902680436],[111.131968886360085,-8.214903563784658],[111.131969655002194,-8.214897235687795],[111.131970422284041,-8.214890918789806],[111.131971188157024,-8.214884613490648],[111.131971952572584,-8.214878320190286],[111.131972715482107,-8.214872039288675],[111.131973476837061,-8.21486577118578],[111.131974236588832,-8.214859516281555],[111.131974994688846,-8.214853274975962],[111.131975751088504,-8.214847047668961],[111.13197650573926,-8.214840834760512],[111.131977258592499,-8.214834636650574],[111.131978009599692,-8.214828453739109],[111.131978758712179,-8.214822286426074],[111.131979505881446,-8.21481613511143],[111.131980251058877,-8.214810000195138],[111.131980994195899,-8.214803882077156],[111.131981735243954,-8.214797781157444],[111.131982474154427,-8.21479169783596],[111.131983210878758,-8.214785632512669],[111.131983945368347,-8.214779585587525],[111.131984677574621,-8.214773557460489],[111.131985407449022,-8.214767548531526],[111.13198613494292,-8.214761559200591],[111.1319868600078,-8.214755589867643],[111.131987582595002,-8.214749640932643],[111.131988302656012,-8.214743712795553],[111.131989020142228,-8.214737805856331],[111.131989735005064,-8.214731920514936],[111.131990447195918,-8.214726057171328],[111.13199115666626,-8.214720216225468],[111.13199186336746,-8.214714398077314],[111.131992567250947,-8.214708603126828],[111.131993268268161,-8.21470283177397],[111.131993966370516,-8.214697084418695],[111.131994661509424,-8.21469136146097],[111.131995353636285,-8.214685663300747],[111.131996042702553,-8.214679990337991],[111.131996728659601,-8.214674342972661],[111.131997411458912,-8.214668721604717],[111.131998091051869,-8.214663126634116],[111.131998767389874,-8.214657558460821],[111.13199944042438,-8.214652017484791],[111.132000110106787,-8.214646504105984],[111.132000776388509,-8.214641018724363],[111.132001439220986,-8.214635561739883],[111.132002098555589,-8.214630133552507],[111.132002754343802,-8.214624734562197],[111.132003406537009,-8.214619365168909],[111.132004055086639,-8.214614025772603],[111.13200469994409,-8.214608716773242],[111.132005341060818,-8.214603438570782],[111.132005978388193,-8.214598191565184],[111.132006611877685,-8.214592976156409],[111.132007241480679,-8.214587792744416],[111.132007867148587,-8.214582641729162],[111.132008488832867,-8.214577523510611],[111.132009106484915,-8.214572438488721],[111.132009720056161,-8.214567387063452],[111.132010329497987,-8.214562369634764],[111.132010934761837,-8.214557386602618],[111.132011535799151,-8.214552438366969],[111.132012132561314,-8.214547525327781],[111.132012724999768,-8.214542647885015],[111.132013313065912,-8.214537806438624],[111.132013896711172,-8.214533001388578],[111.13201447588699,-8.214528233134825],[111.132015050544751,-8.214523502077336],[111.132015620635897,-8.214518808616063],[111.132016186111855,-8.21451415315097],[111.132016746923981,-8.214509536082014],[111.132017303023773,-8.214504957809154],[111.132017854362616,-8.214500418732355],[111.132018400891923,-8.214495919251572],[111.132018942563107,-8.214491459766768],[111.132019479327639,-8.214487040677898],[111.132020011136845,-8.214482662384928],[111.132020537942253,-8.214478325287814],[111.132021059695177,-8.214474029786514],[111.1320215763471,-8.214469776280993],[111.13202208784945,-8.214465565171206],[111.132022594153611,-8.214461396857114],[111.132023095211011,-8.214457271738679],[111.132023590973048,-8.21445319021586],[111.132024081391194,-8.214449152688614],[111.132024566416817,-8.214445159556904],[111.132025046001374,-8.214441211220688],[111.132025520096249,-8.214437308079926],[111.132025988652899,-8.214433450534578],[111.132026451622707,-8.214429638984605],[111.132026908957101,-8.214425873829965],[111.132027360607509,-8.214422155470618],[111.132027806525358,-8.214418484306524],[111.132028246662045,-8.214414860737644],[111.132028680969015,-8.214411285163937],[111.132029109397678,-8.214407757985361],[111.13202953189942,-8.214404279601879],[111.132029948425696,-8.214400850413448],[111.132030358927906,-8.214397470820028],[111.132030763357491,-8.214394141221581],[111.132031161665864,-8.214390862018066],[111.132031553804424,-8.214387633609439],[111.132031939724612,-8.214384456395665],[111.132032319377842,-8.214381330776702],[111.132032692715498,-8.214378257152511],[111.13203305968905,-8.214375235923047],[111.132033420249897,-8.214372267488274],[111.132033774349466,-8.21436935224815],[111.132034121939157,-8.214366490602636],[111.132034462970381,-8.214363682951694],[111.13203479739461,-8.214360929695278],[111.132035125163213,-8.214358231233351],[111.132035446227633,-8.214355587965873],[111.132035760539253,-8.214353000292805],[111.132036068049544,-8.214350468614104],[111.13203636870989,-8.214347993329731],[111.13203666247172,-8.214345574839646],[111.132036949286444,-8.214343213543806],[111.132037229105492,-8.214340909842177],[111.132037501880305,-8.214338664134713],[111.132037767562252,-8.214336476821375],[111.132038026102791,-8.214334348302126],[111.132038277453319,-8.214332278976922],[111.132038521565249,-8.214330269245725],[111.132038758390038,-8.214328319508493],[111.132038987879071,-8.214326430165187],[111.132039209983773,-8.214324601615765],[111.132039424655559,-8.214322834260191],[111.132039631845871,-8.214321128498421],[111.132039831506106,-8.214319484730416],[111.132040023587692,-8.214317903356132],[111.132040208042042,-8.214316384775536],[111.132040384820584,-8.214314929388584],[111.132040553874717,-8.214313537595235],[111.132040715155881,-8.214312209795448],[111.132040868615491,-8.214310946389187],[111.132041014204944,-8.214309747776408],[111.132041151875711,-8.214308614357073],[111.132041281579163,-8.21430754653114],[111.132041403266726,-8.214306544698569],[111.132041516889814,-8.214305609259322],[111.132041622399868,-8.214304740613354],[111.132041719748315,-8.214303939160631],[111.132041808886527,-8.214303205301107],[111.132041889765958,-8.214302539434746],[111.13204196233805,-8.214301941961505],[111.132042026554174,-8.214301413281346],[111.132042082365757,-8.214300953794226],[111.13204212972424,-8.214300563900109],[111.132042168581009,-8.214300243998951],[111.132042198887532,-8.214299994490712],[111.132042220595181,-8.214299815775354],[111.132042233655397,-8.214299708252835],[111.132042238019608,-8.214299672323115]]]}},
{"type":"Feature","properties":{"id":null},"geometry":{"type":"MultiLineString","coordinates":[[[111.13200789559653,-8.214019253977026],[111.132007897580252,-8.214019223348281],[111.132007903516737,-8.214019131689343],[111.132007913383859,-8.214018979341162],[111.132007927159549,-8.214018766644694],[111.132007944821723,-8.214018493940886],[111.132007966348269,-8.214018161570687],[111.132007991717174,-8.214017769875051],[111.132008020906341,-8.214017319194927],[111.132008053893642,-8.21401680987127],[111.132008090657024,-8.214016242245025],[111.132008131174402,-8.214015616657147],[111.132008175423678,-8.214014933448585],[111.132008223382783,-8.214014192960287],[111.132008275029662,-8.214013395533208],[111.132008330342188,-8.2140125415083],[111.132008389298321,-8.214011631226507],[111.13200845187589,-8.214010665028784],[111.132008518052913,-8.214009643256084],[111.132008587807306,-8.214008566249356],[111.132008661116927,-8.214007434349551],[111.132008737959723,-8.214006247897617],[111.132008818313608,-8.21400500723451],[111.1320089021565,-8.214003712701174],[111.1320089894663,-8.214002364638565],[111.132009080220968,-8.214000963387633],[111.132009174398391,-8.213999509289328],[111.132009271976486,-8.213998002684603],[111.132009372933169,-8.213996443914404],[111.132009477246328,-8.213994833319685],[111.13200958489395,-8.213993171241395],[111.132009695853938,-8.213991458020487],[111.132009810104179,-8.213989693997913],[111.132009927622605,-8.213987879514621],[111.132010048387116,-8.21398601491156],[111.132010172375672,-8.213984100529686],[111.132010299566147,-8.213982136709944],[111.132010429936486,-8.213980123793291],[111.132010563464576,-8.213978062120674],[111.132010700128347,-8.213975952033042],[111.132010839905746,-8.21397379387135],[111.132010982774702,-8.213971587976548],[111.13201112871306,-8.213969334689585],[111.132011277698794,-8.213967034351413],[111.132011429709806,-8.213964687302983],[111.132011584724012,-8.213962293885244],[111.132011742719328,-8.213959854439148],[111.132011903673686,-8.213957369305646],[111.132012067564972,-8.213954838825689],[111.132012234371146,-8.213952263340227],[111.132012404070096,-8.213949643190213],[111.132012576639752,-8.213946978716594],[111.132012752058003,-8.213944270260322],[111.132012930302793,-8.213941518162349],[111.132013111352038,-8.213938722763626],[111.132013295183668,-8.213935884405103],[111.132013481775587,-8.213933003427732],[111.13201367110571,-8.213930080172462],[111.132013863151968,-8.213927114980244],[111.132014057892263,-8.213924108192028],[111.132014255304512,-8.213921060148769],[111.13201445536663,-8.213917971191412],[111.132014658056534,-8.213914841660909],[111.132014863352182,-8.213911671898218],[111.132015071231478,-8.213908462244284],[111.132015281672309,-8.213905213040057],[111.132015494652592,-8.213901924626485],[111.132015710150284,-8.213898597344528],[111.132015928143247,-8.213895231535128],[111.132016148609452,-8.213891827539239],[111.132016371526802,-8.213888385697816],[111.132016596873171,-8.213884906351803],[111.132016824626561,-8.213881389842154],[111.132017054764802,-8.213877836509816],[111.132017287265867,-8.213874246695749],[111.132017522107631,-8.213870620740892],[111.132017759268066,-8.213866958986205],[111.132017998725047,-8.213863261772637],[111.132018240456532,-8.213859529441136],[111.13201848444038,-8.213855762332653],[111.132018730654551,-8.213851960788142],[111.132018979076989,-8.213848125148552],[111.132019229685554,-8.213844255754832],[111.132019482458148,-8.213840352947932],[111.132019737372772,-8.213836417068809],[111.132019994407301,-8.213832448458408],[111.132020253539622,-8.213828447457683],[111.132020514747708,-8.213824414407583],[111.132020778009448,-8.213820349649058],[111.132021043302757,-8.213816253523063],[111.132021310605552,-8.213812126370543],[111.132021579895763,-8.213807968532453],[111.132021851151293,-8.213803780349743],[111.132022124350073,-8.213799562163363],[111.132022399470031,-8.213795314314265],[111.132022676489044,-8.213791037143398],[111.132022955385054,-8.213786730991712],[111.132023236135979,-8.213782396200163],[111.132023518719748,-8.213778033109694],[111.132023803114237,-8.213773642061259],[111.132024089297417,-8.213769223395815],[111.132024377247177,-8.213764777454301],[111.132024666941419,-8.213760304577681],[111.132024958358116,-8.213755805106896],[111.132025251475142,-8.213751279382901],[111.132025546270427,-8.213746727746644],[111.132025842721859,-8.21374215053908],[111.132026140807426,-8.213737548101157],[111.132026440504973,-8.213732920773822],[111.132026741792458,-8.213728268898036],[111.132027044647799,-8.213723592814741],[111.132027349048911,-8.213718892864891],[111.132027654973683,-8.213714169389435],[111.132027962400059,-8.213709422729327],[111.132028271305927,-8.213704653225516],[111.13202858166926,-8.21369986121895],[111.132028893467933,-8.213695047050585],[111.132029206679888,-8.213690211061369],[111.132029521282988,-8.213685353592254],[111.132029837255246,-8.213680474984187],[111.13203015457448,-8.213675575578124],[111.132030473218663,-8.213670655715012],[111.132030793165697,-8.213665715735802],[111.132031114393513,-8.213660755981447],[111.132031436880027,-8.213655776792898],[111.132031760603141,-8.213650778511106],[111.132032085540772,-8.213645761477016],[111.132032411670878,-8.213640726031585],[111.132032738971333,-8.213635672515764],[111.132033067420082,-8.213630601270498],[111.132033396994998,-8.213625512636748],[111.132033727674056,-8.213620406955453],[111.132034059435142,-8.213615284567572],[111.132034392256202,-8.213610145814052],[111.132034726115108,-8.213604991035844],[111.132035060989807,-8.213599820573901],[111.132035396858186,-8.213594634769169],[111.132035733698217,-8.213589433962603],[111.132036071487789,-8.213584218495157],[111.132036410204819,-8.213578988707777],[111.132036749827222,-8.21357374494141],[111.132037090332886,-8.213568487537014],[111.132037431699786,-8.213563216835539],[111.132037773905807,-8.213557933177931],[111.132038116928868,-8.213552636905142],[111.132038460746884,-8.213547328358128],[111.132038805337828,-8.213542007877836],[111.132039150679518,-8.213536675805214],[111.13203949674994,-8.213531332481219],[111.132039843526996,-8.213525978246798],[111.13204019098859,-8.213520613442899],[111.13204053911268,-8.21351523841048],[111.132040887877139,-8.213509853490489],[111.132041237259926,-8.213504459023875],[111.132041587238945,-8.213499055351587],[111.132041937792081,-8.213493642814582],[111.132042288897281,-8.213488221753806],[111.132042640532461,-8.213482792510209],[111.132042992675537,-8.213477355424747],[111.132043345304396,-8.213471910838365],[111.132043698397013,-8.213466459092018],[111.132044051931274,-8.213461000526653],[111.132044405885097,-8.213455535483225],[111.132044760236383,-8.213450064302682],[111.132045114963091,-8.213444587325975],[111.13204547004311,-8.213439104894057],[111.132045825454341,-8.213433617347874],[111.132046181174758,-8.213428125028381],[111.132046537182219,-8.213422628276529],[111.132046893454685,-8.213417127433265],[111.132047249970043,-8.213411622839546],[111.132047606706237,-8.213406114836317],[111.132047963641156,-8.21340060376453],[111.132048320752745,-8.213395089965138],[111.13204867801889,-8.213389573779091],[111.132049035417566,-8.213384055547337],[111.132049392926632,-8.213378535610831],[111.132049750524033,-8.213373014310521],[111.132050108187698,-8.213367491987361],[111.132050465895503,-8.213361968982296],[111.132050823625406,-8.213356445636283],[111.13205118135528,-8.213350922290267],[111.132051539063113,-8.213345399285206],[111.13205189672675,-8.213339876962042],[111.132052254324165,-8.213334355661733],[111.132052611833217,-8.213328835725227],[111.132052969231879,-8.213323317493474],[111.132053326498038,-8.213317801307426],[111.132053683609627,-8.213312287508035],[111.13205404054456,-8.213306776436248],[111.13205439728074,-8.213301268433018],[111.132054753796126,-8.213295763839298],[111.132055110068578,-8.213290262996036],[111.132055466076054,-8.213284766244184],[111.132055821796456,-8.213279273924693],[111.132056177207716,-8.21327378637851],[111.13205653228772,-8.21326830394659],[111.132056887014414,-8.213262826969885],[111.132057241365715,-8.213257355789342],[111.132057595319537,-8.213251890745912],[111.132057948853799,-8.213246432180549],[111.132058301946387,-8.2132409804342],[111.132058654575275,-8.213235535847819],[111.132059006718336,-8.213230098762354],[111.132059358353501,-8.213224669518759],[111.132059709458701,-8.213219248457984],[111.132060060011852,-8.213213835920975],[111.132060409990842,-8.21320843224869],[111.132060759373616,-8.213203037782076],[111.132061108138117,-8.213197652862084],[111.132061456262164,-8.213192277829663],[111.132061803723801,-8.213186913025767],[111.132062150500872,-8.213181558791346],[111.132062496571308,-8.213176215467351],[111.132062841913012,-8.213170883394731],[111.132063186503899,-8.213165562914437],[111.132063530321929,-8.213160254367423],[111.132063873345004,-8.213154958094636],[111.132064215551054,-8.213149674437028],[111.132064556917925,-8.213144403735551],[111.132064897423618,-8.213139146331155],[111.132065237046007,-8.21313390256479],[111.132065575763022,-8.213128672777408],[111.132065913552594,-8.21312345730996],[111.132066250392597,-8.213118256503396],[111.132066586261004,-8.213113070698665],[111.132066921135703,-8.213107900236722],[111.132067254994595,-8.213102745458514],[111.132067587815641,-8.213097606704993],[111.132067919576727,-8.21309248431711],[111.13206825025577,-8.213087378635818],[111.132068579830701,-8.213082290002063],[111.13206890827945,-8.213077218756801],[111.132069235579905,-8.213072165240979],[111.132069561710011,-8.213067129795547],[111.132069886647642,-8.21306211276146],[111.132070210370756,-8.213057114479668],[111.13207053285727,-8.213052135291118],[111.1320708540851,-8.213047175536763],[111.132071174032149,-8.213042235557555],[111.132071492676346,-8.213037315694443],[111.13207180999558,-8.213032416288378],[111.132072125967824,-8.213027537680313],[111.132072440570937,-8.213022680211196],[111.132072753782879,-8.21301784422198],[111.132073065581551,-8.213013030053613],[111.13207337594487,-8.213008238047049],[111.132073684850766,-8.213003468543238],[111.132073992277114,-8.212998721883128],[111.132074298201871,-8.212993998407674],[111.132074602602984,-8.212989298457822],[111.13207490545831,-8.212984622374528],[111.132075206745782,-8.21297997049874],[111.132075506443343,-8.212975343171408],[111.13207580452891,-8.212970740733486],[111.132076100980342,-8.21296616352592],[111.132076395775655,-8.212961611889664],[111.132076688892653,-8.21295708616567],[111.132076980309364,-8.212952586694884],[111.13207727000362,-8.212948113818261],[111.132077557953394,-8.212943667876752],[111.132077844136575,-8.212939249211306],[111.132078128531077,-8.212934858162875],[111.132078411114847,-8.212930495072406],[111.132078691865786,-8.212926160280855],[111.132078970761782,-8.212921854129171],[111.132079247780794,-8.212917576958302],[111.132079522900725,-8.212913329109202],[111.132079796099504,-8.212909110922823],[111.132080067355034,-8.212904922740112],[111.132080336645245,-8.212900764902022],[111.13208060394804,-8.212896637749502],[111.132080869241349,-8.212892541623505],[111.132081132503075,-8.212888476864981],[111.132081393711147,-8.212884443814882],[111.132081652843482,-8.212880442814155],[111.132081909878011,-8.212876474203755],[111.132082164792621,-8.21287253832463],[111.132082417565243,-8.212868635517735],[111.132082668173837,-8.212864766124016],[111.132082916596246,-8.212860930484423],[111.132083162810417,-8.212857128939913],[111.132083406794294,-8.21285336183143],[111.13208364852575,-8.212849629499928],[111.132083887982731,-8.212845932286358],[111.132084125143152,-8.212842270531672],[111.132084359984944,-8.212838644576818],[111.132084592486009,-8.212835054762749],[111.13208482262425,-8.212831501430413],[111.132085050377626,-8.212827984920764],[111.132085275724009,-8.212824505574751],[111.132085498641345,-8.212821063733326],[111.13208571910755,-8.212817659737437],[111.132085937100527,-8.212814293928037],[111.132086152598205,-8.21281096664608],[111.132086365578488,-8.212807678232512],[111.132086576019304,-8.212804429028282],[111.132086783898586,-8.212801219374345],[111.132086989194235,-8.212798049611651],[111.132087191884168,-8.212794920081153],[111.132087391946285,-8.212791831123797],[111.132087589358534,-8.212788783080537],[111.132087784098843,-8.212785776292321],[111.132087976145073,-8.212782811100103],[111.132088165475196,-8.212779887844833],[111.132088352067115,-8.212777006867462],[111.13208853589876,-8.21277416850894],[111.132088716948019,-8.212771373110217],[111.132088895192808,-8.212768621012243],[111.132089070611073,-8.212765912555973],[111.132089243180729,-8.212763248082354],[111.132089412879679,-8.212760627932338],[111.132089579685839,-8.212758052446876],[111.13208974357714,-8.212755521966919],[111.132089904531483,-8.212753036833417],[111.1320900625268,-8.212750597387322],[111.132090217540991,-8.212748203969584],[111.132090369552003,-8.212745856921153],[111.132090518537723,-8.21274355658298],[111.132090664476081,-8.212741303296017],[111.132090807345008,-8.212739097401213],[111.132090947122421,-8.212736939239523],[111.132091083786207,-8.212734829151891],[111.132091217314311,-8.212732767479274],[111.13209134768465,-8.212730754562621],[111.132091474875125,-8.212728790742881],[111.132091598863667,-8.212726876361005],[111.132091719628193,-8.212725011757945],[111.132091837146618,-8.212723197274652],[111.132091951396873,-8.212721433252076],[111.132092062356833,-8.212719720031169],[111.132092170004455,-8.21271805795288],[111.132092274317671,-8.212716447358162],[111.13209237527434,-8.212714888587962],[111.13209247285242,-8.212713381983237],[111.132092567029829,-8.212711927884932],[111.132092657784497,-8.212710526634],[111.132092745094312,-8.212709178571391],[111.132092828937189,-8.212707884038057],[111.132092909291075,-8.212706643374947],[111.13209298613387,-8.212705456923015],[111.132093059443477,-8.212704325023209],[111.132093129197855,-8.21270324801648],[111.132093195374878,-8.212702226243781],[111.132093257952491,-8.212701260046058],[111.132093316908609,-8.212700349764269],[111.132093372221135,-8.212699495739358],[111.132093423868,-8.21269869831228],[111.132093471827119,-8.21269795782398],[111.132093516076409,-8.212697274615419],[111.132093556593787,-8.212696649027539],[111.132093593357155,-8.212696081401296],[111.132093626344471,-8.212695572077637],[111.132093655533595,-8.212695121397514],[111.132093680902514,-8.212694729701878],[111.132093702429103,-8.212694397331681],[111.132093720091262,-8.212694124627873],[111.132093733866938,-8.212693911931403],[111.132093743734075,-8.212693759583223],[111.132093749670545,-8.212693667924286],[111.132093751654267,-8.212693637295539]]]}},
{"type":"Feature","properties":{"id":null},"geometry":{"type":"MultiLineString","coordinates":[[[111.132110922865806,-8.212370729997511],[111.132110924452789,-8.212370623058282],[111.132110929201957,-8.212370444135498],[111.132110937095661,-8.212370193632394],[111.132110948116207,-8.212369871952214],[111.132110962245946,-8.212369479498197],[111.1321109794672,-8.212369016673584],[111.132110999762318,-8.212368483881628],[111.132111023113652,-8.212367881525557],[111.132111049503493,-8.212367210008619],[111.132111078914193,-8.212366469734057],[111.132111111328101,-8.21236566110511],[111.132111146727524,-8.212364784525018],[111.132111185094828,-8.212363840397028],[111.13211122641232,-8.212362829124377],[111.132111270662335,-8.21236175111031],[111.132111317827238,-8.212360606758065],[111.132111367889294,-8.212359396470882],[111.132111420830938,-8.212358120652011],[111.132111476634435,-8.21235677970469],[111.132111535282121,-8.212355374032159],[111.132111596756374,-8.212353904037659],[111.132111661039474,-8.212352370124435],[111.132111728113784,-8.212350772695725],[111.132111797961628,-8.212349112154774],[111.132111870565367,-8.212347388904822],[111.132111945907283,-8.21234560334911],[111.132112023969754,-8.212343755890881],[111.1321121047351,-8.212341846933377],[111.132112188185602,-8.212339876879836],[111.132112274303736,-8.212337846133506],[111.132112363071727,-8.212335755097625],[111.132112454471923,-8.212333604175434],[111.13211254848666,-8.212331393770176],[111.132112645098289,-8.212329124285091],[111.132112744289117,-8.212326796123426],[111.132112846041494,-8.212324409688415],[111.132112950337785,-8.212321965383305],[111.132113057160254,-8.212319463611337],[111.132113166491251,-8.212316904775749],[111.13211327831317,-8.212314289279789],[111.132113392608318,-8.212311617526693],[111.132113509359044,-8.212308889919706],[111.132113628547614,-8.212306106862069],[111.132113750156435,-8.212303268757022],[111.132113874167786,-8.212300376007809],[111.132114000564044,-8.212297429017672],[111.132114129327547,-8.21229442818985],[111.132114260440559,-8.212291373927586],[111.132114393885487,-8.212288266634122],[111.132114529644667,-8.212285106712697],[111.132114667700364,-8.212281894566559],[111.132114808034984,-8.212278630598943],[111.132114950630765,-8.212275315213093],[111.132115095470198,-8.212271948812253],[111.132115242535505,-8.212268531799664],[111.132115391809066,-8.212265064578567],[111.132115543273159,-8.212261547552199],[111.132115696910162,-8.212257981123811],[111.132115852702412,-8.212254365696639],[111.132116010632217,-8.212250701673922],[111.132116170681869,-8.212246989458905],[111.132116332833817,-8.212243229454833],[111.132116497070314,-8.212239422064943],[111.13211666337375,-8.212235567692479],[111.132116831726407,-8.212231666740681],[111.132117002110647,-8.212227719612791],[111.132117174508792,-8.212223726712052],[111.132117348903179,-8.212219688441706],[111.132117525276158,-8.212215605204991],[111.132117703610035,-8.212211477405154],[111.132117883887133,-8.212207305445432],[111.132118066089845,-8.212203089729069],[111.132118250200435,-8.212198830659307],[111.132118436201281,-8.212194528639385],[111.132118624074678,-8.212190184072547],[111.132118813803018,-8.212185797362036],[111.132119005368608,-8.212181368911091],[111.132119198753799,-8.212176899122957],[111.132119393940897,-8.212172388400873],[111.132119590912225,-8.212167837148078],[111.132119789650176,-8.212163245767821],[111.132119990137028,-8.212158614663338],[111.132120192355117,-8.212153944237869],[111.132120396286808,-8.21214923489466],[111.132120601914409,-8.212144487036955],[111.132120809220297,-8.212139701067992],[111.132121018186737,-8.21213487739101],[111.132121228796137,-8.212130016409256],[111.13212144103079,-8.212125118525972],[111.132121654873018,-8.212120184144391],[111.13212187030517,-8.212115213667763],[111.132122087309611,-8.212110207499331],[111.13212230586862,-8.212105166042329],[111.132122525964604,-8.212100089700005],[111.132122747579814,-8.212094978875598],[111.132122970696628,-8.21208983397235],[111.132123195297368,-8.212084655393502],[111.132123421364383,-8.212079443542297],[111.132123648879968,-8.212074198821975],[111.132123877826501,-8.21206892163578],[111.132124108186318,-8.212063612386954],[111.132124339941726,-8.212058271478737],[111.132124573075075,-8.212052899314369],[111.132124807568701,-8.212047496297096],[111.132125043404926,-8.212042062830156],[111.132125280566086,-8.212036599316791],[111.132125519034531,-8.212031106160246],[111.132125758792569,-8.212025583763761],[111.132125999822549,-8.212020032530576],[111.132126242106835,-8.212014452863936],[111.132126485627708,-8.212008845167077],[111.132126730367531,-8.212003209843248],[111.132126976308626,-8.211997547295685],[111.132127223433343,-8.211991857927632],[111.132127471723976,-8.211986142142329],[111.132127721162931,-8.211980400343021],[111.132127971732487,-8.211974632932947],[111.132128223414981,-8.211968840315349],[111.132128476192776,-8.211963022893471],[111.13212873004818,-8.211957181070549],[111.132128984963501,-8.211951315249829],[111.132129240921145,-8.211945425834553],[111.132129497903392,-8.211939513227962],[111.132129755892578,-8.211933577833298],[111.132130014871095,-8.211927620053803],[111.132130274821222,-8.211921640292719],[111.132130535725281,-8.211915638953281],[111.132130797565637,-8.21190961643874],[111.132131060324639,-8.211903573152334],[111.132131323984595,-8.211897509497303],[111.132131588527841,-8.211891425876896],[111.132131853936713,-8.211885322694343],[111.132132120193546,-8.211879200352895],[111.132132387280677,-8.21187305925579],[111.132132655180413,-8.211866899806269],[111.132132923875133,-8.211860722407575],[111.132133193347144,-8.21185452746295],[111.132133463578811,-8.211848315375635],[111.13213373455244,-8.211842086548874],[111.13213400625034,-8.211835841385902],[111.132134278654888,-8.211829580289967],[111.132134551748393,-8.21182330366431],[111.132134825513219,-8.211817011912171],[111.132135099931673,-8.211810705436791],[111.132135374986092,-8.211804384641415],[111.132135650658824,-8.211798049929282],[111.132135926932193,-8.211791701703635],[111.132136203788548,-8.211785340367713],[111.132136481210168,-8.211778966324763],[111.13213675917946,-8.211772579978021],[111.132137037678731,-8.211766181730731],[111.132137316690304,-8.211759771986138],[111.132137596196515,-8.211753351147477],[111.132137876179712,-8.211746919617994],[111.132138156622261,-8.211740477800934],[111.132138437506399,-8.211734026099531],[111.132138718814559,-8.21172756491703],[111.132139000528994,-8.211721094656674],[111.13213928263211,-8.211714615721705],[111.132139565106201,-8.21170812851536],[111.132139847933615,-8.211701633440889],[111.132140131096662,-8.211695130901525],[111.132140414577719,-8.211688621300514],[111.132140698359066,-8.211682105041097],[111.132140982423067,-8.211675582526516],[111.132141266752058,-8.21166905416001],[111.132141551328374,-8.211662520344827],[111.132141836134352,-8.211655981484203],[111.132142121152327,-8.211649437981382],[111.132142406364608,-8.211642890239608],[111.132142691753558,-8.211636338662116],[111.132142977301498,-8.21162978365215],[111.132143262990752,-8.211623225612959],[111.132143548803683,-8.211616664947776],[111.132143834722626,-8.211610102059845],[111.132144120729862,-8.21160353735241],[111.132144406807811,-8.211596971228712],[111.132144692938738,-8.211590404091991],[111.132144979104993,-8.211583836345488],[111.132145265288898,-8.211577268392446],[111.132145551472817,-8.211570700636111],[111.132145837639058,-8.211564133479719],[111.132146123769971,-8.211557567326508],[111.132146409847905,-8.211551002579728],[111.132146695855141,-8.211544439642621],[111.132146981774085,-8.211537878918422],[111.132147267587015,-8.211531320810378],[111.132147553276269,-8.211524765721727],[111.132147838824238,-8.211518214055713],[111.132148124213188,-8.211511666215578],[111.132148409425469,-8.211505122604562],[111.132148694443444,-8.211498583625906],[111.132148979249422,-8.211492049682855],[111.132149263825738,-8.211485521178648],[111.132149548154729,-8.21147899851653],[111.132149832218744,-8.211472482099737],[111.132150116000105,-8.211465972331515],[111.132150399481148,-8.211459469615104],[111.132150682644209,-8.211452974353746],[111.132150965471595,-8.211446486950683],[111.1321512479457,-8.211440007809159],[111.132151530048802,-8.211433537332411],[111.132151811763237,-8.211427075923684],[111.132152093071383,-8.21142062398622],[111.132152373955535,-8.211414181923256],[111.132152654398055,-8.21140775013804],[111.132152934381253,-8.21140132903381],[111.132153213887477,-8.211394919013809],[111.13215349289905,-8.211388520481277],[111.132153771398322,-8.211382133839457],[111.1321540493676,-8.211375759491592],[111.132154326789248,-8.211369397840922],[111.132154603645603,-8.211363049290687],[111.132154879918971,-8.211356714244133],[111.132155155591704,-8.211350393104498],[111.132155430646137,-8.211344086275025],[111.132155705064577,-8.211337794158958],[111.132155978829388,-8.211331517159532],[111.132156251922922,-8.211325255679997],[111.13215652432747,-8.211319010123589],[111.132156796025384,-8.211312780893552],[111.132157066999014,-8.211306568393127],[111.132157337230637,-8.211300373025557],[111.132157606702648,-8.21129419519408],[111.132157875397368,-8.211288035301942],[111.132158143297133,-8.211281893752382],[111.132158410384264,-8.211275770948644],[111.132158676641097,-8.211269667293967],[111.132158942049969,-8.211263583191595],[111.132159206593201,-8.211257519044768],[111.132159470253143,-8.211251475256727],[111.132159733012145,-8.211245452230717],[111.132159994852515,-8.211239450369977],[111.132160255756588,-8.211233470077751],[111.132160515706687,-8.211227511757277],[111.13216077468519,-8.2112215758118],[111.132161032674389,-8.211215662644561],[111.132161289656651,-8.211209772658801],[111.132161545614309,-8.21120390625776],[111.132161800529644,-8.211198063844682],[111.132162054385049,-8.211192245822811],[111.13216230716283,-8.211186452595385],[111.132162558845309,-8.211180684565644],[111.132162809414865,-8.211174942136834],[111.13216305885382,-8.211169225712197],[111.132163307144467,-8.211163535694968],[111.132163554269184,-8.2111578724884],[111.132163800210265,-8.211152236495723],[111.132164044950088,-8.211146628120185],[111.13216428847096,-8.211141047765029],[111.132164530755233,-8.21113549583349],[111.132164771785227,-8.211129972728816],[111.132165011543265,-8.211124478854247],[111.132165250011695,-8.211119014613022],[111.13216548717287,-8.211113580408387],[111.132165723009081,-8.211108176643581],[111.132165957502721,-8.211102803721847],[111.13216619063607,-8.211097462046425],[111.132166422391492,-8.211092152020559],[111.13216665275128,-8.211086874047488],[111.132166881697842,-8.211081628530458],[111.132167109213441,-8.211076415872705],[111.132167335280442,-8.211071236477473],[111.132167559881196,-8.211066090748004],[111.13216778299801,-8.211060979087542],[111.132168004613206,-8.211055901899325],[111.132168224709162,-8.211050859586596],[111.132168443268171,-8.2110458525526],[111.132168660272626,-8.211040881200573],[111.132168875704778,-8.211035945933759],[111.13216908954702,-8.2110310471554],[111.132169301781659,-8.211026185268739],[111.13216951239103,-8.211021360677012],[111.132169721357499,-8.211016573783469],[111.132169928663373,-8.211011824991349],[111.132170134290988,-8.211007114703889],[111.132170338222679,-8.211002443324338],[111.132170540440768,-8.210997811255931],[111.13217074092762,-8.210993218901914],[111.132170939665542,-8.210988666665525],[111.132171136636913,-8.210984154950008],[111.132171331823997,-8.210979684158609],[111.132171525209174,-8.21097525469456],[111.132171716774749,-8.210970866961109],[111.132171906503103,-8.210966521361499],[111.132172094376529,-8.210962218298967],[111.132172280377375,-8.210957958176758],[111.132172464487994,-8.210953741398113],[111.132172646690677,-8.210949568366273],[111.132172826967775,-8.210945439484481],[111.132173005301638,-8.210941355155978],[111.132173181674602,-8.210937315784003],[111.132173356068989,-8.210933321771803],[111.132173528467135,-8.210929373522614],[111.132173698851375,-8.210925471439682],[111.132173867204031,-8.210921615926246],[111.132174033507425,-8.210917807385552],[111.132174197743964,-8.210914046220836],[111.132174359895899,-8.210910332835343],[111.132174519945607,-8.210906667632315],[111.132174677875412,-8.210903051014991],[111.132174833667634,-8.210899483386616],[111.132174987304637,-8.210895965150428],[111.132175138768744,-8.210892496709672],[111.132175288042276,-8.210889078467588],[111.132175435107598,-8.210885710827418],[111.132175579946988,-8.210882394192405],[111.13217572254284,-8.210879128965789],[111.132175862877446,-8.210875915550812],[111.132176000933157,-8.210872754350715],[111.132176136692308,-8.210869645768742],[111.132176270137251,-8.210866590208132],[111.132176401250277,-8.210863588072129],[111.132176530013766,-8.210860639763974],[111.13217665641001,-8.210857745686907],[111.132176780421375,-8.210854906244172],[111.132176902030167,-8.210852121839009],[111.132177021218766,-8.210849392874662],[111.13217713796945,-8.210846719754368],[111.132177252264597,-8.210844102881376],[111.132177364086516,-8.210841542658921],[111.132177473417542,-8.210839039490248],[111.132177580240025,-8.210836593778597],[111.132177684536288,-8.210834205927211],[111.132177786288679,-8.210831876339331],[111.132177885479521,-8.210829605418198],[111.132177982091122,-8.210827393567055],[111.132178076105873,-8.210825241189145],[111.132178167506055,-8.210823148687707],[111.132178256274045,-8.210821116465985],[111.132178342392152,-8.210819144927218],[111.132178425842724,-8.210817234474648],[111.132178506608042,-8.210815385511518],[111.132178584670527,-8.210813598441071],[111.132178660012457,-8.210811873666547],[111.132178732616168,-8.210810211591186],[111.132178802464026,-8.210808612618234],[111.132178869538336,-8.21080707715093],[111.132178933821422,-8.210805605592514],[111.132178995295661,-8.21080419834623],[111.132179053943361,-8.210802855815322],[111.132179109746843,-8.210801578403025],[111.132179162688502,-8.210800366512586],[111.132179212750572,-8.210799220547246],[111.132179259915446,-8.210798140910246],[111.132179304165476,-8.210797128004829],[111.132179345482967,-8.210796182234233],[111.132179383850271,-8.210795304001705],[111.132179419249709,-8.21079449371048],[111.132179451663603,-8.210793751763804],[111.132179481074303,-8.210793078564921],[111.13217950746413,-8.210792474517069],[111.132179530815463,-8.210791940023491],[111.132179551110582,-8.210791475487426],[111.13217956833185,-8.21079108131212],[111.132179582461603,-8.210790757900813],[111.132179593482135,-8.210790505656744],[111.132179601375839,-8.210790324983156],[111.132179606125007,-8.210790216283296],[111.13217960771199,-8.2107901799604]]]}},
{"type":"Feature","properties":{"id":null},"geometry":{"type":"MultiLineString","coordinates":[[[111.132162436500451,-8.210628725570171],[111.132162437492312,-8.210628709273982],[111.132162440460547,-8.210628660506346],[111.132162445394101,-8.210628579448676],[111.132162452281989,-8.210628466282371],[111.132162461113055,-8.210628321188828],[111.132162471876313,-8.210628144349469],[111.132162484560766,-8.210627935945686],[111.132162499155328,-8.210627696158888],[111.132162515648986,-8.210627425170481],[111.13216253403067,-8.210627123161867],[111.132162554289394,-8.21062679031445],[111.132162576414032,-8.210626426809638],[111.132162600393599,-8.210626032828834],[111.132162626217024,-8.210625608553443],[111.132162653873294,-8.21062515416487],[111.132162683351339,-8.210624669844517],[111.132162714640131,-8.210624155773791],[111.132162747728671,-8.210623612134098],[111.132162782605846,-8.210623039106842],[111.132162819260657,-8.210622436873427],[111.132162857682047,-8.210621805615258],[111.13216289785899,-8.210621145513738],[111.132162939780429,-8.210620456750274],[111.132162983435336,-8.210619739506271],[111.13216302881267,-8.210618993963132],[111.132163075901389,-8.210618220302262],[111.132163124690436,-8.210617418705066],[111.132163175168785,-8.21061658935295],[111.132163227325321,-8.210615732427314],[111.132163281149133,-8.21061484810957],[111.132163336629134,-8.210613936581115],[111.132163393754283,-8.210612998023361],[111.132163452513495,-8.210612032617709],[111.132163512895744,-8.210611040545565],[111.132163574890015,-8.21061002198833],[111.132163638485267,-8.210608977127414],[111.132163703670429,-8.210607906144217],[111.132163770434474,-8.210606809220147],[111.13216383876636,-8.210605686536606],[111.132163908655073,-8.210604538275003],[111.132163980089544,-8.210603364616739],[111.132164053058716,-8.21060216574322],[111.132164127551576,-8.210600941835851],[111.132164203557082,-8.210599693076036],[111.132164281064192,-8.21059841964518],[111.13216436006185,-8.210597121724687],[111.132164440539057,-8.210595799495962],[111.132164522484686,-8.210594453140413],[111.132164605887752,-8.21059308283944],[111.132164690737227,-8.210591688774446],[111.132164777022041,-8.210590271126843],[111.13216486473118,-8.210588830078033],[111.132164953853589,-8.210587365809417],[111.132165044378198,-8.210585878502403],[111.13216513629402,-8.210584368338393],[111.132165229589972,-8.210582835498796],[111.132165324255041,-8.210581280165016],[111.132165420278184,-8.210579702518455],[111.132165517648303,-8.21057810274052],[111.132165616354442,-8.210576481012611],[111.132165716385501,-8.210574837516138],[111.132165817730453,-8.210573172432504],[111.13216592037827,-8.210571485943115],[111.132166024317925,-8.210569778229374],[111.132166129538319,-8.210568049472688],[111.132166236028468,-8.210566299854456],[111.132166343777314,-8.210564529556089],[111.132166452773816,-8.210562738758991],[111.132166563006933,-8.210560927644561],[111.13216667446558,-8.21055909639421],[111.132166787138772,-8.21055724518934],[111.132166901015452,-8.210555374211358],[111.132167016084594,-8.210553483641666],[111.132167132335113,-8.210551573661668],[111.132167249755994,-8.210549644452771],[111.132167368336212,-8.210547696196379],[111.132167488064709,-8.210545729073896],[111.132167608930445,-8.210543743266731],[111.132167730922376,-8.210541738956282],[111.132167854029447,-8.210539716323957],[111.132167978240673,-8.210537675551162],[111.132168103544956,-8.210535616819302],[111.132168229931253,-8.210533540309774],[111.132168357388551,-8.210531446203994],[111.132168485905808,-8.210529334683361],[111.132168615471983,-8.210527205929278],[111.132168746076033,-8.210525060123155],[111.132168877706903,-8.21052289744639],[111.132169010353579,-8.210520718080394],[111.132169144004962,-8.210518522206566],[111.132169278650053,-8.210516310006319],[111.132169414277826,-8.210514081661049],[111.132169550877236,-8.210511837352165],[111.132169688437187,-8.210509577261071],[111.132169826946708,-8.210507301569171],[111.132169966394713,-8.210505010457872],[111.132170106770189,-8.210502704108576],[111.132170248062067,-8.210500382702687],[111.13217039025929,-8.210498046421611],[111.132170533350873,-8.210495695446756],[111.132170677325746,-8.210493329959522],[111.132170822172895,-8.210490950141315],[111.132170967881251,-8.210488556173543],[111.132171114439757,-8.210486148237607],[111.132171261837357,-8.210483726514912],[111.132171410063108,-8.210481291186863],[111.132171559105899,-8.210478842434867],[111.132171708954658,-8.210476380440324],[111.132171859598401,-8.210473905384646],[111.132172011026086,-8.210471417449231],[111.132172163226642,-8.210468916815486],[111.132172316189042,-8.210466403664816],[111.132172469902201,-8.210463878178626],[111.13217262435515,-8.21046134053832],[111.132172779536816,-8.210458790925301],[111.132172935436145,-8.210456229520979],[111.132173092042137,-8.210453656506752],[111.132173249343694,-8.210451072064028],[111.132173407329816,-8.210448476374216],[111.132173565989433,-8.210445869618715],[111.132173725311517,-8.210443251978926],[111.132173885285027,-8.210440623636263],[111.132174045898921,-8.210437984772126],[111.132174207142199,-8.21043533556792],[111.132174369003764,-8.210432676205052],[111.132174531472586,-8.210430006864922],[111.132174694537611,-8.210427327728938],[111.132174858187838,-8.210424638978505],[111.132175022412198,-8.210421940795028],[111.132175187199664,-8.210419233359907],[111.132175352539207,-8.210416516854554],[111.132175518419757,-8.210413791460368],[111.132175684830287,-8.210411057358758],[111.132175851759726,-8.210408314731126],[111.132176019197075,-8.210405563758876],[111.132176187131265,-8.210402804623413],[111.13217635555128,-8.210400037506144],[111.132176524446095,-8.210397262588474],[111.132176693804595,-8.210394480051804],[111.132176863615797,-8.21039169007754],[111.132177033868643,-8.210388892847089],[111.132177204552079,-8.210386088541853],[111.13217737565509,-8.210383277343238],[111.132177547166592,-8.210380459432647],[111.132177719075628,-8.210377634991488],[111.132177891371072,-8.210374804201164],[111.132178064041938,-8.210371967243081],[111.132178237077156,-8.210369124298641],[111.132178410465684,-8.210366275549251],[111.132178584196467,-8.210363421176311],[111.13217875825849,-8.210360561361233],[111.132178932640755,-8.210357696285419],[111.132179107332121,-8.210354826130274],[111.13217928232163,-8.210351951077197],[111.132179457598227,-8.210349071307602],[111.132179633150812,-8.210346187002887],[111.132179808968402,-8.210343298344462],[111.132179985039954,-8.210340405513724],[111.13218016135437,-8.210337508692085],[111.132180337900678,-8.210334608060945],[111.132180514667823,-8.210331703801714],[111.132180691644749,-8.210328796095791],[111.132180868820399,-8.210325885124584],[111.132181046183717,-8.210322971069498],[111.132181223723748,-8.210320054111934],[111.132181401429349,-8.210317134433298],[111.132181579289551,-8.210314212215],[111.132181757293296,-8.21031128763844],[111.132181935429514,-8.210308360885019],[111.132182113687193,-8.210305432136151],[111.13218229205529,-8.210302501573235],[111.132182470522736,-8.210299569377675],[111.132182649078544,-8.210296635730877],[111.132182827711617,-8.210293700814249],[111.132183006410941,-8.210290764809191],[111.132183185165488,-8.210287827897108],[111.132183363964174,-8.210284890259409],[111.132183542796014,-8.210281952077494],[111.132183721649938,-8.210279013532773],[111.132183900514875,-8.210276074806643],[111.132184079379812,-8.210273136080513],[111.132184258233735,-8.210270197535792],[111.132184437065547,-8.210267259353875],[111.132184615864247,-8.210264321716176],[111.13218479461878,-8.210261384804095],[111.132184973318118,-8.210258448799037],[111.132185151951205,-8.210255513882405],[111.132185330506985,-8.210252580235611],[111.132185508974459,-8.210249648040051],[111.132185687342556,-8.210246717477135],[111.132185865600235,-8.210243788728265],[111.132186043736453,-8.210240861974848],[111.132186221740199,-8.210237937398286],[111.132186399600414,-8.210235015179988],[111.132186577306015,-8.210232095501354],[111.132186754846032,-8.210229178543791],[111.132186932209379,-8.210226264488703],[111.132187109385029,-8.210223353517495],[111.132187286361926,-8.210220445811572],[111.132187463129071,-8.210217541552339],[111.132187639675379,-8.210214640921201],[111.132187815989795,-8.210211744099562],[111.132187992061347,-8.210208851268826],[111.132188167878923,-8.210205962610399],[111.132188343431523,-8.210203078305684],[111.132188518708091,-8.210200198536086],[111.1321886936976,-8.210197323483012],[111.132188868388994,-8.210194453327865],[111.132189042771216,-8.210191588252052],[111.132189216833268,-8.210188728436973],[111.132189390564065,-8.210185874064036],[111.132189563952593,-8.210183025314645],[111.132189736987797,-8.210180182370205],[111.132189909658678,-8.210177345412122],[111.132190081954136,-8.210174514621798],[111.132190253863143,-8.210171690180641],[111.132190425374674,-8.210168872270049],[111.132190596477699,-8.210166061071435],[111.132190767161134,-8.210163256766199],[111.132190937413995,-8.210160459535746],[111.132191107225182,-8.210157669561482],[111.132191276583683,-8.210154887024814],[111.132191445478441,-8.210152112107142],[111.13219161389847,-8.210149344989873],[111.132191781832674,-8.21014658585441],[111.132191949270009,-8.21014383488216],[111.132192116199462,-8.210141092254528],[111.132192282609978,-8.210138358152914],[111.132192448490542,-8.21013563275873],[111.132192613830057,-8.210132916253375],[111.132192778617537,-8.210130208818258],[111.132192942841897,-8.210127510634779],[111.132193106492139,-8.210124821884346],[111.132193269557163,-8.210122142748364],[111.132193432026,-8.210119473408234],[111.13219359388755,-8.210116814045364],[111.132193755130814,-8.210114164841158],[111.132193915744722,-8.210111525977023],[111.132194075718246,-8.21010889763436],[111.132194235040345,-8.210106279994573],[111.132194393699962,-8.210103673239072],[111.132194551686069,-8.210101077549258],[111.132194708987655,-8.210098493106534],[111.132194865593618,-8.210095920092309],[111.132195021492947,-8.210093358687985],[111.1321951766746,-8.210090809074966],[111.132195331127548,-8.21008827143466],[111.132195484840707,-8.210085745948469],[111.132195637803108,-8.210083232797798],[111.132195790003664,-8.210080732164053],[111.13219594143132,-8.21007824422864],[111.132196092075063,-8.21007576917296],[111.13219624192385,-8.210073307178417],[111.132196390966612,-8.21007085842642],[111.13219653919235,-8.210068423098374],[111.132196686589992,-8.210066001375679],[111.132196833148498,-8.210063593439743],[111.132196978856854,-8.210061199471969],[111.132197123703975,-8.210058819653764],[111.132197267678876,-8.21005645416653],[111.132197410770459,-8.210054103191675],[111.132197552967696,-8.210051766910601],[111.132197694259602,-8.210049445504712],[111.132197834635051,-8.210047139155417],[111.132197974083056,-8.210044848044117],[111.132198112592562,-8.210042572352217],[111.132198250152541,-8.210040312261121],[111.132198386751924,-8.210038067952237],[111.132198522379682,-8.210035839606967],[111.132198657024801,-8.21003362740672],[111.132198790676185,-8.210031431532892],[111.132198923322832,-8.210029252166894],[111.13219905495373,-8.210027089490133],[111.132199185557752,-8.210024943684006],[111.132199315123898,-8.210022814929925],[111.132199443641184,-8.210020703409292],[111.132199571098496,-8.210018609303511],[111.132199697484793,-8.210016532793986],[111.132199822789062,-8.210014474062124],[111.132199947000302,-8.210012433289329],[111.132200070107373,-8.210010410657002],[111.132200192099305,-8.210008406346555],[111.13220031296504,-8.210006420539388],[111.132200432693523,-8.210004453416907],[111.132200551273741,-8.210002505160515],[111.132200668694651,-8.21000057595162],[111.132200784945169,-8.209998665971622],[111.132200900014297,-8.20999677540193],[111.132201013890977,-8.209994904423946],[111.132201126564183,-8.209993053219076],[111.132201238022844,-8.209991221968725],[111.132201348255933,-8.209989410854298],[111.132201457252421,-8.209987620057197],[111.132201565001267,-8.20998584975883],[111.132201671491401,-8.209984100140598],[111.132201776711824,-8.209982371383912],[111.132201880651451,-8.209980663670171],[111.132201983299282,-8.20997897718078],[111.132202084644234,-8.209977312097148],[111.132202184675307,-8.209975668600675],[111.132202283381432,-8.20997404687277],[111.132202380751579,-8.209972447094831],[111.132202476774708,-8.20997086944827],[111.132202571439763,-8.209969314114488],[111.132202664735743,-8.209967781274891],[111.132202756651552,-8.209966271110885],[111.13220284717616,-8.209964783803869],[111.132202936298555,-8.209963319535255],[111.132203024007708,-8.209961878486443],[111.132203110292537,-8.209960460838838],[111.132203195141997,-8.209959066773848],[111.132203278545077,-8.209957696472875],[111.13220336049072,-8.209956350117324],[111.132203440967899,-8.209955027888599],[111.132203519965557,-8.209953729968106],[111.132203597472667,-8.20995245653725],[111.132203673478173,-8.209951207777435],[111.132203747971019,-8.209949983870064],[111.132203820940219,-8.209948784996545],[111.132203892374676,-8.209947611338283],[111.132203962263361,-8.209946463076678],[111.132204030595261,-8.209945340393139],[111.13220409735932,-8.209944243469067],[111.132204162544497,-8.209943172485874],[111.13220422613972,-8.209942127624956],[111.132204288134005,-8.209941109067723],[111.132204348516268,-8.209940116995577],[111.132204407275466,-8.209939151589925],[111.132204464400601,-8.209938213032169],[111.132204519880574,-8.209937301503716],[111.132204573704399,-8.20993641718597],[111.132204625860993,-8.209935560260337],[111.132204676339342,-8.209934730908222],[111.132204725128375,-8.209933929311024],[111.132204772217065,-8.209933155650155],[111.132204817594413,-8.209932410107015],[111.132204861249306,-8.209931692863012],[111.132204903170759,-8.209931004099547],[111.132204943347702,-8.209930343998028],[111.132204981769078,-8.209929712739859],[111.132205018423903,-8.209929110506442],[111.132205053301107,-8.209928537479186],[111.13220508638959,-8.209927993839493],[111.13220511767841,-8.209927479768767],[111.132205147156455,-8.209926995448416],[111.132205174812739,-8.209926541059843],[111.132205200636164,-8.209926116784452],[111.132205224615731,-8.209925722803648],[111.132205246740384,-8.209925359298836],[111.132205266999051,-8.209925026451419],[111.132205285380735,-8.209924724442807],[111.132205301874421,-8.209924453454397],[111.132205316468969,-8.209924213667602],[111.132205329153408,-8.209924005263817],[111.132205339916709,-8.209923828424456],[111.132205348747803,-8.209923683330919],[111.132205355635648,-8.209923570164614],[111.132205360569188,-8.20992348910694],[111.132205363537437,-8.209923440339306],[111.132205364529298,-8.209923424043115]]]}},
{"type":"Feature","properties":{"id":null},"geometry":{"type":"MultiLineString","coordinates":[[[111.125809088228337,-8.216169122900347],[111.125809090608797,-8.216169098750898],[111.125809097732585,-8.216169026481767],[111.125809109573112,-8.216168906361782],[111.12580912610396,-8.216168738659764],[111.125809147298554,-8.216168523644539],[111.125809173130421,-8.216168261584933],[111.125809203573098,-8.216167952749771],[111.125809238600098,-8.21616759740788],[111.125809278184846,-8.21616719582808],[111.125809322300924,-8.216166748279202],[111.125809370921772,-8.216166255030066],[111.125809424020929,-8.216165716349499],[111.125809481571864,-8.216165132506328],[111.125809543548101,-8.216164503769374],[111.125809609923166,-8.216163830407464],[111.125809680670471,-8.216163112689426],[111.125809755763584,-8.216162350884076],[111.125809835176014,-8.216161545260249],[111.125809918881288,-8.216160696086769],[111.125810006852817,-8.216159803632454],[111.125810099064168,-8.216158868166136],[111.125810195488825,-8.216157889956637],[111.125810296100283,-8.216156869272783],[111.125810400872055,-8.216155806383398],[111.125810509777651,-8.216154701557306],[111.125810622790567,-8.216153555063334],[111.125810739884258,-8.216152367170308],[111.125810861032306,-8.216151138147051],[111.12581098620808,-8.216149868262386],[111.125811115385261,-8.216148557785145],[111.125811248537218,-8.216147206984147],[111.125811385637505,-8.216145816128218],[111.125811526659618,-8.216144385486183],[111.12581167157704,-8.21614291532687],[111.125811820363325,-8.216141405919101],[111.125811972991869,-8.216139857531703],[111.125812129436298,-8.216138270433499],[111.125812289670009,-8.216136644893314],[111.125812453666555,-8.216134981179973],[111.125812621399405,-8.216133279562303],[111.12581279284214,-8.21613154030913],[111.125812967968187,-8.216129763689276],[111.125813146751042,-8.216127949971565],[111.125813329164274,-8.216126099424827],[111.125813515181306,-8.216124212317883],[111.125813704775695,-8.216122288919559],[111.125813897920906,-8.216120329498683],[111.125814094590481,-8.216118334324074],[111.125814294757859,-8.216116303664561],[111.125814498396608,-8.21611423778897],[111.125814705480181,-8.216112136966123],[111.125814915982076,-8.216110001464848],[111.125815129875818,-8.216107831553966],[111.125815347134932,-8.216105627502303],[111.125815567732886,-8.21610338957869],[111.125815791643205,-8.216101118051945],[111.125816018839345,-8.216098813190897],[111.125816249294843,-8.216096475264369],[111.125816482983225,-8.216094104541188],[111.125816719877918,-8.216091701290175],[111.125816959952459,-8.216089265780159],[111.125817203180347,-8.216086798279964],[111.125817449535148,-8.216084299058412],[111.125817698990289,-8.216081768384337],[111.125817951519252,-8.216079206526553],[111.125818207095605,-8.216076613753891],[111.125818465692831,-8.216073990335179],[111.125818727284411,-8.216071336539233],[111.125818991843843,-8.216068652634885],[111.125819259344652,-8.216065938890958],[111.125819529760321,-8.216063195576277],[111.12581980306436,-8.216060422959668],[111.125820079230266,-8.216057621309954],[111.125820358231536,-8.21605479089596],[111.125820640041653,-8.216051931986511],[111.125820924634169,-8.216049044850436],[111.125821211982554,-8.216046129756556],[111.125821502060333,-8.2160431869737],[111.125821794840974,-8.21604021677069],[111.125822090297987,-8.21603721941635],[111.125822388404885,-8.216034195179507],[111.125822689135163,-8.216031144328985],[111.125822992462304,-8.216028067133609],[111.125823298359833,-8.216024963862205],[111.125823606801262,-8.2160218347836],[111.125823917760059,-8.216018680166615],[111.125824231209748,-8.216015500280076],[111.125824547123841,-8.216012295392808],[111.125824865475792,-8.216009065773639],[111.125825186239169,-8.216005811691391],[111.125825509387397,-8.216002533414889],[111.125825834894044,-8.21599923121296],[111.125826162732594,-8.215995905354427],[111.125826492876527,-8.215992556108116],[111.125826825299328,-8.215989183742852],[111.125827159974548,-8.215985788527462],[111.125827496875672,-8.215982370730767],[111.125827835976168,-8.215978930621594],[111.125828177249574,-8.215975468468766],[111.125828520669373,-8.215971984541113],[111.125828866209105,-8.215968479107456],[111.125829213842223,-8.215964952436622],[111.125829563542254,-8.215961404797437],[111.125829915282679,-8.21595783645872],[111.12583026903701,-8.215954247689304],[111.125830624778757,-8.215950638758008],[111.125830982481432,-8.215947009933661],[111.125831342118474,-8.215943361485085],[111.125831703663451,-8.215939693681108],[111.125832067089888,-8.215936006790553],[111.125832432371197,-8.215932301082246],[111.125832799480918,-8.215928576825011],[111.125833168392546,-8.215924834287673],[111.125833539079622,-8.215921073739057],[111.125833911515599,-8.215917295447991],[111.125834285674017,-8.215913499683296],[111.125834661528359,-8.2159096867138],[111.125835039052077,-8.215905856808327],[111.125835418218784,-8.2159020102357],[111.125835799001862,-8.215898147264747],[111.125836181374879,-8.215894268164291],[111.125836565311346,-8.215890373203157],[111.125836950784731,-8.215886462650174],[111.12583733776853,-8.21588253677416],[111.125837726236284,-8.215878595843948],[111.125838116161447,-8.215874640128359],[111.125838507517557,-8.215870669896212],[111.125838900278083,-8.215866685416344],[111.125839294416579,-8.215862686957573],[111.125839689906513,-8.215858674788723],[111.125840086721368,-8.215854649178626],[111.125840484834683,-8.2158506103961],[111.12584088421994,-8.215846558709973],[111.125841284850637,-8.215842494389067],[111.125841686700255,-8.21583841770221],[111.125842089742335,-8.215834328918227],[111.125842493950358,-8.215830228305943],[111.125842899297837,-8.215826116134183],[111.125843305758266,-8.215821992671771],[111.12584371330513,-8.215817858187533],[111.125844121911939,-8.21581371295029],[111.125844531552232,-8.215809557228877],[111.125844942199478,-8.215805391292108],[111.125845353827131,-8.21580121540881],[111.125845766408759,-8.215797029847817],[111.125846179917843,-8.215792834877943],[111.125846594327925,-8.215788630768021],[111.125847009612414,-8.215784417786871],[111.125847425744908,-8.215780196203321],[111.125847842698818,-8.215775966286191],[111.125848260447711,-8.215771728304315],[111.125848678965099,-8.215767482526511],[111.125849098224421,-8.215763229221606],[111.125849518199232,-8.215758968658427],[111.125849938862999,-8.215754701105796],[111.125850360189247,-8.215750426832537],[111.12585078215146,-8.215746146107481],[111.125851204723133,-8.215741859199445],[111.125851627877779,-8.215737566377262],[111.125852051588907,-8.215733267909751],[111.125852475830044,-8.21572896406574],[111.125852900574614,-8.215724655114053],[111.125853325796172,-8.215720341323516],[111.125853751468213,-8.215716022962951],[111.125854177564236,-8.215711700301188],[111.125854604057707,-8.215707373607048],[111.125855030922196,-8.215703043149359],[111.125855458131156,-8.215698709196943],[111.125855885658126,-8.215694372018628],[111.125856313476561,-8.215690031883236],[111.125856741559971,-8.215685689059594],[111.125857169881868,-8.215681343816527],[111.125857598415791,-8.215676996422859],[111.125858027135166,-8.21567264714742],[111.125858456013574,-8.215668296259025],[111.125858885024456,-8.21566394402651],[111.125859314141337,-8.21565959071869],[111.125859743337713,-8.215655236604398],[111.125860172587096,-8.215650881952456],[111.125860601862968,-8.215646527031687],[111.12586103113884,-8.215642172110918],[111.125861460388222,-8.215637817458976],[111.125861889584598,-8.215633463344684],[111.125862318701479,-8.215629110036865],[111.125862747712361,-8.215624757804349],[111.125863176590755,-8.215620406915956],[111.125863605310158,-8.215616057640515],[111.125864033844067,-8.215611710246847],[111.125864462165978,-8.21560736500378],[111.125864890249403,-8.21560302218014],[111.125865318067838,-8.215598682044748],[111.12586574559478,-8.215594344866433],[111.125866172803768,-8.215590010914017],[111.125866599668242,-8.215585680456327],[111.125867026161728,-8.21558135376219],[111.125867452257751,-8.215577031100423],[111.125867877929778,-8.21557271273986],[111.12586830315135,-8.215568398949324],[111.125868727895934,-8.215564089997637],[111.125869152137028,-8.215559786153625],[111.125869575848157,-8.215555487686116],[111.125869999002816,-8.215551194863929],[111.125870421574504,-8.215546907955897],[111.125870843536717,-8.215542627230839],[111.125871264862951,-8.21553835295758],[111.125871685526704,-8.215534085404951],[111.125872105501514,-8.215529824841768],[111.125872524760837,-8.215525571536864],[111.125872943278196,-8.21552132575906],[111.125873361027118,-8.215517087777183],[111.125873777981042,-8.215512857860055],[111.125874194113521,-8.215508636276505],[111.125874609398039,-8.215504423295355],[111.125875023808078,-8.215500219185433],[111.125875437317191,-8.215496024215561],[111.125875849898833,-8.215491838654565],[111.125876261526514,-8.21548766277127],[111.125876672173717,-8.215483496834503],[111.125877081814011,-8.215479341113085],[111.125877490420834,-8.215475195875845],[111.125877897967698,-8.215471061391606],[111.125878304428113,-8.215466937929193],[111.125878709775606,-8.215462825757433],[111.125879113983643,-8.215458725145149],[111.125879517025695,-8.215454636361164],[111.125879918875313,-8.215450559674309],[111.125880319506024,-8.215446495353405],[111.125880718891253,-8.215442443667275],[111.125881117004553,-8.215438404884749],[111.125881513819422,-8.215434379274649],[111.125881909309356,-8.215430367105801],[111.125882303447824,-8.21542636864703],[111.125882696208365,-8.215422384167161],[111.125883087564489,-8.215418413935019],[111.12588347748968,-8.21541445821943],[111.12588386595742,-8.215410517289214],[111.125884252941233,-8.215406591413203],[111.125884638414632,-8.215402680860219],[111.125885022351056,-8.215398785899087],[111.125885404724073,-8.215394906798631],[111.125885785507194,-8.215391043827676],[111.125886164673858,-8.215387197255051],[111.125886542197634,-8.215383367349578],[111.125886918051947,-8.21537955438008],[111.125887292210351,-8.215375758615385],[111.125887664646328,-8.215371980324319],[111.125888035333389,-8.215368219775705],[111.125888404245046,-8.215364477238365],[111.125888771354752,-8.21536075298113],[111.125889136636076,-8.215357047272821],[111.12588950006247,-8.215353360382267],[111.125889861607448,-8.21534969257829],[111.125890221244532,-8.215346044129713],[111.125890578947178,-8.215342415305368],[111.12589093468894,-8.215338806374072],[111.125891288443256,-8.215335217604654],[111.125891640183696,-8.215331649265941],[111.125891989883726,-8.215328101626753],[111.125892337516831,-8.215324574955918],[111.125892683056563,-8.215321069522261],[111.125893026476376,-8.21531758559461],[111.125893367749796,-8.215314123441782],[111.125893706850292,-8.215310683332612],[111.12589404375143,-8.215307265535916],[111.125894378426636,-8.215303870320524],[111.125894710849437,-8.215300497955262],[111.125895040993385,-8.215297148708949],[111.125895368831891,-8.215293822850416],[111.125895694338553,-8.215290520648487],[111.125896017486781,-8.215287242371986],[111.125896338250143,-8.215283988289737],[111.125896656602123,-8.215280758670566],[111.125896972516173,-8.215277553783299],[111.125897285965877,-8.215274373896762],[111.125897596924688,-8.215271219279776],[111.125897905366088,-8.215268090201167],[111.125898211263632,-8.215264986929764],[111.125898514590787,-8.215261909734391],[111.125898815321065,-8.215258858883869],[111.125899113427963,-8.215255834647024],[111.125899408884976,-8.215252837292686],[111.125899701665631,-8.215249867089675],[111.125899991743381,-8.215246924306818],[111.12590027909178,-8.21524400921294],[111.125900563684283,-8.215241122076863],[111.125900845494442,-8.215238263167418],[111.125901124495712,-8.215235432753424],[111.125901400661618,-8.21523263110371],[111.125901673965643,-8.215229858487099],[111.125901944381297,-8.21522711517242],[111.125902211882106,-8.215224401428493],[111.125902476441553,-8.215221717524143],[111.125902738033119,-8.215219063728199],[111.125902996630316,-8.215216440309483],[111.125903252206683,-8.215213847536821],[111.125903504735646,-8.215211285679038],[111.125903754190787,-8.21520875500496],[111.12590400054556,-8.215206255783412],[111.125904243773462,-8.215203788283217],[111.125904483848046,-8.215201352773201],[111.125904720742724,-8.21519894952219],[111.125904954431078,-8.215196578799008],[111.125905184886591,-8.21519424087248],[111.125905412082759,-8.215191936011431],[111.125905635993064,-8.215189664484686],[111.125905856591004,-8.215187426561073],[111.125906073850118,-8.215185222509412],[111.125906287743888,-8.21518305259853],[111.125906498245797,-8.215180917097253],[111.125906705329371,-8.215178816274408],[111.125906908968091,-8.215176750398815],[111.125907109135497,-8.215174719739302],[111.125907305805043,-8.215172724564693],[111.125907498950269,-8.215170765143816],[111.125907688544643,-8.215168841745493],[111.125907874561676,-8.215166954638548],[111.125908056974879,-8.21516510409181],[111.125908235757748,-8.2151632903741],[111.125908410883795,-8.215161513754246],[111.125908582326517,-8.215159774501071],[111.125908750059381,-8.215158072883403],[111.125908914055941,-8.215156409170064],[111.12590907428968,-8.215154783629877],[111.125909230734081,-8.215153196531675],[111.125909383362639,-8.215151648144275],[111.125909532148896,-8.215150138736506],[111.125909677066332,-8.215148668577193],[111.125909818088459,-8.21514723793516],[111.125909955188732,-8.21514584707923],[111.125910088340689,-8.215144496278231],[111.125910217517855,-8.215143185800988],[111.125910342693686,-8.215141915916325],[111.12591046384172,-8.215140686893069],[111.125910580935411,-8.215139499000042],[111.125910693948299,-8.21513835250607],[111.12591080285388,-8.215137247679978],[111.125910907625652,-8.215136184790593],[111.125911008237125,-8.215135164106739],[111.125911104661782,-8.21513418589724],[111.125911196873133,-8.21513325043092],[111.125911284844676,-8.215132357976607],[111.125911368549907,-8.215131508803124],[111.125911447962352,-8.215130703179298],[111.125911523055493,-8.215129941373954],[111.125911593802826,-8.215129223655913],[111.125911660177863,-8.215128550294004],[111.125911722154072,-8.21512792155705],[111.125911779705035,-8.215127337713875],[111.125911832804164,-8.21512679903331],[111.125911881425026,-8.215126305784175],[111.125911925541089,-8.215125858235295],[111.125911965125866,-8.215125456655496],[111.125912000152823,-8.215125101313603],[111.125912030595515,-8.215124792478445],[111.125912056427424,-8.215124530418837],[111.125912077622004,-8.215124315403614],[111.125912094152838,-8.215124147701594],[111.125912105993379,-8.215124027581608],[111.125912113117153,-8.21512395531248],[111.125912115497613,-8.21512393116303]]]}},
{"type":"Feature","properties":{"id":null},"geometry":{"type":"MultiLineString","coordinates":[[[111.125894944286074,-8.214750040767374],[111.125894943095858,-8.214750007586291],[111.125894939533964,-8.214749908289274],[111.125894933613708,-8.214749743245697],[111.125894925348277,-8.214749512824913],[111.125894914751001,-8.214749217396291],[111.125894901834997,-8.214748857329187],[111.125894886613665,-8.21474843299297],[111.125894869100179,-8.214747944757002],[111.125894849307798,-8.214747392990644],[111.12589482724978,-8.214746778063258],[111.125894802939357,-8.214746100344209],[111.125894776389785,-8.214745360202858],[111.125894747614325,-8.214744558008571],[111.125894716626206,-8.214743694130705],[111.125894683438673,-8.214742768938629],[111.125894648065042,-8.214741782801699],[111.125894610518429,-8.214740736089281],[111.125894570812221,-8.21473962917074],[111.125894528959591,-8.214738462415436],[111.125894484973827,-8.214737236192734],[111.125894438868158,-8.214735950871994],[111.12589439065583,-8.21473460682258],[111.125894340350101,-8.214733204413855],[111.125894287964215,-8.214731744015181],[111.125894233511417,-8.214730225995922],[111.125894177004966,-8.214728650725439],[111.125894118458135,-8.214727018573095],[111.125894057884111,-8.214725329908255],[111.125893995296181,-8.214723585100277],[111.125893930707619,-8.214721784518531],[111.125893864131612,-8.214719928532373],[111.12589379558149,-8.214718017511169],[111.125893725070426,-8.214716051824279],[111.125893652611708,-8.214714031841069],[111.125893578218594,-8.2147119579309],[111.125893501904301,-8.214709830463139],[111.125893423682115,-8.21470764980714],[111.125893343565252,-8.214705416332272],[111.125893261566958,-8.214703130407896],[111.125893177700505,-8.214700792403375],[111.125893091979151,-8.214698402688072],[111.125893004416127,-8.214695961631351],[111.125892915024707,-8.214693469602574],[111.125892823818091,-8.2146909269711],[111.125892730809596,-8.214688334106297],[111.125892636012409,-8.214685691377525],[111.125892539439789,-8.214682999154148],[111.125892441105023,-8.214680257805526],[111.125892341021313,-8.214677467701025],[111.125892239201974,-8.214674629210005],[111.125892135660166,-8.214671742701832],[111.125892030409247,-8.214668808545863],[111.125891923462305,-8.214665827111467],[111.125891814832769,-8.214662798768003],[111.125891704533799,-8.214659723884838],[111.125891592578654,-8.214656602831329],[111.125891478980577,-8.214653435976844],[111.125891363752828,-8.214650223690743],[111.125891246908651,-8.214646966342388],[111.125891128461276,-8.214643664301141],[111.125891008423991,-8.214640317936366],[111.125890886810055,-8.214636927617429],[111.12589076363264,-8.214633493713688],[111.125890638905091,-8.214630016594509],[111.125890512640595,-8.214626496629252],[111.125890384852426,-8.214622934187284],[111.125890255553827,-8.214619329637962],[111.12589012475803,-8.214615683350653],[111.125889992478335,-8.214611995694717],[111.12588985872793,-8.21460826703952],[111.125889723520089,-8.21460449775442],[111.125889586868098,-8.214600688208783],[111.125889448785131,-8.214596838771971],[111.125889309284503,-8.214592949813348],[111.125889168379402,-8.214589021702274],[111.125889026083144,-8.214585054808115],[111.125888882408958,-8.214581049500232],[111.125888737370076,-8.214577006147987],[111.125888590979756,-8.214572925120745],[111.125888443251256,-8.214568806787865],[111.125888294197807,-8.214564651518714],[111.125888143832682,-8.214560459682652],[111.125887992169055,-8.214556231649039],[111.125887839220312,-8.214551967787246],[111.125887684999583,-8.214547668466631],[111.125887529520199,-8.214543334056554],[111.125887372795347,-8.214538964926382],[111.125887214838315,-8.214534561445475],[111.125887055662318,-8.214530123983199],[111.125886895280658,-8.214525652908913],[111.125886733706551,-8.214521148591981],[111.125886570953227,-8.214516611401766],[111.125886407033988,-8.214512041707632],[111.125886241962007,-8.21450743987894],[111.1258860757506,-8.214502806285054],[111.125885908412997,-8.214498141295335],[111.125885739962442,-8.214493445279146],[111.125885570412166,-8.21448871860585],[111.125885399775456,-8.214483961644811],[111.125885228065556,-8.21447917476539],[111.125885055295683,-8.21447435833695],[111.125884881479152,-8.214469512728858],[111.125884706629122,-8.214464638310471],[111.12588453075891,-8.214459735451152],[111.125884353881716,-8.214454804520267],[111.125884176010828,-8.214449845887179],[111.125883997159534,-8.214444859921246],[111.125883817340977,-8.214439846991835],[111.125883636568503,-8.214434807468308],[111.125883454855298,-8.214429741720028],[111.125883272214651,-8.214424650116355],[111.125883088659791,-8.214419533026653],[111.125882904203962,-8.21441439082029],[111.125882718860439,-8.214409223866621],[111.12588253264245,-8.214404032535009],[111.125882345563255,-8.214398817194825],[111.125882157636084,-8.214393578215423],[111.125881968874211,-8.21438831596617],[111.125881779290893,-8.214383030816427],[111.125881588899347,-8.214377723135559],[111.125881397712789,-8.214372393292923],[111.125881205744577,-8.214367041657889],[111.125881013007884,-8.214361668599816],[111.12588081951597,-8.214356274488068],[111.125880625282093,-8.214350859692006],[111.125880430319512,-8.214345424580996],[111.125880234641443,-8.214339969524396],[111.125880038261172,-8.214334494891574],[111.125879841191932,-8.214329001051889],[111.125879643446964,-8.214323488374703],[111.125879445039544,-8.214317957229383],[111.125879245982873,-8.214312407985288],[111.125879046290265,-8.214306841011782],[111.125878845974938,-8.21430125667823],[111.125878645050122,-8.21429565535399],[111.125878443529089,-8.214290037408428],[111.125878241425056,-8.214284403210906],[111.125878038751353,-8.214278753130786],[111.125877835521123,-8.214273087537432],[111.125877631747713,-8.214267406800204],[111.12587742744428,-8.214261711288469],[111.125877222624169,-8.214256001371586],[111.125877017300539,-8.214250277418921],[111.125876811486691,-8.214244539799832],[111.125876605195856,-8.214238788883687],[111.125876398441306,-8.214233025039848],[111.125876191236301,-8.214227248637673],[111.125875983594028,-8.214221460046529],[111.125875775527803,-8.214215659635778],[111.125875567050798,-8.21420984777478],[111.125875358176359,-8.214204024832904],[111.125875148917686,-8.214198191179506],[111.125874939288011,-8.214192347183953],[111.125874729300605,-8.214186493215607],[111.125874518968743,-8.214180629643829],[111.125874308305626,-8.214174756837982],[111.125874097324527,-8.214168875167431],[111.125873886038676,-8.214162985001536],[111.12587367446136,-8.214157086709662],[111.125873462605782,-8.214151180661171],[111.125873250485256,-8.214145267225424],[111.125873038112971,-8.214139346771788],[111.125872825502199,-8.214133419669619],[111.125872612666157,-8.214127486288286],[111.12587239961816,-8.214121546997147],[111.125872186371396,-8.214115602165569],[111.125871972939152,-8.214109652162913],[111.125871759334672,-8.214103697358539],[111.125871545571187,-8.214097738121815],[111.125871331661969,-8.2140917748221],[111.12587111762025,-8.214085807828758],[111.125870903459287,-8.21407983751115],[111.12587068919234,-8.214073864238639],[111.125870474832624,-8.214067888380592],[111.125870260393441,-8.214061910306368],[111.125870045887979,-8.214055930385332],[111.125869831329567,-8.21404994898684],[111.125869616731393,-8.214043966480265],[111.125869402106702,-8.214037983234963],[111.125869187468766,-8.214031999620298],[111.125868972830816,-8.214026016005633],[111.125868758206138,-8.214020032760331],[111.125868543607936,-8.214014050253754],[111.125868329049524,-8.214008068855264],[111.125868114544062,-8.214002088934226],[111.125867900104879,-8.213996110860004],[111.125867685745177,-8.213990135001955],[111.125867471478216,-8.213984161729446],[111.125867257317253,-8.21397819141184],[111.125867043275548,-8.213972224418496],[111.125866829366331,-8.213966261118781],[111.12586661560286,-8.213960301882056],[111.125866401998366,-8.213954347077685],[111.125866188566121,-8.213948397075027],[111.125865975319385,-8.213942452243449],[111.12586576227136,-8.21393651295231],[111.12586554943536,-8.213930579570977],[111.12586533682456,-8.21392465246881],[111.125865124452275,-8.213918732015172],[111.125864912331707,-8.213912818579425],[111.125864700476171,-8.213906912530934],[111.125864488898827,-8.21390101423906],[111.125864277613005,-8.213895124073165],[111.125864066631891,-8.213889242402614],[111.125863855968774,-8.213883369596767],[111.125863645636898,-8.213877506024989],[111.125863435649492,-8.213871652056641],[111.125863226019845,-8.213865808061088],[111.12586301676113,-8.213859974407692],[111.125862807886705,-8.213854151465814],[111.125862599409714,-8.213848339604819],[111.125862391343489,-8.213842539194067],[111.12586218370123,-8.213836750602923],[111.125861976496196,-8.21383097420075],[111.125861769741647,-8.213825210356909],[111.12586156345084,-8.213819459440764],[111.125861357636992,-8.213813721821676],[111.125861152313377,-8.21380799786901],[111.125860947493237,-8.213802287952129],[111.125860743189833,-8.213796592440392],[111.125860539416379,-8.213790911703166],[111.125860336186179,-8.213785246109811],[111.125860133512447,-8.21377959602969],[111.125859931408428,-8.213773961832167],[111.125859729887395,-8.213768343886606],[111.125859528962593,-8.213762742562366],[111.125859328647223,-8.213757158228812],[111.125859128954616,-8.213751591255306],[111.125858929897944,-8.213746042011211],[111.125858731490538,-8.21374051086589],[111.125858533745571,-8.213734998188707],[111.12585833667633,-8.213729504349022],[111.12585814029606,-8.213724029716198],[111.125857944617991,-8.2137185746596],[111.125857749655395,-8.213713139548586],[111.125857555421533,-8.213707724752526],[111.125857361929619,-8.21370233064078],[111.125857169192955,-8.213696957582705],[111.125856977224714,-8.213691605947671],[111.125856786038185,-8.21368627610504],[111.125856595646667,-8.213680968424169],[111.12585640606332,-8.213675683274426],[111.125856217301418,-8.213670421025174],[111.125856029374276,-8.213665182045773],[111.125855842295067,-8.213659966705585],[111.125855656077078,-8.213654775373977],[111.125855470733555,-8.213649608420306],[111.125855286277741,-8.213644466213943],[111.12585510272288,-8.213639349124239],[111.125854920082219,-8.213634257520567],[111.125854738369014,-8.213629191772286],[111.125854557596512,-8.213624152248759],[111.125854377777983,-8.213619139319349],[111.125854198926646,-8.213614153353417],[111.125854021055801,-8.213609194720327],[111.125853844178621,-8.213604263789444],[111.125853668308395,-8.213599360930125],[111.125853493458393,-8.213594486511736],[111.125853319641834,-8.213589640903646],[111.125853146871961,-8.213584824475205],[111.125852975162061,-8.213580037595786],[111.125852804525351,-8.213575280634746],[111.125852634975104,-8.213570553961452],[111.125852466524535,-8.213565857945262],[111.125852299186931,-8.213561192955545],[111.12585213297551,-8.213556559361656],[111.125851967903557,-8.213551957532964],[111.12585180398429,-8.21354738783883],[111.12585164123098,-8.213542850648615],[111.125851479656859,-8.213538346331683],[111.125851319275171,-8.213533875257397],[111.125851160099188,-8.21352943779512],[111.12585100214217,-8.213525034314213],[111.125850845417304,-8.213520665184042],[111.12585068993792,-8.213516330773965],[111.125850535717206,-8.21351203145335],[111.125850382768434,-8.213507767591555],[111.125850231104849,-8.213503539557944],[111.125850080739724,-8.213499347721882],[111.125849931686261,-8.213495192452731],[111.125849783957747,-8.213491074119851],[111.125849637567427,-8.213486993092609],[111.125849492528545,-8.213482949740364],[111.125849348854359,-8.213478944432481],[111.125849206558115,-8.213474977538322],[111.125849065653028,-8.213471049427248],[111.125848926152401,-8.213467160468626],[111.125848788069447,-8.213463311031814],[111.125848651417442,-8.213459501486177],[111.125848516209587,-8.21345573220108],[111.125848382459196,-8.21345200354588],[111.125848250179459,-8.213448315889943],[111.12584811938369,-8.213444669602634],[111.125847990085077,-8.213441065053312],[111.125847862296908,-8.213437502611344],[111.125847736032441,-8.213433982646087],[111.125847611304863,-8.213430505526906],[111.125847488127476,-8.213427071623165],[111.125847366513511,-8.21342368130423],[111.125847246476241,-8.213420334939455],[111.12584712802888,-8.21341703289821],[111.125847011184689,-8.213413775549855],[111.125846895956954,-8.213410563263752],[111.125846782358892,-8.213407396409266],[111.125846670403718,-8.213404275355758],[111.125846560104762,-8.213401200472591],[111.125846451475198,-8.213398172129128],[111.125846344528327,-8.213395190694733],[111.125846239277351,-8.213392256538768],[111.125846135735571,-8.213389370030594],[111.125846033916204,-8.213386531539573],[111.125845933832508,-8.213383741435072],[111.125845835497728,-8.21338100008645],[111.125845738925122,-8.213378307863071],[111.125845644127921,-8.213375665134299],[111.125845551119411,-8.213373072269496],[111.12584545991281,-8.213370529638022],[111.12584537052139,-8.213368037609243],[111.125845282958352,-8.213365596552523],[111.125845197236998,-8.213363206837219],[111.125845113370545,-8.2133608688327],[111.125845031372279,-8.213358582908324],[111.125844951255402,-8.213356349433456],[111.125844873033216,-8.213354168777458],[111.125844796718923,-8.213352041309694],[111.125844722325795,-8.213349967399525],[111.125844649867076,-8.213347947416317],[111.125844579356041,-8.213345981729427],[111.125844510805891,-8.213344070708223],[111.125844444229912,-8.213342214722065],[111.125844379641322,-8.213340414140317],[111.125844317053406,-8.213338669332341],[111.125844256479397,-8.213336980667499],[111.125844197932551,-8.213335348515155],[111.1258441414261,-8.213333773244674],[111.125844086973316,-8.213332255225415],[111.125844034587416,-8.21333079482674],[111.125843984281687,-8.213329392418014],[111.125843936069359,-8.2133280483686],[111.12584388996369,-8.213326763047862],[111.125843845977911,-8.21332553682516],[111.125843804125296,-8.213324370069854],[111.125843764419074,-8.213323263151313],[111.125843726872517,-8.213322216438897],[111.125843691498829,-8.213321230301968],[111.125843658311325,-8.213320305109891],[111.125843627323206,-8.213319441232025],[111.125843598547732,-8.213318639037738],[111.125843571998161,-8.213317898896387],[111.125843547687737,-8.213317221177336],[111.125843525629705,-8.213316606249952],[111.125843505837324,-8.213316054483593],[111.125843488323838,-8.213315566247626],[111.125843473102492,-8.21331514191141],[111.12584346018653,-8.213314781844309],[111.12584344958924,-8.213314486415683],[111.125843441323823,-8.213314255994902],[111.125843435403553,-8.21331409095132],[111.125843431841673,-8.213313991654307],[111.125843430651443,-8.213313958473222]]]}},
{"type":"Feature","properties":{"id":null},"geometry":{"type":"MultiLineString","coordinates":[[[111.125800502622567,-8.212753120190213],[111.125800508948245,-8.212753092507914],[111.125800527789067,-8.212753009672282],[111.125800558940767,-8.212752872000232],[111.125800602199135,-8.212752679808679],[111.125800657359861,-8.212752433414522],[111.125800724218635,-8.212752133134678],[111.12580080257132,-8.212751779286059],[111.125800892213576,-8.212751372185574],[111.125800992941137,-8.212750912150131],[111.125801104549765,-8.212750399496642],[111.125801226835236,-8.212749834542018],[111.125801359593225,-8.21274921760317],[111.125801502619481,-8.212748548997006],[111.125801655709765,-8.212747829040438],[111.125801818659795,-8.212747058050375],[111.125801991265334,-8.212746236343728],[111.125802173322057,-8.212745364237406],[111.125802364625812,-8.212744442048324],[111.125802564972247,-8.212743470093388],[111.125802774157137,-8.212742448689511],[111.125802991976244,-8.2127413781536],[111.125803218225244,-8.212740258802567],[111.125803452699913,-8.212739090953326],[111.125803695195998,-8.21273787492278],[111.125803945509205,-8.212736611027847],[111.12580420343528,-8.212735299585432],[111.125804468769985,-8.212733940912447],[111.125804741309054,-8.212732535325804],[111.125805020848176,-8.212731083142408],[111.125805307183171,-8.212729584679174],[111.125805600109743,-8.212728040253015],[111.125805899423639,-8.212726450180837],[111.125806204920579,-8.21272481477955],[111.125806516396295,-8.212723134366069],[111.125806833646536,-8.212721409257298],[111.125807156467047,-8.21271963977015],[111.125807484653564,-8.212717826221537],[111.125807818001846,-8.21271596892837],[111.125808156307528,-8.212714068207553],[111.125808499366485,-8.212712124376004],[111.125808846974408,-8.21271013775063],[111.125809198927016,-8.212708108648341],[111.125809555020055,-8.212706037386049],[111.12580991504926,-8.212703924280662],[111.125810278810391,-8.212701769649094],[111.125810646099168,-8.21269957380825],[111.125811016711339,-8.212697337075046],[111.125811390442635,-8.212695059766389],[111.125811767088791,-8.212692742199188],[111.125812146445568,-8.212690384690358],[111.125812528308686,-8.212687987556809],[111.125812912473876,-8.212685551115445],[111.125813298736858,-8.212683075683179],[111.125813686893423,-8.212680561576926],[111.125814076739303,-8.212678009113596],[111.125814468070203,-8.212675418610093],[111.125814860681885,-8.212672790383332],[111.125815254370082,-8.212670124750222],[111.125815648930526,-8.212667422027675],[111.125816044158938,-8.2126646825326],[111.125816439851093,-8.212661906581905],[111.125816835802709,-8.212659094492505],[111.125817231809549,-8.212656246581307],[111.125817627667317,-8.212653363165225],[111.125818023171789,-8.212650444561165],[111.125818418118669,-8.21264749108604],[111.125818812303734,-8.212644503056762],[111.125819205522674,-8.212641480790234],[111.125819597571251,-8.212638424603375],[111.125819988245212,-8.212635334813092],[111.12582037734029,-8.212632211736294],[111.125820764652232,-8.212629055689892],[111.12582114997673,-8.212625866990798],[111.125821533109558,-8.21262264595592],[111.125821913846465,-8.212619392902166],[111.12582229198317,-8.212616108146456],[111.125822667315433,-8.212612792005693],[111.125823039638973,-8.212609444796788],[111.12582340874954,-8.212606066836653],[111.125823774442878,-8.212602658442195],[111.125824136514709,-8.212599219930329],[111.125824494760792,-8.212595751617963],[111.125824848976791,-8.212592253822004],[111.125825198958552,-8.212588726859368],[111.125825544501765,-8.212585171046966],[111.125825885402193,-8.212581586701704],[111.125826221455526,-8.212577974140492],[111.125826552457539,-8.212574333680244],[111.125826878203966,-8.21257066563787],[111.125827198490512,-8.212566970330275],[111.125827513112966,-8.212563248074378],[111.125827821867034,-8.212559499187082],[111.125828124548491,-8.212555723985304],[111.125828420952999,-8.212551922785945],[111.125828710876391,-8.212548095905923],[111.125828994114329,-8.212544243662148],[111.125829270462589,-8.212540366371526],[111.125829539716904,-8.212536464350972],[111.125829801673021,-8.21253253791739],[111.125830056126659,-8.212528587387698],[111.125830302873581,-8.212524613078802],[111.12583054170949,-8.212520615307614],[111.125830772430191,-8.212516594391044],[111.125830994831347,-8.212512550646002],[111.125831208708703,-8.212508484389398],[111.125831413858037,-8.212504395938144],[111.125831610075096,-8.212500285609147],[111.125831797155598,-8.212496153719322],[111.125831974895249,-8.212492000585577],[111.125832143089866,-8.212487826524821],[111.125832301535098,-8.212483631853965],[111.125832450026735,-8.212479416889922],[111.125832588360495,-8.212475181949598],[111.125832716332155,-8.212470927349907],[111.125832833737405,-8.212466653407759],[111.125832940372021,-8.212462360440064],[111.125833036031707,-8.212458048763731],[111.125833120512226,-8.212453718695668],[111.12583319360931,-8.212449370552791],[111.125833255118678,-8.212445004652011],[111.125833304836092,-8.212440621310229],[111.1258333425573,-8.212436220844365],[111.125833368078005,-8.212431803571327],[111.125833381193985,-8.212427369808022],[111.125833381700957,-8.212422919871365],[111.125833369394655,-8.212418454078264],[111.125833344070827,-8.212413972745626],[111.125833305525219,-8.212409476190366],[111.125833253553566,-8.212404964729396],[111.125833187951585,-8.212400438679623],[111.125833108515025,-8.212395898357956],[111.12583301503966,-8.212391344081309],[111.125832907321211,-8.212386776166591],[111.125832785155382,-8.212382194930711],[111.125832648337934,-8.212377600690582],[111.1258324966646,-8.212372993763109],[111.125832329931114,-8.212368374465209],[111.125832147933266,-8.212363743113789],[111.125831950466733,-8.212359100025759],[111.12583173732726,-8.212354445518029],[111.125831508310611,-8.212349779907514],[111.125831263212504,-8.212345103511119],[111.125831001828686,-8.212340416645755],[111.125830723954891,-8.212335719628335],[111.125830429386866,-8.212331012775769],[111.125830117920344,-8.212326296404964],[111.125829789351059,-8.212321570832835],[111.1258294434748,-8.212316836376287],[111.125829080087215,-8.212312093352237],[111.125828698984094,-8.212307342077589],[111.125828299961185,-8.212302582869256],[111.125827882814207,-8.212297816044149],[111.125827447338906,-8.21229304191918],[111.125826993331017,-8.212288260811256],[111.125826520586315,-8.212283473037292],[111.125826028900462,-8.212278678914188],[111.125825518069249,-8.212273878758868],[111.125824987888407,-8.212269072888231],[111.125824438153671,-8.212264261619193],[111.12582386866076,-8.212259445268664],[111.125823279205477,-8.212254624153557],[111.125822669583499,-8.212249798590776],[111.12582203959056,-8.212244968897235],[111.12582138902242,-8.212240135389845],[111.125820717674827,-8.212235298385512],[111.125820025343501,-8.21223045820115],[111.125819311824202,-8.21222561515367],[111.12581857691265,-8.21222076955998],[111.125817820404592,-8.212215921736995],[111.125817042095747,-8.212211072001621],[111.125816241781905,-8.212206220670767],[111.125815419258714,-8.212201368061347],[111.125814574322021,-8.212196514490273],[111.125813706767502,-8.212191660274449],[111.125812816390891,-8.212186805730788],[111.125811902987962,-8.212181951176206],[111.125810966354408,-8.212177096927606],[111.125810006286031,-8.2121722433019],[111.125809022578522,-8.212167390616003],[111.125808015027602,-8.212162539186817],[111.125806983429072,-8.21215768933126],[111.125805927578597,-8.212152841366237],[111.125804847271979,-8.212147995608662],[111.125803742304925,-8.212143152375443],[111.125802612473151,-8.212138311983495],[111.125801457572464,-8.212133474749724],[111.125800277398554,-8.21212864099104],[111.125799071747153,-8.212123811024352],[111.125797840414009,-8.212118985166576],[111.125796583194898,-8.212114163734618],[111.125795299885496,-8.212109347045393],[111.125793990281579,-8.212104535415804],[111.125792654178895,-8.212099729162766],[111.125791291373162,-8.212094928603189],[111.125789901660113,-8.212090134053984],[111.125788484835496,-8.212085345832062],[111.125787040695045,-8.212080564254331],[111.12578556903452,-8.212075789637698],[111.125784069649626,-8.212071022299082],[111.12578254233614,-8.212066262555389],[111.125780986889765,-8.212061510723526],[111.125779403106236,-8.21205676712041],[111.125777790781342,-8.21205203206295],[111.125776149710774,-8.212047305868049],[111.125774479690293,-8.212042588852626],[111.125772780515604,-8.212037881333586],[111.125771051982511,-8.212033183627842],[111.125769293886691,-8.212028496052305],[111.125767506023891,-8.212023818923885],[111.125765688189887,-8.212019152559488],[111.125763840180397,-8.21201449727603],[111.125761961791142,-8.21200985339042],[111.125760052817867,-8.212005221219568],[111.125758113056321,-8.212000601080382],[111.125756142302251,-8.211995993289776],[111.125754140351376,-8.211991398164658],[111.125752106999443,-8.211986816021941],[111.125750042042213,-8.211982247178531],[111.125747945275364,-8.21197769195134],[111.125745816494685,-8.211973150657283],[111.125743655495938,-8.211968623613263],[111.125741462074785,-8.211964111136197],[111.12573923602703,-8.211959613542991],[111.12573697714835,-8.211955131150555],[111.125734685234562,-8.211950664275802],[111.125732360081344,-8.211946213235642],[111.125730001484442,-8.211941778346985],[111.125727609239618,-8.21193735992674],[111.125725183142606,-8.21193295829182],[111.125722722989124,-8.211928573759131],[111.12572022857492,-8.211924206645589],[111.125717699695741,-8.2119198572681],[111.125715136147335,-8.211915525943578],[111.125712537725406,-8.211911212988928],[111.125709904225715,-8.211906918721066],[111.125707235443997,-8.2119026434569],[111.125704531176012,-8.21189838751334],[111.125701791217466,-8.211894151207295],[111.12569901536412,-8.211889934855678],[111.125696203411678,-8.211885738775401],[111.125693355155931,-8.21188156328337],[111.12569047039257,-8.211877408696498],[111.125687548917341,-8.211873275331694],[111.125684590526021,-8.211869163505867],[111.125681595014299,-8.211865073535929],[111.125678562177967,-8.211861005738797],[111.125675491812714,-8.211856960431367],[111.125672383714317,-8.211852937930564],[111.125669237678466,-8.211848938553286],[111.12566605350095,-8.211844962616452],[111.125662830977461,-8.211841010436968],[111.125659569903775,-8.211837082331748],[111.125656270075638,-8.211833178617699],[111.125652931288755,-8.211829299611733],[111.125649553338889,-8.21182544563076],[111.125646136021757,-8.211821616991688],[111.125642679133108,-8.211817814011432],[111.125639182468674,-8.211814037006901],[111.125635645824218,-8.211810286295002],[111.125632068995458,-8.211806562192649],[111.125628451778127,-8.21180286501675],[111.125624793967972,-8.211799195084216],[111.125621095360714,-8.21179555271196],[111.125617355752155,-8.211791938216887],[111.125613574937958,-8.211788351915914],[111.125609752713899,-8.211784794125945],[111.125605888875697,-8.211781265163896],[111.125601983219127,-8.211777765346673],[111.125598035539895,-8.211774294991187],[111.125594045633719,-8.211770854414352],[111.125590013296403,-8.211767443933073],[111.125585938323624,-8.211764063864265],[111.125581820511172,-8.211760714524836],[111.125577659654738,-8.211757396231695],[111.125573455550096,-8.211754109301758],[111.125569207992953,-8.21175085405193],[111.125564916779084,-8.21174763079912],[111.125560581704178,-8.211744439860244],[111.125556202564056,-8.211741281552209],[111.125551779154364,-8.211738156191926],[111.125547311270878,-8.211735064096304],[111.125542798709347,-8.211732005582256],[111.125538241265502,-8.211728980966692],[111.125533638735078,-8.211725990566521],[111.125528990913836,-8.21172303469865],[111.12552429759748,-8.21172011368],[111.125519558581772,-8.211717227827469],[111.125514773662417,-8.211714377457975],[111.125509942635219,-8.211711562888427],[111.12550506529584,-8.211708784435734],[111.125500141440085,-8.211706042416806],[111.125495170863644,-8.211703337148554],[111.125490153362293,-8.211700668947891],[111.125485088731736,-8.211698038131724],[111.125479976767721,-8.211695445016964],[111.12547481726601,-8.211692889920521],[111.125469610022321,-8.211690373159307],[111.125464354832388,-8.211687895050231],[111.125459051491944,-8.211685455910205],[111.125453699796779,-8.211683056056136],[111.125448299542569,-8.21168069580494],[111.125442850525076,-8.211678375473522],[111.125437352540033,-8.211676095378794],[111.125431805383215,-8.211673855837665],[111.1254262088503,-8.21167165716705],[111.125420562737077,-8.211669499683858],[111.12541486683925,-8.211667383704995],[111.125409120952597,-8.211665309547373],[111.125403324872821,-8.211663277527904],[111.125397478395655,-8.2116612879635],[111.125391581316876,-8.211659341171067],[111.125385633432202,-8.211657437467521],[111.125379634537339,-8.211655577169765],[111.125373584428075,-8.211653760594714],[111.125367482900131,-8.21165198805928],[111.125361329749268,-8.21165025988037],[111.125355124771161,-8.211648576374895],[111.125348867761602,-8.211646937859763],[111.125342558516337,-8.211645344651892],[111.125336196831071,-8.211643797068184],[111.125329782501552,-8.211642295425554],[111.125323315323527,-8.211640840040911],[111.125316795092729,-8.211639431231168],[111.125310221604892,-8.21163806931323],[111.125303594655747,-8.211636754604012],[111.125296914041058,-8.21163548742042],[111.125290179556572,-8.21163426807937],[111.125283390997978,-8.211633096897769],[111.125276548161054,-8.211631974192526],[111.12526965084156,-8.211630900280554],[111.125262698835158,-8.211629875478762],[111.12525569193761,-8.21162890010406],[111.125248629944721,-8.211627974473362],[111.125241512652181,-8.211627098903573],[111.125234339855709,-8.211626273711609],[111.125227111351066,-8.211625499214376],[111.125219826934014,-8.211624775728785],[111.125212486400258,-8.211624103571749],[111.125205089545545,-8.211623483060173],[111.125197636165595,-8.211622914510972],[111.125190126056211,-8.211622398241056],[111.125182559013055,-8.211621934567333],[111.125174934831904,-8.211621523806716],[111.12516725330849,-8.211621166276112],[111.125159514238547,-8.211620862292438],[111.125151717417808,-8.211620612172597],[111.125143862642062,-8.211620416233501],[111.125135949706973,-8.211620274792065],[111.125127978408344,-8.211620188165194],[111.125119948541823,-8.211620156669799],[111.125111859903271,-8.211620180622793],[111.125103712288336,-8.211620260341084],[111.125095505492794,-8.211620396141585],[111.12508723931235,-8.211620588341205],[111.125078913542808,-8.211620837256858],[111.12507052797983,-8.211621143205443],[111.12506208241922,-8.211621506503882],[111.125053576656654,-8.21162192746908],[111.125045010487952,-8.21162240641795],[111.12503638370876,-8.2116229436674]]]}},
{"type":"Feature","properties":{"id":null},"geometry":{"type":"MultiLineString","coordinates":[[[111.124435391304644,-8.21178439765335],[111.124435361151981,-8.211784387836399],[111.124435270917758,-8.211784358458402],[111.124435120937562,-8.211784309628641],[111.124434911547127,-8.211784241456387],[111.124434643082083,-8.211784154050928],[111.12443431587802,-8.21178404752154],[111.124433930270683,-8.211783921977501],[111.124433486595635,-8.211783777528094],[111.124432985188619,-8.211783614282599],[111.124432426385226,-8.211783432350293],[111.124431810521116,-8.211783231840457],[111.124431137931936,-8.211783012862368],[111.124430408953373,-8.211782775525309],[111.124429623921031,-8.211782519938559],[111.124428783170586,-8.211782246211396],[111.124427887037683,-8.2117819544531],[111.12442693585794,-8.211781644772948],[111.12442592996706,-8.211781317280227],[111.124424869700704,-8.211780972084211],[111.124423755394488,-8.211780609294181],[111.124422587384075,-8.211780229019416],[111.12442136600508,-8.211779831369196],[111.124420091593208,-8.211779416452801],[111.124418764484105,-8.211778984379512],[111.124417385013402,-8.211778535258604],[111.124415953516717,-8.21177806919936],[111.124414470329782,-8.211777586311058],[111.1244129357882,-8.21177708670298],[111.124411350227589,-8.211776570484401],[111.124409713983681,-8.211776037764608],[111.124408027392036,-8.211775488652874],[111.1244062907884,-8.211774923258481],[111.124404504508377,-8.21177434169071],[111.124402668887612,-8.211773744058839],[111.124400784261766,-8.211773130472146],[111.124398850966472,-8.211772501039912],[111.124396869337403,-8.211771855871419],[111.124394839710234,-8.211771195075944],[111.124392762420541,-8.211770518762762],[111.124390637804026,-8.211769827041163],[111.124388466196351,-8.211769120020421],[111.12438624793316,-8.211768397809815],[111.1243839833501,-8.211767660518625],[111.124381672782803,-8.211766908256132],[111.124379316566959,-8.211766141131614],[111.124376915038141,-8.211765359254349],[111.12437446853211,-8.211764562733622],[111.124371977384428,-8.211763751678708],[111.12436944193081,-8.211762926198887],[111.124366862506861,-8.211762086403443],[111.124364239448241,-8.211761232401647],[111.124361573090638,-8.211760364302789],[111.124358863769629,-8.211759482216136],[111.124356111820944,-8.21175858625098],[111.124353317580187,-8.211757676516596],[111.124350481383019,-8.211756753122263],[111.124347603565113,-8.211755816177259],[111.124344684462102,-8.211754865790866],[111.124341724409646,-8.211753902072363],[111.12433872374335,-8.21175292513103],[111.124335682798886,-8.211751935076144],[111.124332601911988,-8.211750932016987],[111.124329481418229,-8.211749916062837],[111.124326321653257,-8.21174888732298],[111.124323122952731,-8.211747845906686],[111.124319885652326,-8.211746791923241],[111.124316610087703,-8.211745725481922],[111.124313296594451,-8.21174464669201],[111.124309945508259,-8.211743555662782],[111.1243065571648,-8.21174245250352],[111.124303131899694,-8.211741337323504],[111.124299670048615,-8.211740210232012],[111.124296171947179,-8.211739071338323],[111.124292637931049,-8.21173792075172],[111.124289068335884,-8.211736758581475],[111.124285463497358,-8.211735584936877],[111.12428182375109,-8.211734399927202],[111.124278149432755,-8.21173320366173],[111.124274440877983,-8.211731996249737],[111.124270698422436,-8.211730777800506],[111.124266922401773,-8.211729548423317],[111.124263113151642,-8.211728308227446],[111.124259271007645,-8.211727057322177],[111.124255396305486,-8.211725795816786],[111.124251489380839,-8.211724523820555],[111.124247550569308,-8.211723241442764],[111.124243580206567,-8.211721948792691],[111.124239578628234,-8.211720645979618],[111.124235546170027,-8.211719333112818],[111.124231483167534,-8.211718010301578],[111.124227389956431,-8.211716677655174],[111.124223266872363,-8.211715335282886],[111.124219114250991,-8.211713983293997],[111.124214932427961,-8.211712621797782],[111.124210721738905,-8.211711250903521],[111.124206482519511,-8.211709870720492],[111.124202215105399,-8.211708481357983],[111.124197919832227,-8.211707082925265],[111.124193597035656,-8.21170567553162],[111.124189247051348,-8.211704259286327],[111.124184870214933,-8.21170283429867],[111.124180466862057,-8.211701400677924],[111.124176037328397,-8.211699958533368],[111.124171581949582,-8.211698507974287],[111.124167101061275,-8.211697049109954],[111.124162594999106,-8.211695582049652],[111.124158064098751,-8.211694106902661],[111.124153508695869,-8.21169262377826],[111.124148929126122,-8.211691132785727],[111.124144325725112,-8.211689634034345],[111.124139698828515,-8.211688127633392],[111.124135048771961,-8.211686613692146],[111.124130375891156,-8.211685092319888],[111.124125680521701,-8.211683563625899],[111.124120962999257,-8.211682027719455],[111.124116223659485,-8.211680484709838],[111.124111462838044,-8.211678934706326],[111.124106680870568,-8.211677377818202],[111.124101878092716,-8.211675814154741],[111.124097054840121,-8.211674243825227],[111.124092211448442,-8.211672666938936],[111.124087348253354,-8.211671083605149],[111.124082465590504,-8.211669493933144],[111.124077563795524,-8.211667898032207],[111.124072643204073,-8.211666296011611],[111.124067704151813,-8.211664687980635],[111.124062746974346,-8.211663074048563],[111.124057772007404,-8.211661454324672],[111.124052779586577,-8.211659828918242],[111.124047770047554,-8.211658197938554],[111.124042743725937,-8.211656561494886],[111.124037700957444,-8.211654919696517],[111.124032642077694,-8.211653272652731],[111.124027567422331,-8.211651620472802],[111.124022477326989,-8.211649963266012],[111.124017372127341,-8.21164830114164],[111.124012252159062,-8.211646634208966],[111.12400711775777,-8.211644962577273],[111.124001969259126,-8.211643286355832],[111.123996806998775,-8.211641605653931],[111.123991631312364,-8.211639920580843],[111.123986442535568,-8.211638231245853],[111.123981241004032,-8.21163653775824],[111.123976027053374,-8.21163484022728],[111.123970801019269,-8.211633138762252],[111.123965563237363,-8.211631433472443],[111.123960314043359,-8.211629724467127],[111.123955053772832,-8.211628011855584],[111.123949782761485,-8.211626295747093],[111.123944501344909,-8.211624576250934],[111.123939209858833,-8.21162285347639],[111.123933908638861,-8.211621127532737],[111.123928598020655,-8.211619398529255],[111.123923278339873,-8.211617666575226],[111.123917949932149,-8.211615931779926],[111.123912613133143,-8.211614194252636],[111.123907268278515,-8.211612454102637],[111.123901915703897,-8.211610711439207],[111.123896555744963,-8.211608966371623],[111.123891188737332,-8.211607219009171],[111.12388581501672,-8.211605469461126],[111.123880434918703,-8.21160371783677],[111.123875048778956,-8.211601964245379],[111.123869656933152,-8.211600208796236],[111.123864259716925,-8.211598451598622],[111.123858857465905,-8.211596692761809],[111.123853450515782,-8.211594932395085],[111.123848039202215,-8.211593170607726],[111.12384262386081,-8.211591407509012],[111.123837204827225,-8.211589643208221],[111.123831782437165,-8.211587877814637],[111.123826357026218,-8.211586111437532],[111.123820928930073,-8.211584344186193],[111.123815498484362,-8.211582576169899],[111.12381006602476,-8.211580807497924],[111.123804631886884,-8.211579038279552],[111.123799196406409,-8.211577268624062],[111.12379375991901,-8.211575498640737],[111.123788322760262,-8.211573728438847],[111.123782885265882,-8.211571958127681],[111.123777447771516,-8.211570187816513],[111.123772010612782,-8.211568417614625],[111.123766574125355,-8.211566647631297],[111.123761138644866,-8.211564877975807],[111.123755704507005,-8.211563108757435],[111.123750272047403,-8.211561340085462],[111.123744841601692,-8.211559572069167],[111.123739413505561,-8.211557804817827],[111.1237339880946,-8.211556038440726],[111.123728565704539,-8.21155427304714],[111.123723146670969,-8.211552508746349],[111.123717731329577,-8.211550745647635],[111.123712320015983,-8.211548983860276],[111.123706913065874,-8.211547223493554],[111.123701510814868,-8.211545464656743],[111.123696113598641,-8.211543707459125],[111.123690721752837,-8.211541952009982],[111.123685335613089,-8.211540198418593],[111.123679955515087,-8.211538446794236],[111.123674581794432,-8.211536697246192],[111.123669214786815,-8.211534949883738],[111.123663854827896,-8.211533204816156],[111.123658502253249,-8.211531462152724],[111.123653157398621,-8.211529722002725],[111.123647820599615,-8.211527984475435],[111.123642492191891,-8.211526249680135],[111.12363717251111,-8.211524517726104],[111.123631861892903,-8.211522788722622],[111.123626560672932,-8.211521062778969],[111.123621269186856,-8.211519340004426],[111.123615987770307,-8.211517620508268],[111.123610716758947,-8.211515904399779],[111.123605456488434,-8.211514191788234],[111.123600207294402,-8.211512482782917],[111.12359496951251,-8.211510777493107],[111.123589743478419,-8.211509076028083],[111.123584529527761,-8.211507378497123],[111.123579327996225,-8.211505685009508],[111.123574139219414,-8.211503995674519],[111.123568963533017,-8.211502310601432],[111.123563801272667,-8.211500629899529],[111.123558652774022,-8.211498953678092],[111.123553518372717,-8.211497282046395],[111.123548398404424,-8.211495615113719],[111.12354329320479,-8.211493952989349],[111.123538203109462,-8.211492295782557],[111.123533128454085,-8.211490643602628],[111.12352806957432,-8.211488996558842],[111.123523026805799,-8.211487354760473],[111.123518000484211,-8.211485718316807],[111.123512990945187,-8.211484087337118],[111.12350799852436,-8.211482461930689],[111.123503023557404,-8.211480842206797],[111.123498066379966,-8.211479228274726],[111.12349312732772,-8.211477620243752],[111.123488206736241,-8.211476018223156],[111.123483304941288,-8.211474422322214],[111.123478422278396,-8.211472832650212],[111.123473559083322,-8.211471249316427],[111.123468715691672,-8.211469672430134],[111.123463892439091,-8.21146810210062],[111.123459089661225,-8.211466538437159],[111.123454307693748,-8.211464981549035],[111.123449546872308,-8.211463431545525],[111.123444807532522,-8.211461888535906],[111.123440090010092,-8.211460352629462],[111.123435394640637,-8.211458823935473],[111.123430721759803,-8.211457302563213],[111.123426071703264,-8.211455788621969],[111.123421444806667,-8.211454282221013],[111.123416841405657,-8.211452783469632],[111.123412261835881,-8.211451292477101],[111.123407706432985,-8.2114498093527],[111.123403175532644,-8.211448334205709],[111.123398669470504,-8.211446867145408],[111.123394188582211,-8.211445408281076],[111.123389733203368,-8.211443957721992],[111.123385303669707,-8.211442515577438],[111.12338090031686,-8.211441081956693],[111.123376523480445,-8.211439656969034],[111.123372173496122,-8.211438240723743],[111.123367850699552,-8.211436833330097],[111.123363555426394,-8.211435434897378],[111.123359288012281,-8.211434045534867],[111.123355048792888,-8.211432665351843],[111.123350838103846,-8.211431294457581],[111.123346656280802,-8.211429932961366],[111.123342503659416,-8.211428580972473],[111.123338380575362,-8.211427238600187],[111.123334287364258,-8.211425905953783],[111.123330224361766,-8.211424583142543],[111.12332619190353,-8.211423270275745],[111.123322190325212,-8.21142196746267],[111.123318219962457,-8.211420674812596],[111.12331428115094,-8.211419392434804],[111.123310374226278,-8.211418120438573],[111.123306499524119,-8.211416858933184],[111.123302657380165,-8.211415608027913],[111.12329884813002,-8.211414367832045],[111.123295072109357,-8.211413138454855],[111.123291329653782,-8.211411920005624],[111.123287621099024,-8.211410712593633],[111.123283946780688,-8.211409516328159],[111.123280307034435,-8.211408331318482],[111.123276702195909,-8.211407157673882],[111.12327313260073,-8.211405995503643],[111.123269598584628,-8.211404844917038],[111.123266100483193,-8.211403706023351],[111.123262638632099,-8.211402578931857],[111.123259213366993,-8.211401463751841],[111.123255825023506,-8.211400360592577],[111.123252473937328,-8.211399269563353],[111.12324916044409,-8.211398190773439],[111.123245884879438,-8.21139712433212],[111.123242647579033,-8.211396070348673],[111.123239448878508,-8.211395028932381],[111.123236289113549,-8.211394000192522],[111.123233168619777,-8.211392984238373],[111.123230087732864,-8.211391981179217],[111.123227046788429,-8.211390991124331],[111.123224046122161,-8.211390014182999],[111.123221086069691,-8.211389050464495],[111.12321816696668,-8.211388100078102],[111.123215289148746,-8.2113871631331],[111.123212452951606,-8.211386239738765],[111.123209658710834,-8.211385330004379],[111.12320690676215,-8.211384434039223],[111.123204197441169,-8.211383551952574],[111.123201531083552,-8.211382683853714],[111.123198908024918,-8.211381829851922],[111.123196328600969,-8.211380990056474],[111.123193793147337,-8.211380164576655],[111.123191301999682,-8.211379353521739],[111.123188855493638,-8.211378557001012],[111.123186453964834,-8.211377775123749],[111.123184097748961,-8.21137700799923],[111.123181787181679,-8.211376255736736],[111.123179522598619,-8.211375518445545],[111.123177304335414,-8.21137479623494],[111.123175132727724,-8.211374089214198],[111.123173008111237,-8.211373397492597],[111.123170930821573,-8.211372721179417],[111.123168901194362,-8.211372060383942],[111.123166919565293,-8.211371415215448],[111.123164986270012,-8.211370785783217],[111.123163101644167,-8.211370172196522],[111.123161266023402,-8.211369574564651],[111.123159479743364,-8.21136899299688],[111.123157743139714,-8.211368427602487],[111.123156056548098,-8.211367878490753],[111.123154420304189,-8.211367345770958],[111.123152834743593,-8.211366829552382],[111.123151300202011,-8.211366329944303],[111.123149817015047,-8.211365847056001],[111.123148385518391,-8.211365380996757],[111.12314700604766,-8.211364931875851],[111.12314567893857,-8.21136449980256],[111.123144404526698,-8.211364084886164],[111.123143183147704,-8.211363687235945],[111.12314201513729,-8.211363306961179],[111.123140900831061,-8.21136294417115],[111.123139840564704,-8.211362598975134],[111.123138834673838,-8.211362271482411],[111.123137883494095,-8.211361961802263],[111.123136987361207,-8.211361670043967],[111.123136146610761,-8.211361396316802],[111.12313536157842,-8.211361140730052],[111.123134632599829,-8.211360903392993],[111.123133960010662,-8.211360684414904],[111.123133344146552,-8.211360483905068],[111.123132785343145,-8.211360301972762],[111.123132283936116,-8.211360138727267],[111.123131840261124,-8.211359994277858],[111.123131454653759,-8.211359868733821],[111.123131127449724,-8.211359762204433],[111.123130858984666,-8.211359674798976],[111.123130649594231,-8.211359606626722],[111.123130499614035,-8.211359557796957],[111.123130409379812,-8.21135952841896],[111.123130379227135,-8.211359518602011]]]}},
{"type":"Feature","properties":{"id":null},"geometry":{"type":"MultiLineString","coordinates":[[[111.122864225448154,-8.211283040324483],[111.122864212558142,-8.211283033433666],[111.122864174000767,-8.211283012736455],[111.122864109944942,-8.211282978195687],[111.122864020559575,-8.21128292977421],[111.122863906013606,-8.211282867434869],[111.12286376647593,-8.211282791140505],[111.122863602115615,-8.211282700853969],[111.122863413101442,-8.2112825965381],[111.122863199602421,-8.211282478155749],[111.122862961787419,-8.211282345669755],[111.122862699825419,-8.211282199042962],[111.122862413885343,-8.21128203823822],[111.12286210413609,-8.211281863218369],[111.122861770746624,-8.211281673946257],[111.122861413885857,-8.211281470384728],[111.122861033722714,-8.211281252496626],[111.122860630426132,-8.211281020244794],[111.122860204165036,-8.211280773592081],[111.122859755108365,-8.211280512501329],[111.122859283425072,-8.211280236935384],[111.122858789284038,-8.21127994685709],[111.122858272854245,-8.21127964222929],[111.12285773430456,-8.21127932301483],[111.122857173803951,-8.211278989176556],[111.122856591521355,-8.211278640677312],[111.122855987625655,-8.211278277479943],[111.122855362285861,-8.211277899547291],[111.122854715670854,-8.211277506842205],[111.122854047949474,-8.211277099327525],[111.122853359290843,-8.211276676966103],[111.122852649863773,-8.211276239720776],[111.122851919837174,-8.211275787554392],[111.122851169380056,-8.211275320429797],[111.122850398661285,-8.211274838309834],[111.12284960784983,-8.211274341157349],[111.122848797114585,-8.211273828935184],[111.122847966624491,-8.211273301606186],[111.122847116548513,-8.2112727591332],[111.122846247055492,-8.211272201479066],[111.122845358314464,-8.211271628606637],[111.122844450494313,-8.211271040478753],[111.122843523763933,-8.211270437058259],[111.122842578292349,-8.211269818308001],[111.122841614248401,-8.211269184190822],[111.122840631801026,-8.211268534669564],[111.122839631119206,-8.211267869707081],[111.122838612371837,-8.211267189266207],[111.122837575727857,-8.211266493309795],[111.122836521356163,-8.211265781800684],[111.122835449425736,-8.211265054701721],[111.122834360105486,-8.211264311975754],[111.122833253564309,-8.211263553585621],[111.122832129971172,-8.211262779494168],[111.122830989495,-8.211261989664246],[111.122829832304731,-8.211261184058696],[111.12282865856929,-8.211260362640362],[111.122827468457587,-8.211259525372087],[111.122826262138574,-8.211258672216719],[111.122825039781191,-8.211257803137102],[111.122823801554318,-8.21125691809608],[111.12282254762691,-8.211256017056497],[111.122821278167905,-8.211255099981198],[111.122819993346269,-8.211254166833033],[111.122818693330856,-8.211253217574839],[111.122817378290648,-8.211252252169464],[111.122816048394554,-8.211251270579753],[111.122814703811514,-8.211250272768552],[111.122813344710451,-8.211249258698702],[111.122811971260319,-8.211248228333051],[111.122810583629999,-8.211247181634443],[111.122809181988458,-8.211246118565722],[111.122807766504607,-8.211245039089734],[111.122806337347384,-8.21124394316932],[111.122804894685729,-8.211242830767329],[111.122803438688521,-8.211241701846602],[111.122801969524772,-8.211240556369988],[111.122800487363364,-8.21123939430033],[111.122798992373234,-8.211238215600474],[111.122797484723307,-8.211237020233261],[111.122795964582508,-8.211235808161538],[111.122794432119775,-8.211234579348151],[111.122792887504062,-8.211233333755942],[111.122791330904207,-8.211232071347755],[111.122789762489276,-8.21123079208644],[111.12278818242811,-8.211229495934838],[111.122786590889646,-8.211228182855795],[111.122784988042852,-8.211226852812155],[111.122783374056624,-8.211225505766761],[111.1227817490999,-8.211224141682461],[111.122780113341605,-8.211222760522096],[111.122778466950649,-8.211221362248514],[111.122776810096042,-8.21121994682456],[111.122775142946608,-8.211218514213076],[111.122773465671358,-8.211217064376909],[111.122771778439173,-8.211215597278901],[111.122770081419006,-8.211214112881901],[111.122768374779781,-8.211212611148751],[111.122766658690409,-8.211211092042294],[111.122764933319843,-8.211209555525377],[111.122763198837021,-8.211208001560845],[111.122761455410853,-8.211206430111543],[111.122759703210278,-8.211204841140315],[111.122757942404235,-8.211203234610005],[111.122756173161605,-8.211201610483458],[111.122754395651384,-8.211199968723518],[111.122752610042454,-8.211198309293032],[111.122750816503782,-8.211196632154843],[111.122749015204263,-8.211194937271799],[111.122747206312852,-8.21119322460674],[111.122745389998499,-8.211191494122515],[111.122743566430074,-8.211189745781965],[111.122741735776543,-8.211187979547935],[111.122739898206831,-8.211186195383272],[111.122738053889833,-8.21118439325082],[111.12273620299456,-8.211182573113422],[111.122734345689906,-8.211180734933926],[111.122732482144741,-8.211178878675176],[111.122730612528073,-8.211177004300012],[111.122728737008771,-8.211175111771285],[111.122726855755815,-8.211173201051835],[111.122724968938087,-8.211171272104508],[111.122723076724554,-8.211169324892152],[111.122721179284156,-8.211167359377608],[111.122719276785801,-8.211165375523722],[111.122717369398401,-8.21116337329334],[111.122715457290923,-8.211161352649304],[111.122713540632262,-8.211159313554457],[111.122711619591371,-8.211157255971653],[111.122709694337175,-8.211155179863727],[111.122707765038626,-8.21115308519353],[111.122705831864607,-8.211150971923901],[111.122703894984056,-8.211148840017689],[111.122701954565983,-8.21114668943774],[111.122700010779184,-8.211144520146895],[111.122698063792683,-8.211142332107997],[111.122696113775376,-8.211140125283897],[111.122694160896202,-8.211137899637436],[111.122692205324114,-8.211135655131461],[111.122690247227993,-8.211133391728811],[111.122688286776793,-8.211131109392337],[111.122686324139437,-8.211128808084879],[111.122684359484865,-8.211126487769285],[111.122682392982014,-8.211124148408398],[111.122680424799768,-8.211121789965064],[111.12267845510712,-8.21111941240213],[111.122676484072969,-8.211117015682435],[111.122674511866251,-8.211114599768827],[111.122672538655891,-8.211112164624152],[111.122670564610814,-8.211109710211254],[111.122668589899916,-8.211107236492975],[111.122666614692235,-8.211104743432159],[111.122664639156596,-8.211102230991658],[111.122662663461952,-8.21109969913431],[111.122660687777284,-8.211097147822962],[111.122658712271473,-8.211094577020461],[111.122656737113431,-8.211091986689645],[111.122654762472152,-8.211089376793367],[111.12265278851649,-8.211086747294466],[111.122650815415454,-8.211084098155789],[111.122648843337913,-8.211081429340179],[111.122646872452819,-8.211078740810482],[111.122644902929096,-8.211076032529546],[111.122642934935698,-8.211073304460209],[111.122640968641505,-8.211070556565318],[111.1226390042155,-8.211067788807723],[111.12263704182655,-8.21106500115026],[111.122635081643637,-8.211062193555779],[111.122633123835698,-8.211059365987127],[111.122631168571644,-8.211056518407144],[111.122629216020385,-8.211053650778677],[111.122627266350889,-8.21105076306457],[111.122625319732023,-8.211047855227667],[111.122623376332797,-8.211044927230814],[111.122621436322078,-8.211041979036857],[111.122619499868847,-8.211039010608639],[111.122617567142015,-8.211036021909003],[111.122615638310464,-8.211033012900796],[111.122613713543217,-8.211029983546865],[111.122611793009128,-8.21102693381005],[111.122609876877135,-8.2110238636532],[111.122607965316206,-8.211020773039152],[111.122606058495208,-8.211017661930761],[111.122604156583137,-8.211014530290868],[111.122602259748888,-8.211011378082311],[111.1226003681614,-8.211008205267945],[111.122598481989598,-8.211005011810609],[111.122596601402435,-8.21100179767315],[111.122594726568792,-8.210998562818409],[111.122592857657651,-8.210995307209235],[111.122590994837893,-8.21099203080847],[111.122589138278499,-8.210988733578962],[111.122587288148338,-8.210985415483552],[111.122585444616419,-8.210982076485088],[111.122583607851595,-8.210978716546409],[111.122581778022834,-8.210975335630366],[111.122579955299045,-8.210971933699801],[111.122578139849196,-8.210968510717562],[111.122576331842168,-8.210965066646487],[111.122574531446944,-8.210961601449426],[111.122572738832417,-8.210958115089225],[111.122570954167514,-8.210954607528722],[111.122569177621187,-8.210951078730769],[111.122567409362347,-8.210947528658206],[111.122565649559945,-8.21094395727388],[111.122563898382879,-8.210940364540635],[111.1225621560001,-8.210936750421313],[111.122560422580534,-8.210933114878765],[111.122558698293119,-8.21092945787583],[111.122556983306765,-8.210925779375357],[111.12255527779044,-8.210922079340188],[111.12255358191301,-8.210918357733167],[111.122551895843458,-8.21091461451714],[111.122550219750707,-8.210910849654955],[111.122548553803654,-8.210907063109449],[111.122546898171294,-8.210903254843474],[111.12254525302248,-8.210899424819873],[111.122543618526194,-8.210895573001487],[111.12254199485136,-8.210891699351166],[111.122540382166846,-8.210887803831751],[111.122538780641676,-8.210883886406089],[111.122537190444717,-8.210879947037022],[111.122535611744937,-8.210875985687396],[111.12253404471123,-8.210872002320059],[111.122532489512537,-8.210867996897852],[111.122530946317809,-8.210863969383617],[111.122529415295972,-8.210859919740205],[111.122527896615907,-8.210855847930461],[111.122526390446609,-8.210851753917222],[111.122524896956975,-8.210847637663338],[111.122523416315914,-8.210843499131656],[111.122521948692395,-8.210839338285018],[111.12252049425534,-8.210835155086265],[111.122519053173676,-8.21083094949825],[111.122517625616297,-8.21082672148381],[111.122516211752199,-8.210822471005793],[111.122514811750264,-8.210818198027045],[111.122513425779431,-8.210813902510409],[111.122512054008638,-8.21080958441873],[111.12251069660681,-8.210805243714852],[111.122509353742885,-8.210800880361621],[111.122508025585773,-8.210796494321881],[111.122506712304414,-8.210792085558477],[111.122505414067746,-8.210787654034256],[111.122504131044693,-8.210783199712058],[111.122502863404193,-8.21077872255473],[111.12250161131513,-8.210774222525117],[111.122500374946497,-8.210769699586065],[111.122499154467192,-8.210765153700416],[111.122497950046153,-8.210760584831018],[111.122496761852318,-8.210755992940713],[111.122495590054584,-8.210751377992345],[111.122494434821903,-8.21074673994876],[111.122493296323228,-8.210742078772805],[111.122492174727427,-8.210737394427323],[111.122491070203509,-8.210732686875158],[111.122489982920328,-8.210727956079154],[111.122488913046865,-8.210723202002157],[111.122487860752031,-8.210718424607013],[111.122486826204749,-8.210713623856565],[111.122485809573959,-8.210708799713657],[111.122484811028585,-8.210703952141134],[111.122483830737565,-8.210699081101843],[111.122482868869824,-8.210694186558626],[111.122481925594286,-8.210689268474333],[111.122481001079905,-8.210684326811801],[111.12248009549559,-8.210679361533879],[111.122479209010265,-8.210674372603414],[111.122478341792856,-8.210669359983244],[111.122477494012315,-8.21066432363622],[111.122476665837581,-8.210659263525184],[111.122475857437536,-8.21065417961298],[111.122475068981146,-8.210649071862454],[111.122474300637336,-8.210643940236451],[111.122473552575016,-8.210638784697817],[111.12247282496314,-8.210633605209393],[111.122472117970645,-8.210628401734027],[111.122471431766428,-8.210623174234563],[111.122470766519442,-8.210617922673842],[111.122470122398624,-8.210612647014717],[111.122469499572873,-8.210607347220023],[111.122468898211139,-8.210602023252612],[111.122468318482362,-8.210596675075326],[111.122467760555423,-8.210591302651007],[111.122467224599347,-8.210585905942507],[111.122466710782959,-8.210580484912663],[111.122466219275225,-8.210575039524324],[111.122465750245127,-8.210569569740334],[111.122465303861532,-8.210564075523537],[111.122464880293393,-8.21055855683678],[111.12246447970962,-8.210553013642905],[111.122464102279167,-8.210547445904757],[111.122463748170972,-8.21054185358518],[111.122463417553931,-8.210536236647023],[111.122463110596982,-8.210530595053127],[111.122462827469093,-8.210524928766338],[111.122462568339131,-8.2105192377495],[111.122462333376077,-8.210513521965458],[111.122462122748857,-8.210507781377055],[111.122461936626365,-8.21050201594714],[111.122461775177555,-8.210496225638554],[111.122461638571352,-8.210490410414144],[111.122461526976693,-8.210484570236753],[111.122461440562518,-8.210478705069226],[111.122461379497722,-8.210472814874411],[111.122461343951272,-8.210466899615147],[111.122461334092065,-8.210460959254281],[111.12246135008904,-8.210454993754659],[111.12246139211112,-8.210449003079129],[111.122461460327301,-8.210442987190527],[111.122461554906408,-8.210436946051704],[111.122461676017451,-8.210430879625504],[111.122461823829326,-8.21042478787477],[111.122461998510957,-8.210418670762348],[111.122462200231283,-8.210412528251084],[111.122462429159242,-8.210406360303818],[111.122462685463759,-8.210400166883399],[111.122462969313759,-8.210393947952673],[111.122463280878165,-8.210387703474481],[111.122463620325931,-8.210381433411667],[111.122463987825952,-8.21037513772708],[111.122464383547211,-8.210368816383564],[111.122464807658559,-8.210362469343959],[111.122465260328994,-8.210356096571116],[111.122465741727396,-8.210349698027876],[111.122466252022761,-8.210343273677083],[111.122466791383971,-8.210336823481585],[111.12246735997995,-8.210330347404224],[111.122467957979651,-8.210323845407844],[111.122468585552014,-8.210317317455294],[111.122469242865918,-8.210310763509414],[111.122469930090332,-8.210304183533054],[111.122470647394167,-8.210297577489053],[111.122471394946359,-8.210290945340258],[111.122472172915877,-8.210284287049516],[111.122472981471589,-8.210277602579669],[111.12247382078246,-8.210270891893563],[111.122474691017388,-8.210264154954041],[111.122475592345353,-8.21025739172395],[111.122476524935252,-8.210250602166131],[111.122477488956008,-8.210243786243435],[111.12247848457659,-8.210236943918703],[111.122479511965864,-8.210230075154778],[111.122480571292826,-8.210223179914507],[111.122481662726372,-8.210216258160733],[111.122482786435427,-8.210209309856305],[111.122483942588943,-8.210202334964064],[111.122485131355816,-8.210195333446855],[111.122486352905,-8.210188305267522],[111.122487607405446,-8.210181250388914],[111.122488895026052,-8.21017416877387],[111.122490215935727,-8.210167060385235],[111.122491570303453,-8.210159925185865],[111.122492958298125,-8.210152763138588],[111.122494380088682,-8.210145574206258],[111.122495835844049,-8.21013835835172],[111.122497325733164,-8.210131115537816],[111.122498849924966,-8.210123845727392],[111.12250040858838,-8.210116548883294],[111.122502001892286,-8.210109224968365],[111.122503630005696,-8.210101873945447]]]}},
{"type":"Feature","properties":{"id":null},"geometry":{"type":"MultiLineString","coordinates":[[[111.12263241409228,-8.209821452634349],[111.122632424606039,-8.209821420238216],[111.122632456069312,-8.209821323290226],[111.122632508365015,-8.209821162151012],[111.122632581376152,-8.20982093718119],[111.122632674985681,-8.209820648741392],[111.122632789076562,-8.209820297192239],[111.122632923531739,-8.209819882894356],[111.122633078234216,-8.209819406208375],[111.122633253066951,-8.209818867494912],[111.122633447912861,-8.209818267114594],[111.122633662654962,-8.209817605428047],[111.122633897176186,-8.209816882795895],[111.122634151359506,-8.209816099578767],[111.122634425087881,-8.209815256137279],[111.122634718244299,-8.209814352832066],[111.12263503071172,-8.209813390023745],[111.122635362373003,-8.209812368072942],[111.122635713111293,-8.209811287340287],[111.122636082809436,-8.209810148186403],[111.122636471350432,-8.209808950971912],[111.122636878617229,-8.209807696057441],[111.12263730449277,-8.209806383803615],[111.122637748860086,-8.209805014571057],[111.122638211602109,-8.209803588720394],[111.12263869260174,-8.209802106612251],[111.122639191742039,-8.20980056860725],[111.122639708905879,-8.209798975066018],[111.122640243976335,-8.209797326349181],[111.122640796836251,-8.20979562281736],[111.122641367368644,-8.209793864831184],[111.12264195545653,-8.209792052751276],[111.122642560982783,-8.209790186938262],[111.122643183830448,-8.209788267752764],[111.122643823882441,-8.209786295555412],[111.122644481021695,-8.209784270706827],[111.122645155131252,-8.209782193567634],[111.122645846094002,-8.20978006449846],[111.122646553792976,-8.209777883859926],[111.12264727811106,-8.209775652012658],[111.122648018931287,-8.209773369317285],[111.1226487761366,-8.209771036134429],[111.12264954960996,-8.209768652824716],[111.122650339234326,-8.209766219748767],[111.122651144892643,-8.209763737267211],[111.122651966467927,-8.209761205740673],[111.122652803843096,-8.209758625529776],[111.122653656901136,-8.209755996995145],[111.122654525524993,-8.209753320497404],[111.122655409597655,-8.20975059639718],[111.122656309002053,-8.209747825055098],[111.122657223621189,-8.209745006831779],[111.12265815333798,-8.209742142087853],[111.122659098035385,-8.209739231183942],[111.122660057596462,-8.209736274480671],[111.122661031904101,-8.209733272338665],[111.122662020841261,-8.209730225118552],[111.122663024290944,-8.209727133180952],[111.12266404213608,-8.209723996886492],[111.122665074259629,-8.209720816595798],[111.122666120544579,-8.209717592669493],[111.122667180873847,-8.209714325468202],[111.122668255130492,-8.20971101535255],[111.122669343197387,-8.209707662683163],[111.122670444957564,-8.209704267820667],[111.122671560293924,-8.209700831125685],[111.122672689089441,-8.209697352958839],[111.122673831227132,-8.20969383368076],[111.122674986589914,-8.20969027365207],[111.122676155060759,-8.209686673233392],[111.122677336522642,-8.209683032785353],[111.122678530858494,-8.209679352668578],[111.12267973795133,-8.209675633243691],[111.122680957684054,-8.209671874871317],[111.122682189939695,-8.209668077912081],[111.122683434601129,-8.209664242726605],[111.122684691551385,-8.209660369675522],[111.122685960673451,-8.209656459119449],[111.12268724185023,-8.209652511419012],[111.122688534964738,-8.20964852693484],[111.122689839899891,-8.209644506027555],[111.122691156538693,-8.209640449057783],[111.122692484764059,-8.209636356386147],[111.122693824458992,-8.209632228373273],[111.122695175506422,-8.209628065379784],[111.12269653778938,-8.209623867766309],[111.12269791119077,-8.209619635893471],[111.122699295593577,-8.209615370121892],[111.122700690880748,-8.209611070812201],[111.122702096935271,-8.209606738325023],[111.122703513640104,-8.209602373020978],[111.122704940878165,-8.209597975260696],[111.122706378532484,-8.2095935454048],[111.122707826486007,-8.209589083813915],[111.122709284621664,-8.209584590848664],[111.122710752822456,-8.209580066869673],[111.122712230971317,-8.209575512237569],[111.122713718951275,-8.209570927312976],[111.122715216645176,-8.209566312456516],[111.122716723936065,-8.209561668028815],[111.122718240706931,-8.2095569943905],[111.12271976684066,-8.209552291902195],[111.122721302220299,-8.209547560924527],[111.122722846728735,-8.209542801818117],[111.122724400248984,-8.20953801494359],[111.122725962663935,-8.209533200661571],[111.122727533856704,-8.209528359332687],[111.122729113710079,-8.209523491317565],[111.122730702107162,-8.209518596976826],[111.122732298930813,-8.209513676671094],[111.122733904064091,-8.209508730760998],[111.122735517389899,-8.209503759607159],[111.12273713879118,-8.209498763570204],[111.122738768150924,-8.209493743010757],[111.122740405352133,-8.209488698289443],[111.122742050277708,-8.209483629766888],[111.122743702810681,-8.209478537803715],[111.122745362833953,-8.209473422760551],[111.122747030230514,-8.209468284998017],[111.122748704883293,-8.209463124876743],[111.122750386675349,-8.209457942757352],[111.122752075489501,-8.209452739000465],[111.122753771208835,-8.209447513966712],[111.122755473716296,-8.209442268016716],[111.122757182894787,-8.209437001511102],[111.122758898627353,-8.209431714810496],[111.122760620796896,-8.209426408275521],[111.122762349286361,-8.209421082266799],[111.122764083978794,-8.209415737144964],[111.12276582475711,-8.209410373270632],[111.122767571504269,-8.209404991004432],[111.122769324103245,-8.20939959070699],[111.122771082436998,-8.209394172738929],[111.122772846388528,-8.209388737460872],[111.12277461584074,-8.209383285233445],[111.122776390676577,-8.209377816417275],[111.1227781707791,-8.209372331372984],[111.122779956031195,-8.2093668304612],[111.12278174631588,-8.209361314042548],[111.122783541516085,-8.209355782477648],[111.122785341514742,-8.209350236127129],[111.122787146194881,-8.209344675351614],[111.122788955439404,-8.20933910051173],[111.122790769131356,-8.209333511968101],[111.122792587153583,-8.209327910081349],[111.122794409389158,-8.209322295212104],[111.122796235720998,-8.209316667720987],[111.122798066032075,-8.209311027968624],[111.122799900205337,-8.209305376315641],[111.122801738123783,-8.209299713122661],[111.122803579670318,-8.209294038750309],[111.122805424727943,-8.209288353559211],[111.122807273179689,-8.209282657909993],[111.1228091249084,-8.209276952163279],[111.122810979797066,-8.20927123667969],[111.122812837728731,-8.209265511819858],[111.122814698586296,-8.209259777944403],[111.122816562252709,-8.20925403541395],[111.122818428610955,-8.209248284589126],[111.122820297544024,-8.209242525830554],[111.122822168934832,-8.209236759498857],[111.122824042666394,-8.209230985954665],[111.122825918621629,-8.209225205558603],[111.122827796683509,-8.209219418671289],[111.122829676734995,-8.209213625653353],[111.122831558659087,-8.209207826865422],[111.122833442338674,-8.209202022668112],[111.122835327656816,-8.209196213422057],[111.122837214496428,-8.209190399487879],[111.122839102740471,-8.2091845812262],[111.122840992271904,-8.209178758997648],[111.122842882973714,-8.209172933162851],[111.122844774728804,-8.209167104082427],[111.122846667420234,-8.209161272117003],[111.12284856093089,-8.209155437627206],[111.122850455143805,-8.209149600973662],[111.122852349941866,-8.209143762516991],[111.122854245208075,-8.209137922617822],[111.122856140825434,-8.209132081636778],[111.122858036676831,-8.209126239934484],[111.12285993264527,-8.209120397871565],[111.122861828613708,-8.209114555808647],[111.122863724465105,-8.209108714106351],[111.122865620082422,-8.209102873125307],[111.122867515348645,-8.209097033226136],[111.122869410146734,-8.209091194769467],[111.122871304359606,-8.209085358115921],[111.122873197870291,-8.209079523626123],[111.122875090561706,-8.209073691660702],[111.122876982316825,-8.209067862580277],[111.122878873018635,-8.209062036745477],[111.122880762550068,-8.209056214516927],[111.122882650794111,-8.20905039625525],[111.122884537633723,-8.209044582321072],[111.122886422951865,-8.209038773075017],[111.122888306631467,-8.209032968877709],[111.122890188555559,-8.209027170089776],[111.122892068607058,-8.209021377071842],[111.122893946668938,-8.209015590184528],[111.122895822624173,-8.209009809788464],[111.122897696355707,-8.20900403624427],[111.122899567746515,-8.208998269912575],[111.12290143667957,-8.208992511154007],[111.12290330303783,-8.208986760329179],[111.122905166704243,-8.208981017798726],[111.122907027561808,-8.208975283923271],[111.122908885493445,-8.208969559063437],[111.122910740382139,-8.20896384357985],[111.12291259211085,-8.208958137833136],[111.122914440562539,-8.208952442183916],[111.122916285620207,-8.20894675699282],[111.122918127166756,-8.20894108262047],[111.122919965085202,-8.208935419427489],[111.122921799258478,-8.208929767774507],[111.122923629569542,-8.208924128022144],[111.122925455901381,-8.208918500531027],[111.122927278136956,-8.20891288566178],[111.122929096159226,-8.20890728377503],[111.122930909851135,-8.2089016952314],[111.122932719095687,-8.208896120391515],[111.122934523775797,-8.208890559616002],[111.122936323774482,-8.208885013265482],[111.122938118974673,-8.208879481700583],[111.12293990925933,-8.208873965281928],[111.122941694511454,-8.208868464370145],[111.122943474613962,-8.208862979325854],[111.122945249449828,-8.208857510509684],[111.122947018902025,-8.208852058282258],[111.122948782853513,-8.208846623004202],[111.122950541187279,-8.208841205036141],[111.122952293786255,-8.208835804738696],[111.122954040533415,-8.208830422472497],[111.122955781311717,-8.208825058598165],[111.122957516004163,-8.208819713476327],[111.122959244493643,-8.20881438746761],[111.122960966663186,-8.208809080932635],[111.122962682395737,-8.208803794232027],[111.122964391574243,-8.208798527726412],[111.12296609408169,-8.208793281776417],[111.122967789801024,-8.208788056742664],[111.122969478615232,-8.208782852985779],[111.122971160407246,-8.208777670866386],[111.122972835060068,-8.208772510745112],[111.1229745024566,-8.20876737298258],[111.122976162479887,-8.208762257939416],[111.122977815012817,-8.208757165976243],[111.122979459938421,-8.208752097453687],[111.122981097139615,-8.208747052732374],[111.122982726499373,-8.208742032172925],[111.122984347900669,-8.20873703613597],[111.122985961226448,-8.208732064982131],[111.122987566359697,-8.208727119072034],[111.122989163183362,-8.208722198766303],[111.122990751580431,-8.208717304425562],[111.122992331433835,-8.20871243641044],[111.122993902626547,-8.208707595081556],[111.122995465041569,-8.208702780799539],[111.12299701856179,-8.208697993925014],[111.12299856307024,-8.208693234818604],[111.123000098449864,-8.208688503840932],[111.123001624583623,-8.208683801352629],[111.123003141354474,-8.208679127714316],[111.123004648645377,-8.208674483286616],[111.123006146339321,-8.208669868430155],[111.123007634319222,-8.20866528350556],[111.123009112468083,-8.208660728873456],[111.12301058066889,-8.208656204894465],[111.123012038804546,-8.208651711929214],[111.123013486758055,-8.208647250338329],[111.123014924412374,-8.208642820482432],[111.123016351650435,-8.208638422722151],[111.123017768355282,-8.208634057418106],[111.123019174409791,-8.208629724930926],[111.123020569696948,-8.208625425621236],[111.123021954099769,-8.20862115984966],[111.123023327501144,-8.20861692797682],[111.123024689784089,-8.208612730363344],[111.123026040831547,-8.208608567369858],[111.12302738052648,-8.208604439356982],[111.12302870875186,-8.208600346685346],[111.123030025390648,-8.208596289715572],[111.123031330325801,-8.208592268808289],[111.123032623440295,-8.208588284324115],[111.123033904617088,-8.20858433662368],[111.12303517373914,-8.208580426067607],[111.12303643068941,-8.20857655301652],[111.123037675350872,-8.20857271783105],[111.123038907606499,-8.208568920871814],[111.123040127339223,-8.208565162499438],[111.12304133443206,-8.208561443074553],[111.123042528767911,-8.208557762957776],[111.123043710229766,-8.208554122509737],[111.123044878700625,-8.208550522091061],[111.123046034063407,-8.208546962062368],[111.123047176201069,-8.208543442784288],[111.123048304996615,-8.208539964617444],[111.123049420332976,-8.208536527922462],[111.123050522093124,-8.208533133059964],[111.123051610160047,-8.208529780390577],[111.123052684416663,-8.208526470274927],[111.12305374474596,-8.208523203073637],[111.123054791030924,-8.208519979147331],[111.123055823154473,-8.208516798856637],[111.12305684099961,-8.208513662562178],[111.123057844449278,-8.208510570624577],[111.123058833386438,-8.208507523404464],[111.123059807694077,-8.208504521262459],[111.12306076725514,-8.208501564559189],[111.123061711952573,-8.208498653655276],[111.123062641669392,-8.20849578891135],[111.123063556288514,-8.208492970688033],[111.123064455692898,-8.208490199345949],[111.12306533976556,-8.208487475245725],[111.123066208389417,-8.208484798747985],[111.123067061447429,-8.208482170213355],[111.123067898822612,-8.208479590002456],[111.123068720397882,-8.208477058475918],[111.123069526056213,-8.208474575994362],[111.123070315680579,-8.208472142918414],[111.123071089153925,-8.208469759608699],[111.123071846359238,-8.208467426425845],[111.12307258717945,-8.20846514373047],[111.123073311497578,-8.208462911883204],[111.123074019196508,-8.208460731244671],[111.123074710159287,-8.208458602175495],[111.12307538426883,-8.208456525036302],[111.123076041408098,-8.208454500187717],[111.123076681460091,-8.208452527990362],[111.123077304307728,-8.208450608804867],[111.123077909833995,-8.208448742991854],[111.123078497921881,-8.208446930911945],[111.123079068454288,-8.208445172925769],[111.123079621314218,-8.208443469393949],[111.12308015638466,-8.208441820677111],[111.123080673548529,-8.208440227135881],[111.123081172688799,-8.20843868913088],[111.123081653688473,-8.208437207022737],[111.123082116430453,-8.208435781172073],[111.123082560797755,-8.208434411939514],[111.123082986673325,-8.208433099685687],[111.123083393940121,-8.208431844771216],[111.123083782481118,-8.208430647556726],[111.123084152179246,-8.208429508402839],[111.123084502917493,-8.208428427670185],[111.123084834578833,-8.208427405719384],[111.123085147046254,-8.208426442911065],[111.123085440202658,-8.20842553960585],[111.123085713931033,-8.208424696164364],[111.123085968114353,-8.208423912947234],[111.123086202635577,-8.208423190315083],[111.123086417377692,-8.208422528628535],[111.123086612223602,-8.208421928248219],[111.123086787056309,-8.208421389534754],[111.123086941758785,-8.208420912848771],[111.123087076213977,-8.208420498550888],[111.123087190304858,-8.208420147001739],[111.123087283914387,-8.208419858561939],[111.123087356925524,-8.208419633592118],[111.123087409221242,-8.208419472452903],[111.1230874406845,-8.208419375504915],[111.123087451198259,-8.20841934310878]]]}},
{"type":"Feature","properties":{"id":null},"geometry":{"type":"MultiLineString","coordinates":[[[111.123173307255996,-8.208062441711949],[111.123173308078009,-8.208062412469518],[111.123173310652248,-8.20806232500887],[111.123173315141045,-8.208062179729973],[111.123173321706673,-8.208061977032798],[111.123173330511463,-8.208061717317303],[111.12317334171766,-8.20806140098346],[111.123173355487609,-8.208061028431246],[111.123173371983683,-8.208060600060616],[111.123173391368098,-8.208060116271541],[111.123173413803187,-8.208059577463994],[111.12317343945125,-8.208058984037933],[111.12317346847459,-8.208058336393334],[111.123173501035524,-8.208057634930158],[111.123173537296367,-8.208056880048378],[111.123173577419379,-8.20805607214796],[111.123173621566906,-8.208055211628871],[111.123173669901206,-8.208054298891076],[111.123173722584681,-8.208053334334545],[111.123173779779535,-8.208052318359247],[111.123173841648125,-8.208051251365148],[111.12317390835274,-8.208050133752216],[111.123173980055682,-8.208048965920417],[111.123174056919254,-8.208047748269721],[111.123174139105799,-8.208046481200093],[111.123174226777579,-8.208045165111503],[111.123174320096922,-8.208043800403916],[111.123174419226103,-8.208042387477299],[111.123174524327453,-8.208040926731625],[111.123174635563259,-8.208039418566855],[111.123174753095853,-8.208037863382961],[111.123174877087536,-8.208036261579906],[111.123175007700581,-8.208034613557667],[111.123175145097321,-8.208032919716199],[111.12317528944007,-8.208031180455478],[111.123175440891103,-8.208029396175469],[111.123175599612736,-8.208027567276138],[111.123175765767286,-8.208025694157456],[111.123175939517068,-8.20802377721939],[111.123176121024301,-8.208021816861903],[111.123176310451427,-8.208019813484968],[111.12317650796065,-8.208017767488549],[111.123176713714315,-8.208015679272616],[111.123176927874738,-8.208013549237137],[111.123177150604192,-8.208011377782075],[111.123177382064981,-8.208009165307402],[111.123177622419433,-8.208006912213083],[111.123177871829853,-8.208004618899089],[111.123178130458541,-8.208002285765382],[111.123178398467772,-8.207999913211935],[111.123178676019904,-8.207997501638713],[111.123178963277212,-8.207995051445682],[111.123179260401983,-8.207992563032814],[111.123179567556548,-8.207990036800071],[111.123179884903209,-8.207987473147424],[111.123180212604296,-8.207984872474842],[111.123180550822056,-8.207982235182289],[111.123180899718832,-8.207979561669735],[111.123181259456942,-8.207976852337145],[111.123181630198673,-8.207974107584489],[111.123182012106298,-8.207971327811734],[111.123182405342163,-8.207968513418846],[111.123182810068542,-8.207965664805794],[111.123183226447807,-8.207962782372546],[111.123183654642219,-8.207959866519069],[111.123184094814036,-8.20795691764533],[111.123184547125632,-8.207953936151297],[111.123185011739295,-8.207950922436936],[111.123185488817327,-8.207947876902217],[111.123185978522017,-8.207944799947111],[111.123186481015679,-8.207941691971573],[111.123186996460632,-8.207938553375584],[111.123187525019191,-8.207935384559107],[111.123188066853587,-8.207932185922104],[111.123188622126207,-8.207928957864549],[111.123189190999312,-8.207925700786408],[111.123189773635232,-8.207922415087648],[111.123190370196284,-8.207919101168237],[111.123190980844711,-8.207915759428143],[111.123191605742903,-8.207912390267333],[111.12319224505309,-8.207908994085773],[111.123192898937631,-8.207905571283435],[111.123193567558786,-8.207902122260283],[111.123194251078871,-8.207898647416281],[111.123194949660217,-8.207895147151403],[111.123195663465125,-8.207891621865613],[111.123196392655899,-8.207888071958884],[111.123197137394811,-8.207884497831175],[111.123197897844193,-8.20788089988246],[111.12319867416636,-8.207877278512704],[111.123199466523587,-8.207873634121874],[111.123200275078204,-8.207869967109939],[111.1232010999925,-8.207866277876866],[111.123201941428817,-8.207862566822623],[111.123202799549389,-8.207858834347176],[111.123203674516589,-8.207855080850496],[111.123204566492689,-8.207851306732545],[111.123205475639992,-8.207847512393293],[111.1232064021208,-8.207843698232709],[111.123207346097431,-8.207839864650762],[111.123208307732213,-8.207836012047416],[111.123209287187422,-8.207832140822639],[111.123210284625358,-8.207828251376402],[111.123211300208325,-8.207824344108666],[111.123212334098667,-8.207820419419406],[111.12321338645863,-8.207816477708583],[111.123214457450558,-8.207812519376169],[111.123215547236782,-8.207808544822129],[111.123216655979519,-8.207804554446433],[111.12321778384117,-8.207800548649047],[111.123218930984009,-8.20779652782994],[111.123220097570311,-8.207792492389077],[111.123221283762376,-8.207788442726425],[111.123222489722565,-8.207784379241955],[111.12322371561315,-8.207780302335635],[111.123224961596407,-8.207776212407428],[111.123226227834721,-8.207772109857306],[111.123227514490324,-8.207767995085231],[111.123228821725547,-8.207763868491174],[111.123230149702664,-8.207759730475106],[111.123231498584033,-8.207755581436988],[111.123232868531915,-8.207751421776791],[111.123234259708653,-8.207747251894483],[111.123235672276536,-8.207743072190031],[111.123237106397852,-8.207738883063401],[111.123238562234945,-8.207734684914564],[111.123240039950076,-8.207730478143484],[111.12324153970556,-8.207726263150128],[111.123243061663715,-8.207722040334469],[111.123244605986855,-8.207717810096469],[111.12324617283727,-8.207713572836099],[111.123247762377289,-8.207709328953323],[111.123249374769188,-8.207705078848111],[111.123251010175267,-8.207700822920433],[111.123252668757857,-8.20769656157025],[111.123254350679247,-8.207692295197536],[111.123256056101724,-8.207688024202254],[111.123257785187633,-8.207683748984374],[111.12325953809929,-8.207679469943862],[111.123261314998942,-8.207675187480689],[111.123263116048918,-8.207670901994817],[111.12326494141152,-8.207666613886216],[111.12326679124908,-8.207662323554857],[111.123268665723884,-8.207658031400701],[111.123270564998208,-8.207653737823723],[111.123272489234381,-8.207649443223882],[111.123274438594763,-8.207645148001154],[111.12327641324157,-8.2076408525555],[111.123278413337147,-8.207636557286893],[111.12328043904381,-8.207632262595297],[111.123282490523849,-8.207627968880677],[111.123284567939578,-8.207623676543006],[111.123286671453286,-8.207619385982252],[111.123288801227289,-8.207615097598378],[111.123290957423905,-8.207610811791353],[111.123293140205433,-8.207606528961147],[111.12329534973415,-8.207602249507726],[111.123297586172384,-8.207597973831053],[111.123299849682439,-8.207593702331101],[111.123302140426631,-8.207589435407838],[111.123304458567247,-8.207585173461229],[111.123306804266591,-8.207580916891242],[111.123309177686963,-8.207576666097847],[111.123311578990709,-8.207572421481007],[111.123314008340088,-8.207568183440692],[111.123316465897418,-8.207563952376869],[111.123318951824999,-8.207559728689507],[111.123321466285148,-8.207555512778573],[111.123324009440182,-8.207551305044031],[111.123326581452403,-8.207547105885855],[111.123329182484071,-8.207542915704007],[111.123331812697529,-8.207538734898456],[111.123334472255081,-8.207534563869174],[111.123337161319029,-8.207530403016124],[111.123339880051674,-8.207526252739271],[111.123342628615347,-8.207522113438586],[111.123345407172309,-8.207517985514039],[111.123348215884903,-8.207513869365593],[111.123351054915418,-8.207509765393223],[111.123353924426141,-8.207505673996884],[111.123356824579403,-8.207501595576556],[111.123359755537479,-8.207497530532198],[111.123362717462726,-8.207493479263782],[111.123365710517419,-8.207489442171273],[111.123368734863845,-8.207485419654638],[111.123371790664322,-8.207481412113848],[111.123374878081165,-8.207477419948869],[111.123377997276705,-8.207473443559669],[111.123381148413188,-8.207469483346213],[111.123384331652943,-8.207465539708473],[111.123387547158302,-8.207461613046412],[111.123390795091524,-8.207457703760001],[111.123394075614939,-8.207453812249206],[111.123397388890865,-8.207449938913994],[111.12340073508156,-8.207446084154331],[111.123404114349398,-8.207442248370189],[111.123407526856624,-8.207438431961533],[111.123410972765569,-8.20743463532833],[111.123414452238563,-8.207430858870548],[111.123417965437852,-8.207427102988156],[111.12342151252578,-8.20742336808112],[111.12342509366465,-8.207419654549408],[111.12342870901675,-8.207415962792988],[111.123432358744395,-8.207412293211828],[111.123436043009917,-8.207408646205892],[111.12343976197559,-8.20740502217515],[111.1234435158037,-8.20740142151957],[111.123447304656594,-8.20739784463912],[111.123451128696558,-8.207394291933767],[111.123454988085911,-8.207390763803479],[111.12345888298691,-8.207387260648222],[111.123462813561929,-8.207383782867964],[111.123466779973242,-8.207380330862673],[111.123470782383123,-8.207376905032316],[111.12347482095393,-8.207373505776859],[111.123478895847938,-8.207370133496276],[111.123483007227463,-8.207366788590527],[111.123487155254765,-8.207363471459583],[111.123491340092244,-8.207360182503411],[111.123495561902132,-8.207356922121978],[111.12349982084676,-8.207353690715253],[111.123504117088402,-8.207350488683204],[111.123508450789387,-8.207347316425796],[111.123512822112048,-8.207344174343],[111.123517231218642,-8.207341062834777],[111.123521678271501,-8.207337982301102],[111.123526163432928,-8.207334933141938],[111.123530686865209,-8.207331915757255],[111.123535248730661,-8.207328930547019],[111.123539849191602,-8.207325977911198],[111.123544488410317,-8.207323058249761],[111.123549166549139,-8.207320171962673],[111.123553883770313,-8.207317319449903],[111.123558640236226,-8.207314501111417],[111.123563436109123,-8.207311717347185],[111.123568271551335,-8.207308968557175],[111.12357314672515,-8.207306255141351],[111.123578061792898,-8.207303577499681],[111.123583016916882,-8.207300936032135],[111.123588012259376,-8.207298331138681],[111.123593047982695,-8.207295763219284],[111.123598124249156,-8.207293232673912],[111.123603241221062,-8.207290739902533],[111.123608399060714,-8.207288285305115],[111.123613597930415,-8.207285869281623],[111.123618837992495,-8.207283492232031],[111.123624119409214,-8.2072811545563],[111.123629442342917,-8.207278856654401],[111.123634806955891,-8.207276598926299],[111.12364021341044,-8.207274381771963],[111.123645661868892,-8.207272205591359],[111.123651152493522,-8.20727007078446],[111.123656685446633,-8.207267977751226],[111.123662260890541,-8.20726592689163],[111.123667878987575,-8.207263918605637],[111.123673539900011,-8.207261953293214],[111.12367924379015,-8.20726003135433],[111.123684990820323,-8.207258153188953],[111.123690781152789,-8.20725631919705],[111.123696614949921,-8.207254529778588],[111.123702492373965,-8.207252785333534],[111.123708413587281,-8.207251086261858],[111.123714378752084,-8.207249432963525],[111.12372038803079,-8.207247825838504],[111.123726441585632,-8.207246265286761],[111.12373253957891,-8.207244751708267],[111.123738682172998,-8.207243285502983],[111.123744869530128,-8.207241867070882],[111.12375110181263,-8.207240496811933],[111.123757379182805,-8.207239175126096],[111.123763701803,-8.207237902413347],[111.123770069835459,-8.207236679073649],[111.123776483442498,-8.20723550550697],[111.123782942786477,-8.207234382113276],[111.12378944802964,-8.207233309292539],[111.123795999334305,-8.207232287444723],[111.123802596862788,-8.207231316969798],[111.123809240777405,-8.207230398267727],[111.123815931240443,-8.207229531738484],[111.123822668414206,-8.207228717782032],[111.123829452460996,-8.207227956798338],[111.123836283543127,-8.207227249187373],[111.123843161822904,-8.207226595349102],[111.123850087462642,-8.207225995683492],[111.12385706062463,-8.207225450590512],[111.123864081471197,-8.207224960470132],[111.123871150164604,-8.207224525722314],[111.12387826686718,-8.207224146747031],[111.123885431741243,-8.207223823944245],[111.12389264494908,-8.207223557713929],[111.123899906653008,-8.207223348456047],[111.123907217015329,-8.207223196570569],[111.123914576198331,-8.20722310245746],[111.123921984364372,-8.207223066516688],[111.123929441675671,-8.207223089148222],[111.123936948294613,-8.207223170752028],[111.123944504383473,-8.207223311728075],[111.123952110104526,-8.207223512476331],[111.123959765620128,-8.207223773396761],[111.123967471092556,-8.207224094889336],[111.123975226684109,-8.207224477354018],[111.123983032557121,-8.207224921190779],[111.123990888873863,-8.207225426799587],[111.123998795796666,-8.207225994580408],[111.124006753487819,-8.207226624933208],[111.124014762109653,-8.207227318257956],[111.12402282182444,-8.207228074954621],[111.124030932794483,-8.207228895423171],[111.124039095182127,-8.207229780063571],[111.124047309149631,-8.207230729275787],[111.124055574859341,-8.207231743459792],[111.124063892473529,-8.207232823015548],[111.124072262154527,-8.207233968343024],[111.124080684064609,-8.207235179842192],[111.12408915836609,-8.207236457913012],[111.124097685221329,-8.207237802955458],[111.124106264792545,-8.207239215369496],[111.124114897242094,-8.207240695555091],[111.124123582732267,-8.207242243912212],[111.124132321425378,-8.207243860840826],[111.124141113483716,-8.207245546740904],[111.124149959069612,-8.207247302012412],[111.124158858345353,-8.207249127055311],[111.124167811473228,-8.207251022269578],[111.124176818615581,-8.207252988055176],[111.124185879934686,-8.207255024812072],[111.124194995592859,-8.207257132940235],[111.124204165752417,-8.207259312839632],[111.124213390575633,-8.20726156491023],[111.124222670224825,-8.207263889551999],[111.124232004862336,-8.207266287164902],[111.124241394650426,-8.207268758148913],[111.124250839751426,-8.207271302903994],[111.124260340327595,-8.207273921830112],[111.124269896541264,-8.207276615327238],[111.124279508554793,-8.20727938379534],[111.124289176530411,-8.207282227634382],[111.124298900630478,-8.207285147244336],[111.12430868101724,-8.207288143025165],[111.124318517853055,-8.20729121537684],[111.124328411300212,-8.207294364699326],[111.124338361520998,-8.207297591392591],[111.124348368677744,-8.207300895856605],[111.124358432932723,-8.207304278491332],[111.124368554448282,-8.207307739696743],[111.124378733386692,-8.207311279872801],[111.124388969910271,-8.207314899419478],[111.124399264181321,-8.207318598736741],[111.124409616362129,-8.207322378224555],[111.12442002661507,-8.20732623828289],[111.124430495102388,-8.207330179311713],[111.124441021986371,-8.207334201710989],[111.124451607429378,-8.207338305880688],[111.12446225159367,-8.207342492220782],[111.12447295464159,-8.207346761131227],[111.124483716735426,-8.207351113012001],[111.124494538037453,-8.207355548263067],[111.124505418710029,-8.207360067284393],[111.124516358915415,-8.207364670475945],[111.124527358815939,-8.207369358237695],[111.12453841857392,-8.207374130969606]]]}},
{"type":"Feature","properties":{"id":null},"geometry":{"type":"MultiLineString","coordinates":[[[111.124890428410609,-8.207518591347753],[111.124890463919343,-8.207518605876976],[111.12489057018206,-8.207518649356821],[111.12489074680343,-8.207518721625551],[111.12489099338822,-8.207518822521434],[111.124891309541169,-8.207518951882735],[111.124891694866932,-8.207519109547709],[111.124892148970332,-8.207519295354636],[111.124892671456067,-8.20751950914177],[111.124893261928818,-8.20751975074738],[111.124893919993312,-8.207520020009728],[111.124894645254358,-8.207520316767081],[111.12489543731661,-8.207520640857703],[111.124896295784808,-8.207520992119857],[111.124897220263691,-8.207521370391811],[111.124898210357998,-8.207521775511827],[111.124899265672383,-8.207522207318169],[111.124900385811614,-8.207522665649105],[111.124901570380473,-8.207523150342896],[111.124902818983642,-8.20752366123781],[111.124904131225861,-8.207524198172111],[111.124905506711826,-8.207524760984061],[111.124906945046277,-8.207525349511927],[111.124908445833924,-8.207525963593973],[111.124910008679535,-8.207526603068464],[111.124911633187821,-8.207527267773667],[111.124913318963493,-8.207527957547843],[111.124915065611304,-8.207528672229257],[111.124916872735938,-8.207529411656175],[111.124918739942103,-8.207530175666861],[111.124920666834612,-8.207530964099579],[111.124922653018189,-8.207531776792596],[111.124924698097487,-8.207532613584174],[111.124926801677262,-8.207533474312582],[111.124928963362251,-8.207534358816082],[111.124931182757166,-8.207535266932936],[111.124933459466746,-8.207536198501412],[111.124935793095716,-8.207537153359773],[111.124938183248787,-8.207538131346285],[111.124940629530698,-8.20753913229921],[111.124943131546175,-8.207540156056817],[111.12494568889997,-8.207541202457369],[111.124948301196738,-8.207542271339129],[111.124950968041276,-8.207543362540365],[111.124953689038307,-8.207544475899338],[111.1249564637925,-8.207545611254314],[111.124959291908652,-8.20754676844356],[111.124962172991445,-8.207547947305336],[111.124965106645604,-8.207549147677911],[111.124968092475868,-8.207550369399547],[111.124971130086962,-8.20755161230851],[111.124974219083626,-8.207552876243064],[111.124977359070584,-8.207554161041475],[111.124980549652491,-8.207555466542004],[111.124983790434172,-8.20755679258292],[111.124987081020336,-8.207558139002487],[111.124990421015681,-8.207559505638969],[111.124993810024932,-8.20756089233063],[111.124997247652857,-8.207562298915736],[111.125000733504109,-8.207563725232548],[111.125004267183456,-8.207565171119334],[111.125007848295624,-8.207566636414358],[111.125011476445337,-8.207568120955886],[111.125015151237363,-8.207569624582181],[111.125018872276371,-8.20757114713151],[111.125022639167113,-8.207572688442134],[111.125026451514316,-8.207574248352321],[111.125030308922675,-8.207575826700332],[111.125034210996944,-8.207577423324436],[111.125038157341876,-8.207579038062896],[111.125042147562141,-8.207580670753975],[111.125046181262533,-8.20758232123594],[111.125050258047693,-8.207583989347052],[111.125054377522403,-8.207585674925582],[111.125058539291373,-8.207587377809789],[111.125062742959329,-8.207589097837937],[111.125066988131024,-8.207590834848297],[111.125071274411169,-8.20759258867913],[111.12507560140449,-8.2075943591687],[111.125079968715681,-8.207596146155273],[111.125084375949527,-8.207597949477112],[111.125088822710723,-8.207599768972484],[111.125093308603994,-8.207601604479652],[111.125097833234037,-8.20760345583688],[111.125102396205619,-8.207605322882435],[111.125106997123495,-8.207607205454579],[111.125111635592319,-8.207609103391583],[111.125116311216885,-8.207611016531702],[111.125121023601878,-8.207612944713208],[111.125125772352035,-8.207614887774362],[111.125130557072083,-8.207616845553432],[111.125135377366746,-8.20761881788868],[111.125140232840721,-8.207620804618369],[111.125145123098818,-8.207622805580767],[111.125150047745706,-8.207624820614138],[111.12515500638608,-8.207626849556746],[111.125159998624724,-8.207628892246856],[111.125165024066334,-8.207630948522734],[111.125170082315634,-8.207633018222644],[111.125175172977379,-8.207635101184845],[111.125180295656278,-8.20763719724761],[111.125185449957058,-8.207639306249201],[111.125190635484429,-8.207641428027882],[111.125195851843159,-8.20764356242192],[111.125201098637959,-8.207645709269574],[111.125206375473496,-8.207647868409111],[111.125211681954568,-8.2076500396788],[111.125217017685898,-8.2076522229169],[111.125222382272199,-8.207654417961681],[111.125227775318194,-8.207656624651403],[111.12523319642861,-8.207658842824337],[111.125238645208157,-8.207661072318738],[111.125244121261588,-8.207663312972876],[111.1252496241936,-8.207665564625017],[111.125255153608961,-8.207667827113426],[111.125260709112354,-8.207670100276365],[111.125266290308559,-8.207672383952099],[111.125271896802218,-8.207674677978893],[111.12527752819814,-8.207676982195014],[111.125283184101022,-8.207679296438723],[111.125288864115589,-8.207681620548287],[111.125294567846524,-8.207683954361967],[111.125300294898636,-8.207686297718036],[111.125306044876623,-8.207688650454749],[111.125311817385168,-8.207691012410379],[111.12531761202905,-8.207693383423182],[111.125323428412969,-8.207695763331431],[111.12532926614162,-8.207698151973386],[111.125335124819827,-8.207700549187313],[111.125341004052245,-8.207702954811477],[111.125346903443585,-8.207705368684142],[111.125352822598614,-8.207707790643573],[111.125358761122072,-8.207710220528035],[111.125364718618641,-8.207712658175792],[111.125370694693089,-8.207715103425109],[111.125376688950084,-8.20771755611425],[111.125382700994393,-8.207720016081481],[111.125388730430728,-8.207722483165067],[111.125394776863885,-8.20772495720327],[111.125400839898475,-8.207727438034357],[111.125406919139266,-8.207729925496592],[111.125413014191011,-8.20773241942824],[111.125419124658421,-8.207734919667566],[111.125425250146236,-8.207737426052832],[111.125431390259166,-8.207739938422304],[111.125437544601937,-8.207742456614248],[111.125443712779301,-8.207744980466931],[111.125449894395942,-8.207747509818613],[111.125456089056627,-8.207750044507559],[111.125462296366052,-8.207752584372038],[111.125468515928929,-8.207755129250311],[111.125474747350054,-8.207757678980641],[111.125480990234081,-8.207760233401299],[111.125487244185791,-8.207762792350543],[111.125493508809882,-8.207765355666643],[111.125499783711106,-8.207767923187859],[111.125506068494147,-8.207770494752461],[111.125512362763743,-8.207773070198707],[111.125518666124634,-8.207775649364869],[111.125524978181559,-8.207778232089206],[111.125531298539215,-8.207780818209985],[111.125537626802355,-8.20778340756547],[111.125543962575676,-8.207785999993927],[111.125550305463918,-8.207788595333618],[111.125556655071819,-8.20779119342281],[111.12556301100409,-8.207793794099768],[111.125569372865442,-8.207796397202754],[111.125575740260643,-8.207799002570034],[111.125582112794405,-8.207801610039876],[111.125588490071436,-8.207804219450543],[111.125594871696492,-8.207806830640294],[111.125601257274269,-8.207809443447401],[111.125607646409506,-8.207812057710123],[111.125614038706942,-8.207814673266732],[111.125620433771289,-8.207817289955484],[111.125626831207285,-8.207819907614649],[111.125633230619641,-8.207822526082492],[111.125639631613097,-8.207825145197276],[111.125646033792393,-8.207827764797266],[111.125652436762209,-8.207830384720726],[111.125658840127301,-8.207833004805922],[111.125665243492392,-8.207835624891118],[111.125671646462209,-8.207838244814578],[111.125678048641475,-8.207840864414568],[111.125684449634946,-8.20784348352935],[111.125690849047288,-8.207846101997193],[111.125697246483298,-8.20784871965636],[111.125703641547645,-8.207851336345112],[111.125710033845081,-8.207853951901718],[111.125716422980332,-8.207856566164443],[111.125722808558109,-8.20785917897155],[111.125729190183165,-8.207861790161303],[111.125735567460197,-8.207864399571967],[111.125741939993958,-8.207867007041807],[111.125748307389159,-8.207869612409089],[111.12575466925054,-8.207872215512076],[111.125761025182811,-8.207874816189033],[111.125767374790712,-8.207877414278226],[111.125773717678953,-8.20788000961792],[111.125780053452274,-8.207882602046375],[111.125786381715386,-8.207885191401861],[111.125792702073042,-8.207887777522638],[111.125799014129967,-8.207890360246974],[111.125805317490858,-8.207892939413135],[111.125811611760454,-8.207895514859382],[111.125817896543495,-8.207898086423981],[111.125824171444705,-8.207900653945201],[111.125830436068782,-8.207903217261299],[111.125836690020492,-8.207905776210545],[111.125842932904533,-8.2079083306312],[111.125849164325643,-8.207910880361533],[111.125855383888549,-8.207913425239806],[111.125861591197989,-8.207915965104284],[111.125867785858674,-8.20791849979323],[111.125873967475314,-8.207921029144915],[111.125880135652665,-8.207923552997595],[111.125886289995435,-8.20792607118954],[111.125892430108379,-8.207928583559013],[111.125898555596194,-8.207931089944282],[111.125904666063605,-8.207933590183606],[111.12591076111535,-8.207936084115254],[111.125916840356155,-8.207938571577488],[111.125922903390759,-8.207941052408573],[111.125928949823873,-8.207943526446778],[111.125934979260208,-8.207945993530362],[111.125940991304518,-8.207948453497593],[111.125946985561512,-8.207950906186735],[111.12595296163596,-8.207953351436052],[111.125958919132515,-8.207955789083808],[111.125964857655958,-8.207958218968269],[111.125970776810988,-8.2079606409277],[111.125976676202356,-8.207963054800365],[111.12598255543476,-8.207965460424528],[111.125988414112953,-8.207967857638456],[111.125994251841647,-8.207970246280412],[111.126000068225551,-8.20797262618866],[111.12600586286942,-8.207974997201465],[111.126011635377992,-8.207977359157095],[111.126017385355979,-8.207979711893808],[111.126023112408092,-8.207982055249875],[111.126028816139041,-8.207984389063558],[111.126034496153608,-8.207986713173122],[111.126040152056476,-8.207989027416833],[111.126045783452383,-8.20799133163295],[111.126051389946056,-8.207993625659745],[111.126056971142233,-8.20799590933548],[111.12606252664564,-8.207998182498418],[111.126068056061001,-8.208000444986824],[111.126073558993014,-8.208002696638967],[111.126079035046445,-8.208004937293106],[111.126084483825991,-8.208007166787507],[111.126089904936379,-8.208009384960437],[111.126095297982374,-8.208011591650161],[111.126100662568689,-8.208013786694941],[111.126105998299991,-8.208015969933042],[111.126111304781091,-8.20801814120273],[111.126116581616657,-8.208020300342271],[111.126121828411428,-8.208022447189926],[111.126127044770158,-8.208024581583961],[111.126132230297543,-8.208026703362641],[111.126137384598323,-8.208028812364233],[111.126142507277223,-8.208030908426998],[111.126147597938967,-8.208032991389203],[111.126152656188282,-8.20803506108911],[111.126157681629905,-8.208037117364988],[111.126162673868535,-8.208039160055097],[111.126167632508924,-8.208041188997706],[111.126172557155797,-8.208043204031076],[111.126177447413866,-8.208045204993475],[111.126182302887855,-8.208047191723164],[111.126187123182518,-8.208049164058412],[111.12619190790258,-8.208051121837482],[111.126196656652724,-8.208053064898635],[111.126201369037716,-8.208054993080141],[111.126206044662254,-8.208056906220261],[111.126210683131092,-8.208058804157263],[111.126215284048953,-8.208060686729407],[111.126219847020565,-8.208062553774962],[111.126224371650636,-8.208064405132191],[111.126228857543893,-8.20806624063936],[111.126233304305075,-8.20806806013473],[111.126237711538906,-8.20806986345657],[111.126242078850112,-8.208071650443143],[111.126246405843432,-8.208073420932713],[111.126250692123563,-8.208075174763547],[111.126254937295258,-8.208076911773905],[111.126259140963228,-8.208078631802056],[111.126263302732212,-8.208080334686262],[111.126267422206936,-8.208082020264792],[111.126271498992068,-8.208083688375904],[111.126275532692461,-8.20808533885787],[111.126279522912725,-8.208086971548948],[111.126283469257658,-8.208088586287408],[111.126287371331927,-8.20809018291151],[111.126291228740286,-8.208091761259523],[111.126295041087474,-8.208093321169709],[111.12629880797823,-8.208094862480333],[111.126302529017224,-8.208096385029661],[111.126306203809236,-8.208097888655956],[111.126309831958963,-8.208099373197484],[111.126313413071145,-8.208100838492509],[111.126316946750507,-8.208102284379297],[111.126320432601773,-8.208103710696109],[111.126323870229669,-8.208105117281216],[111.126327259238934,-8.208106503972875],[111.126330599234265,-8.208107870609357],[111.126333889820415,-8.208109217028921],[111.126337130602096,-8.208110543069839],[111.12634032118406,-8.20811184857037],[111.12634346117099,-8.20811313336878],[111.126346550167639,-8.208114397303333],[111.126349587778748,-8.208115640212297],[111.126352573609012,-8.208116861933934],[111.126355507263185,-8.208118062306509],[111.126358388345949,-8.208119241168285],[111.126361216462072,-8.208120398357529],[111.126363991216294,-8.208121533712507],[111.126366712213311,-8.208122647071479],[111.126369379057849,-8.208123738272715],[111.126371991354631,-8.208124807154475],[111.126374548708426,-8.208125853555025],[111.126377050723903,-8.208126877312631],[111.126379497005814,-8.208127878265559],[111.126381887158885,-8.208128856252072],[111.126384220787841,-8.208129811110433],[111.126386497497435,-8.208130742678907],[111.12638871689235,-8.208131650795764],[111.12639087857734,-8.20813253529926],[111.126392982157114,-8.208133396027668],[111.126395027236413,-8.208134232819248],[111.126397013419947,-8.208135045512265],[111.12639894031247,-8.208135833944983],[111.126400807518692,-8.20813659795567],[111.126402614643325,-8.208137337382588],[111.126404361291122,-8.208138052064001],[111.126406047066794,-8.208138741838178],[111.126407671575066,-8.208139406543378],[111.126409234420677,-8.208140046017871],[111.126410735208324,-8.208140660099916],[111.126412173542775,-8.208141248627783],[111.12641354902874,-8.208141811439733],[111.126414861270945,-8.208142348374032],[111.126416109874114,-8.208142859268946],[111.126417294442973,-8.208143343962739],[111.126418414582218,-8.208143802293675],[111.126419469896632,-8.208144234100017],[111.126420459990911,-8.208144639220034],[111.126421384469779,-8.208145017491987],[111.126422242937977,-8.208145368754142],[111.126423035000229,-8.208145692844761],[111.126423760261247,-8.208145989602116],[111.126424418325797,-8.208146258864463],[111.126425008798549,-8.208146500470072],[111.126425531284241,-8.208146714257206],[111.126425985387641,-8.208146900064131],[111.126426370713446,-8.208147057729112],[111.126426686866381,-8.208147187090409],[111.126426933451171,-8.208147287986291],[111.126427110072555,-8.208147360255023],[111.126427216335259,-8.208147403734868],[111.126427251843992,-8.20814741826409]]]}},
{"type":"Feature","properties":{"id":null},"geometry":{"type":"MultiLineString","coordinates":[[[111.114311891500009,-8.214225448228527],[111.114311900479336,-8.214225415424542],[111.114311927350727,-8.21422531725603],[111.114311972014178,-8.214225154088147],[111.11431203436976,-8.21422492628607],[111.114312114317499,-8.214224634214956],[111.114312211757465,-8.214224278239975],[111.114312326589683,-8.214223858726291],[111.11431245871421,-8.214223376039067],[111.114312608031099,-8.214222830543468],[111.11431277444035,-8.21422222260466],[111.114312957842046,-8.214221552587809],[111.114313158136241,-8.214220820858076],[111.114313375222949,-8.214220027780632],[111.114313609002238,-8.214219173720636],[111.114313859374121,-8.214218259043259],[111.114314126238725,-8.214217284113658],[111.114314409495947,-8.214216249297005],[111.114314709045942,-8.214215154958461],[111.114315024788738,-8.214214001463196],[111.114315356624374,-8.214212789176369],[111.114315704452892,-8.214211518463149],[111.114316068174347,-8.214210189688698],[111.114316447688736,-8.214208803218183],[111.114316842896187,-8.214207359416768],[111.114317253696669,-8.214205858649619],[111.114317679990279,-8.214204301281899],[111.114318121677016,-8.214202687678775],[111.114318578656977,-8.214201018205411],[111.114319050830105,-8.214199293226972],[111.114319538096566,-8.214197513108621],[111.114320040356347,-8.21419567821553],[111.114320557509501,-8.214193788912855],[111.11432108945607,-8.214191845565766],[111.114321636096108,-8.214189848539428],[111.114322197329642,-8.214187798199006],[111.114322773056742,-8.214185694909661],[111.114323363177405,-8.214183539036563],[111.114323967591744,-8.214181330944873],[111.1143245861997,-8.214179070999759],[111.114325218901428,-8.214176759566383],[111.114325865596911,-8.214174397009915],[111.114326526186247,-8.214171983695515],[111.114327200569406,-8.214169519988349],[111.114327888646486,-8.214167006253584],[111.114328590317513,-8.214164442856383],[111.114329305482542,-8.214161830161911],[111.114330034041586,-8.214159168535335],[111.114330775894743,-8.214156458341819],[111.11433153094201,-8.214153699946525],[111.114332299083472,-8.214150893714622],[111.114333080219112,-8.214148040011274],[111.114333874249056,-8.214145139201642],[111.114334681073231,-8.214142191650897],[111.114335500591807,-8.214139197724201],[111.114336332704781,-8.21413615778672],[111.11433717731218,-8.214133072203618],[111.114338034314073,-8.21412994134006],[111.114338903610516,-8.214126765561209],[111.114339785101492,-8.214123545232235],[111.114340678687114,-8.2141202807183],[111.114341584267336,-8.214116972384566],[111.114342501742343,-8.214113620596205],[111.114343431012045,-8.214110225718374],[111.114344371976571,-8.214106788116245],[111.114345324535918,-8.21410330815498],[111.114346288590184,-8.214099786199743],[111.114347264039338,-8.214096222615701],[111.114348250783507,-8.214092617768015],[111.114349248722647,-8.214088972021857],[111.114350257756911,-8.214085285742385],[111.114351277786199,-8.214081559294765],[111.114352308710707,-8.214077793044169],[111.114353350430378,-8.214073987355752],[111.114354402845294,-8.214070142594686],[111.114355465855439,-8.214066259126131],[111.114356539360983,-8.214062337315255],[111.114357623261881,-8.214058377527223],[111.114358717458217,-8.214054380127202],[111.114359821849987,-8.214050345480352],[111.114360936337278,-8.214046273951842],[111.114362060820127,-8.214042165906834],[111.114363195198564,-8.214038021710495],[111.114364339372599,-8.214033841727987],[111.114365493242346,-8.21402962632448],[111.114366656707844,-8.214025375865138],[111.114367829669106,-8.21402109071512],[111.114369012026188,-8.214016771239598],[111.11437020367913,-8.214012417803733],[111.114371404527972,-8.214008030772694],[111.114372614472785,-8.214003610511639],[111.114373833413566,-8.213999157385739],[111.114375061250414,-8.213994671760158],[111.114376297883339,-8.213990154000058],[111.114377543212385,-8.213985604470608],[111.114378797137618,-8.213981023536968],[111.114380059559068,-8.213976411564309],[111.114381330376759,-8.213971768917789],[111.114382609490761,-8.21396709596258],[111.114383896801115,-8.213962393063841],[111.114385192207877,-8.213957660586743],[111.114386495611072,-8.213952898896446],[111.11438780691077,-8.213948108358117],[111.114389126006969,-8.213943289336919],[111.114390452799768,-8.213938442198023],[111.114391787189163,-8.213933567306585],[111.114393129075239,-8.213928665027776],[111.114394478358008,-8.213923735726759],[111.11439583493754,-8.213918779768701],[111.114397198713874,-8.213913797518764],[111.114398569587081,-8.213908789342117],[111.114399947457116,-8.213903755603919],[111.114401332224105,-8.213898696669341],[111.114402723788061,-8.213893612903545],[111.114404122049052,-8.213888504671695],[111.114405526907092,-8.213883372338957],[111.114406938262263,-8.2138782162705],[111.114408356014565,-8.21387303683148],[111.114409780064065,-8.213867834387072],[111.11441121031082,-8.213862609302431],[111.114412646654841,-8.213857361942731],[111.11441408899617,-8.213852092673129],[111.114415537234919,-8.213846801858798],[111.114416991271071,-8.213841489864894],[111.114418451004695,-8.213836157056592],[111.114419916335834,-8.213830803799052],[111.114421387164512,-8.213825430457437],[111.114422863390772,-8.213820037396911],[111.11442434491471,-8.213814624982646],[111.114425831636296,-8.213809193579801],[111.114427323455644,-8.213803743553543],[111.114428820272735,-8.213798275269037],[111.114430321987697,-8.213792789091446],[111.1144318285005,-8.213787285385941],[111.114433339711212,-8.21378176451768],[111.114434855519875,-8.213776226851831],[111.114436375826529,-8.213770672753558],[111.114437900531215,-8.213765102588024],[111.114439429534031,-8.213759516720401],[111.11444096273496,-8.213753915515847],[111.114442500034045,-8.21374829933953],[111.114444041331353,-8.213742668556613],[111.114445586526955,-8.213737023532264],[111.114447135520848,-8.213731364631645],[111.114448688213059,-8.213725692219924],[111.114450244503701,-8.21372000666226],[111.114451804292798,-8.213714308323828],[111.114453367480351,-8.213708597569784],[111.114454933966485,-8.213702874765296],[111.114456503651155,-8.21369714027553],[111.114458076434445,-8.21369139446565],[111.114459652216382,-8.213685637700818],[111.114461230897078,-8.213679870346207],[111.114462812376502,-8.213674092766972],[111.114464396554723,-8.213668305328287],[111.114465983331826,-8.213662508395313],[111.114467572607793,-8.213656702333214],[111.114469164282696,-8.213650887507153],[111.114470758256545,-8.213645064282302],[111.114472354429438,-8.213639233023819],[111.114473952701402,-8.213633394096872],[111.114475552972493,-8.213627547866626],[111.114477155142708,-8.213621694698247],[111.114478759112131,-8.213615834956897],[111.114480364780803,-8.213609969007743],[111.11448197204875,-8.213604097215949],[111.114483580816014,-8.213598219946681],[111.114485190982691,-8.213592337565103],[111.114486802448766,-8.213586450436381],[111.114488415114323,-8.213580558925678],[111.114490028879374,-8.213574663398163],[111.114491643643987,-8.213568764218996],[111.114493259308205,-8.213562861753346],[111.114494875772039,-8.213556956366373],[111.114496492935601,-8.213551048423248],[111.114498110698875,-8.213545138289131],[111.114499728961945,-8.213539226329194],[111.114501347624824,-8.213533312908593],[111.114502966587594,-8.2135273983925],[111.114504585750254,-8.213521483146074],[111.114506205012873,-8.213515567534486],[111.114507824275478,-8.213509651922898],[111.114509443438138,-8.213503736676472],[111.114511062400879,-8.213497822160377],[111.114512681063758,-8.21349190873978],[111.114514299326828,-8.213485996779839],[111.114515917090117,-8.213480086645724],[111.11451753425365,-8.213474178702599],[111.114519150717513,-8.213468273315629],[111.114520766381744,-8.213462370849978],[111.114522381146358,-8.213456471670813],[111.114523994911409,-8.213450576143295],[111.114525607576979,-8.213444684632593],[111.114527219043055,-8.213438797503873],[111.114528829209718,-8.213432915122294],[111.11453043797701,-8.213427037853027],[111.114532045244957,-8.213421166061233],[111.114533650913614,-8.213415300112077],[111.114535254883037,-8.213409440370729],[111.114536857053267,-8.213403587202349],[111.114538457324329,-8.213397740972102],[111.114540055596279,-8.213391902045155],[111.114541651769173,-8.213386070786672],[111.11454324574305,-8.213380247561819],[111.114544837417938,-8.213374432735762],[111.114546426693906,-8.213368626673661],[111.114548013470966,-8.213362829740685],[111.114549597649201,-8.213357042302],[111.11455117912864,-8.213351264722768],[111.114552757809307,-8.213345497368152],[111.114554333591272,-8.213339740603324],[111.114555906374591,-8.213333994793445],[111.114557476059261,-8.213328260303678],[111.114559042545366,-8.21332253749919],[111.114560605732947,-8.213316826745148],[111.114562165522017,-8.213311128406712],[111.114563721812672,-8.213305442849052],[111.114565274504912,-8.213299770437329],[111.114566823498805,-8.21329411153671],[111.114568368694393,-8.213288466512362],[111.114569909991715,-8.213282835729444],[111.114571447290785,-8.213277219553127],[111.114572980491715,-8.213271618348575],[111.114574509494503,-8.213266032480949],[111.114576034199217,-8.213260462315418],[111.114577554505871,-8.213254908217145],[111.114579070314534,-8.213249370551296],[111.114580581525232,-8.213243849683035],[111.114582088038048,-8.213238345977526],[111.114583589752968,-8.213232859799938],[111.114585086570088,-8.21322739151543],[111.114586578389435,-8.213221941489174],[111.114588065111036,-8.213216510086328],[111.11458954663496,-8.213211097672062],[111.114591022861219,-8.213205704611539],[111.114592493689898,-8.213200331269924],[111.114593959021036,-8.213194978012382],[111.114595418754661,-8.213189645204078],[111.114596872790827,-8.213184333210179],[111.114598321029547,-8.213179042395845],[111.114599763370904,-8.213173773126247],[111.114601199714926,-8.213168525766545],[111.114602629961681,-8.213163300681904],[111.114604054011181,-8.213158098237495],[111.114605471763497,-8.213152918798476],[111.114606883118654,-8.213147762730017],[111.114608287976694,-8.213142630397279],[111.114609686237657,-8.213137522165431],[111.114611077801612,-8.213132438399633],[111.114612462568601,-8.213127379465053],[111.114613840438665,-8.213122345726859],[111.114615211311843,-8.213117337550209],[111.114616575088164,-8.213112355300272],[111.114617931667709,-8.213107399342213],[111.114619280950478,-8.213102470041198],[111.114620622836554,-8.213097567762389],[111.114621957225964,-8.213092692870953],[111.114623284018762,-8.213087845732053],[111.114624603114976,-8.213083026710859],[111.11462591441466,-8.213078236172528],[111.114627217817855,-8.213073474482233],[111.114628513224616,-8.213068742005131],[111.114629800534971,-8.213064039106396],[111.114631079648987,-8.213059366151185],[111.114632350466692,-8.213054723504667],[111.114633612888142,-8.213050111532008],[111.114634866813361,-8.213045530598368],[111.114636112142406,-8.213040981068916],[111.114637348775318,-8.213036463308818],[111.114638576612151,-8.213031977683235],[111.114639795552947,-8.213027524557335],[111.114641005497759,-8.213023104296282],[111.114642206346602,-8.213018717265239],[111.114643397999544,-8.213014363829377],[111.114644580356625,-8.213010044353851],[111.114645753317873,-8.213005759203837],[111.114646916783357,-8.213001508744492],[111.114648070653132,-8.212997293340985],[111.114649214827196,-8.212993113358479],[111.114650349205618,-8.21298896916214],[111.114651473688454,-8.212984861117132],[111.114652588175744,-8.21298078958862],[111.114653692567515,-8.212976754941772],[111.114654786763822,-8.212972757541749],[111.114655870664748,-8.212968797753717],[111.114656944170264,-8.212964875942843],[111.114658007180452,-8.21296099247429],[111.114659059595368,-8.212957147713222],[111.114660101315053,-8.212953342024807],[111.114661132239519,-8.212949575774209],[111.114662152268835,-8.212945849326591],[111.114663161303085,-8.212942163047117],[111.114664159242238,-8.212938517300959],[111.114665145986393,-8.212934912453274],[111.114666121435548,-8.212931348869231],[111.114667085489799,-8.212927826913994],[111.114668038049146,-8.212924346952727],[111.114668979013672,-8.212920909350597],[111.114669908283403,-8.212917514472769],[111.114670825758367,-8.212914162684406],[111.114671731338646,-8.212910854350675],[111.114672624924239,-8.212907589836739],[111.11467350641523,-8.212904369507765],[111.114674375711644,-8.212901193728914],[111.114675232713537,-8.212898062865357],[111.114676077320951,-8.212894977282255],[111.114676909433925,-8.212891937344773],[111.114677728952486,-8.212888943418077],[111.114678535776704,-8.212885995867332],[111.11467932980662,-8.212883095057702],[111.114680110942274,-8.212880241354354],[111.114680879083735,-8.212877435122449],[111.114681634130989,-8.212874676727155],[111.114682375984145,-8.21287196653364],[111.11468310454319,-8.212869304907063],[111.114683819708205,-8.212866692212591],[111.114684521379232,-8.21286412881539],[111.114685209456326,-8.212861615080623],[111.114685883839485,-8.212859151373459],[111.114686544428793,-8.21285673805906],[111.11468719112429,-8.212854375502589],[111.114687823826017,-8.212852064069216],[111.114688442434016,-8.212849804124103],[111.114689046848326,-8.212847596032411],[111.114689636969004,-8.212845440159313],[111.11469021269609,-8.21284333686997],[111.11469077392961,-8.212841286529546],[111.114691320569648,-8.212839289503208],[111.114691852516216,-8.212837346156119],[111.114692369669356,-8.212835456853444],[111.114692871929165,-8.212833621960351],[111.114693359195613,-8.212831841842004],[111.114693831368783,-8.212830116863564],[111.114694288348716,-8.2128284473902],[111.114694730035453,-8.212826833787075],[111.114695156329049,-8.212825276419355],[111.11469556712953,-8.212823775652206],[111.114695962336981,-8.212822331850791],[111.114696341851399,-8.212820945380274],[111.11469670557284,-8.212819616605824],[111.114697053401358,-8.212818345892606],[111.114697385236994,-8.212817133605778],[111.114697700979775,-8.212815980110509],[111.114698000529799,-8.212814885771969],[111.11469828378705,-8.212813850955316],[111.11469855065161,-8.212812876025716],[111.114698801023508,-8.212811961348338],[111.114699034802783,-8.212811107288342],[111.11469925188949,-8.212810314210898],[111.114699452183672,-8.212809582481166],[111.114699635585382,-8.212808912464315],[111.114699801994661,-8.212808304525508],[111.114699951311522,-8.212807759029907],[111.114700083436048,-8.212807276342684],[111.114700198268281,-8.212806856828998],[111.114700295708218,-8.212806500854018],[111.114700375655985,-8.212806208782906],[111.114700438011567,-8.212805980980828],[111.114700482675019,-8.212805817812947],[111.114700509546395,-8.212805719644432],[111.114700518525723,-8.212805686840447]]]}},
{"type":"Feature","properties":{"id":null},"geometry":{"type":"MultiLineString","coordinates":[[[111.114767174847771,-8.212358855785537],[111.114767191681807,-8.212358848269938],[111.11476724212703,-8.212358825805589],[111.114767326098146,-8.212358788516154],[111.114767443509805,-8.212358736525305],[111.114767594276742,-8.212358669956702],[111.114767778313535,-8.212358588934014],[111.11476799553499,-8.21235849358092],[111.114768245855757,-8.212358384021075],[111.114768529190499,-8.212358260378146],[111.114768845453924,-8.212358122775807],[111.114769194560694,-8.212357971337722],[111.11476957642553,-8.212357806187557],[111.114769990963069,-8.212357627448981],[111.114770438088058,-8.212357435245664],[111.11477091771512,-8.212357229701267],[111.11477142975896,-8.21235701093946],[111.114771974134229,-8.212356779083912],[111.114772550755688,-8.212356534258291],[111.114773159538004,-8.212356276586259],[111.11477380039581,-8.21235600619149],[111.114774473243855,-8.212355723197646],[111.11477517799679,-8.212355427728399],[111.114775914569279,-8.212355119907414],[111.114776682876055,-8.212354799858355],[111.114777482831769,-8.212354467704895],[111.114778314351128,-8.212354123570696],[111.114779177348794,-8.212353767579431],[111.114780071739489,-8.212353399854761],[111.114780997437805,-8.212353020520357],[111.114781954358563,-8.21235262969989],[111.114782942416369,-8.21235222751702],[111.11478396152593,-8.212351814095419],[111.114785011601896,-8.212351389558751],[111.114786092559001,-8.212350954030686],[111.114787204311895,-8.212350507634891],[111.114788346775271,-8.212350050495033],[111.11478951986382,-8.212349582734777],[111.11479072349222,-8.212349104477795],[111.114791957575136,-8.212348615847748],[111.114793222027316,-8.212348116968309],[111.114794516763411,-8.212347607963142],[111.114795841698097,-8.212347088955919],[111.114797196746053,-8.212346560070301],[111.114798581821972,-8.212346021429958],[111.11479999684056,-8.21234547315856],[111.11480144171648,-8.21234491537977],[111.114802916364425,-8.212344348217259],[111.114804420699073,-8.212343771794691],[111.114805954635116,-8.212343186235735],[111.114807518087233,-8.212342591664058],[111.114809110970114,-8.212341988203326],[111.114810733198439,-8.212341375977209],[111.114812384686857,-8.21234075510937],[111.114814065350132,-8.212340125723482],[111.114815775102926,-8.212339487943208],[111.11481751385989,-8.212338841892219],[111.114819281535716,-8.212338187694179],[111.114821078045139,-8.212337525472755],[111.11482290330278,-8.212336855351619],[111.114824757223346,-8.212336177454432],[111.1148266397215,-8.212335491904865],[111.114828550711991,-8.212334798826584],[111.114830490109455,-8.212334098343259],[111.114832457828598,-8.212333390578555],[111.114834453784084,-8.212332675656139],[111.114836477890606,-8.212331953699678],[111.114838530062883,-8.212331224832843],[111.114840610215538,-8.212330489179298],[111.11484271826329,-8.212329746862707],[111.114844854120832,-8.212328998006745],[111.114847017702843,-8.212328242735074],[111.114849208923999,-8.212327481171362],[111.114851427698994,-8.212326713439278],[111.114853673942505,-8.212325939662488],[111.114855947569183,-8.212325159964657],[111.114858248493803,-8.212324374469459],[111.114860576630974,-8.212323583300554],[111.114862931895431,-8.212322786581614],[111.114865314201808,-8.212321984436306],[111.11486772346484,-8.212321176988294],[111.114870159599178,-8.212320364361251],[111.114872622519513,-8.212319546678838],[111.114875112140524,-8.212318724064723],[111.114877628376917,-8.212317896642579],[111.114880171143369,-8.212317064536066],[111.114882740354574,-8.212316227868859],[111.114885335925209,-8.212315386764621],[111.114887957769952,-8.212314541347018],[111.114890605803481,-8.21231369173972],[111.114893279940475,-8.21231283806639],[111.114895980095667,-8.212311980450702],[111.114898706183709,-8.212311119016318],[111.114901458119306,-8.212310253886908],[111.114904235817093,-8.21230938518614],[111.114907039191792,-8.212308513037677],[111.114909868158094,-8.212307637565189],[111.114912722630663,-8.212306758892344],[111.114915602524206,-8.212305877142809],[111.114918507753387,-8.212304992440249],[111.114921438232898,-8.212304104908336],[111.11492439387743,-8.212303214670733],[111.114927374601677,-8.212302321851109],[111.114930380320317,-8.212301426573132],[111.114933410948026,-8.212300528960466],[111.11493646639947,-8.212299629136783],[111.114939546589369,-8.212298727225749],[111.114942651432443,-8.212297823351026],[111.1149457808433,-8.212296917636289],[111.114948934736645,-8.212296010205202],[111.114952113027186,-8.212295101181434],[111.114955315629601,-8.212294190688649],[111.114958542458595,-8.212293278850515],[111.114961793428762,-8.212292365790701],[111.114965068454893,-8.212291451632872],[111.114968367451638,-8.212290536500698],[111.114971690333689,-8.212289620517847],[111.114975037015739,-8.212288703807983],[111.114978407412409,-8.212287786494773],[111.114981801438446,-8.212286868701888],[111.114985219008531,-8.212285950552992],[111.114988660037312,-8.212285032171753],[111.11499212443951,-8.212284113681841],[111.114995612129803,-8.212283195206918],[111.114999123022869,-8.212282276870658],[111.115002657033401,-8.212281358796725],[111.115006214076075,-8.212280441108785],[111.115009794065571,-8.212279523930503],[111.115013396916609,-8.212278607385553],[111.115017022543839,-8.212277691597599],[111.115020670861952,-8.21227677669031],[111.115024341785642,-8.212275862787351],[111.115028035229599,-8.212274950012389],[111.115031751108518,-8.212274038489094],[111.115035489337032,-8.212273128341129],[111.115039249829863,-8.212272219692167],[111.115043032501703,-8.21227131266587],[111.115046837267215,-8.212270407385907],[111.115050664041121,-8.212269503975946],[111.115054512738055,-8.212268602559655],[111.115058383272725,-8.212267703260698],[111.115062275559836,-8.212266806202747],[111.115066189514053,-8.212265911509467],[111.115070125050067,-8.212265019304525],[111.115074082082529,-8.212264129711588],[111.115078060526173,-8.212263242854327],[111.115082060295677,-8.212262358856403],[111.115086081305691,-8.212261477841487],[111.115090123470964,-8.212260599933247],[111.115094186706131,-8.212259725255349],[111.11509827092587,-8.212258853931457],[111.115102376044888,-8.212257986085245],[111.115106501977863,-8.212257121840377],[111.115110648639487,-8.212256261320519],[111.115114815944452,-8.212255404649342],[111.11511900380745,-8.212254551950512],[111.115123212143132,-8.212253703347692],[111.115127440866189,-8.212252858964554],[111.115131689891342,-8.212252018924763],[111.115135959133212,-8.212251183351988],[111.115140248506563,-8.212250352369896],[111.115144557926016,-8.212249526102154],[111.115148887306304,-8.212248704672428],[111.115153236562065,-8.212247888204388],[111.115157605608033,-8.212247076821697],[111.115161994358829,-8.212246270648025],[111.115166402729187,-8.212245469807041],[111.115170830633815,-8.212244674422411],[111.115175277987333,-8.212243884617802],[111.115179744704463,-8.212243100516881],[111.115184230699882,-8.212242322243315],[111.11518873588831,-8.212241549920773],[111.115193260184355,-8.212240783672916],[111.115197803502781,-8.212240023623421],[111.115202365758222,-8.212239269895949],[111.115206946865399,-8.212238522614172],[111.115211546738976,-8.212237781901756],[111.115216165293646,-8.212237047882361],[111.115220802444099,-8.212236320679665],[111.115225458104987,-8.21223560041733],[111.11523013219103,-8.212234887219021],[111.115234824616905,-8.212234181208409],[111.115239535297292,-8.212233482509159],[111.115244264146867,-8.21223279124494],[111.115249011080351,-8.212232107539421],[111.115253776012381,-8.212231431516262],[111.115258558857676,-8.212230763299139],[111.1152633595309,-8.212230103011715],[111.11526817794676,-8.212229450777659],[111.11527301401992,-8.212228806720635],[111.115277867665085,-8.212228170964316],[111.115282738796935,-8.212227543632364],[111.115287627330133,-8.21222692484845],[111.115292533179399,-8.212226314736238],[111.115297456259384,-8.212225713419397],[111.115302396484807,-8.212225121021593],[111.115307353770334,-8.212224537666497],[111.115312328030654,-8.212223963477772],[111.115317319180434,-8.212223398579088],[111.115322327134393,-8.212222843094111],[111.115327351807196,-8.212222297146509],[111.115332393113519,-8.212221760859947],[111.11533745096807,-8.212221234358097],[111.115342525285513,-8.212220717764623],[111.115347615980554,-8.212220211203192],[111.115352722967856,-8.212219714797472],[111.115357846162141,-8.212219228671131],[111.115362985478043,-8.212218752947837],[111.11536814083027,-8.212218287751254],[111.115373312133528,-8.212217833205054],[111.115378499302437,-8.212217389432901],[111.115383702251791,-8.212216956558462],[111.11538892089618,-8.212216534705405],[111.115394155150341,-8.212216123997401],[111.115399404928922,-8.21221572455811],[111.115404670146646,-8.212215336511203],[111.115409950718174,-8.212214959980351],[111.115415246558172,-8.212214595089215],[111.115420557581388,-8.212214241961467],[111.115425883702443,-8.212213900720773],[111.115431224836044,-8.212213571490798],[111.115436580896883,-8.212213254395213],[111.115441951799653,-8.212212949557681],[111.115447337459017,-8.212212657101873],[111.115452737789667,-8.212212377151454],[111.115458152706296,-8.212212109830094],[111.115463582123596,-8.212211855261458],[111.11546902595623,-8.212211613569213],[111.115474484118891,-8.212211384877028],[111.115479956526272,-8.212211169308569],[111.115485443093064,-8.212210966987506],[111.115490943733931,-8.212210778037502],[111.115496458363566,-8.212210602582228],[111.115501986896646,-8.212210440745348],[111.115507529247907,-8.21221029265053],[111.115513085331955,-8.212210158421446],[111.115518655063525,-8.212210038181755],[111.115524238357281,-8.212209932055133],[111.115529835127944,-8.212209840165242],[111.115535445290163,-8.212209762635752],[111.115541068758645,-8.212209699590327],[111.115546705448025,-8.212209651152634],[111.115552355273081,-8.212209617446348],[111.115558018148391,-8.212209598595127],[111.115563693988733,-8.212209594722642],[111.115569382708742,-8.212209605952562],[111.11557508422311,-8.212209632408552],[111.11558079844653,-8.212209674214282],[111.115586525293679,-8.212209731493413],[111.115592264679236,-8.212209804369621],[111.115598016517893,-8.212209892966568],[111.115603780724356,-8.212209997407921],[111.115609557213261,-8.212210117817348],[111.115615345899357,-8.212210254318517],[111.115621146697293,-8.212210407035096],[111.115626959521762,-8.212210576090751],[111.115632784287428,-8.21221076160915],[111.11563862090901,-8.212210963713961],[111.115644469301159,-8.212211182528849],[111.115650329378596,-8.212211418177482],[111.11565620105597,-8.212211670783532],[111.115662084247987,-8.212211940470658],[111.115667978869325,-8.212212227362533],[111.115673884834692,-8.212212531582823],[111.115679802058764,-8.212212853255195],[111.115685730456164,-8.212213192503317],[111.115691669941668,-8.212213549450855],[111.115697620429927,-8.212213924221476],[111.115703581835589,-8.212214316938852],[111.115709554073391,-8.212214727726645],[111.115715537058009,-8.212215156708524],[111.115721530704093,-8.212215604008154],[111.115727534926364,-8.212216069749209],[111.115733549639515,-8.212216554055349],[111.115739574758194,-8.212217057050244],[111.115745610197095,-8.212217578857564],[111.115751655870923,-8.212218119600971],[111.115757711694357,-8.212218679404137],[111.11576377758206,-8.212219258390727],[111.115769853448754,-8.212219856684408],[111.115775939209087,-8.212220474408849],[111.115782034777794,-8.212221111687715],[111.115788140069512,-8.212221768644676],[111.115794254998931,-8.2122224454034],[111.115800379480746,-8.212223142087549],[111.115806513429646,-8.212223858820794],[111.11581265676034,-8.212224595726804],[111.115818809387463,-8.212225352929241],[111.115824971225734,-8.212226130551779],[111.115831142189791,-8.21222692871808],[111.115837322194423,-8.212227747551811],[111.115843511154196,-8.212228587176646],[111.115849708983859,-8.212229447716243],[111.115855915598118,-8.212230329294277],[111.115862130911552,-8.21223123203441],[111.115868354838994,-8.212232156060315],[111.115874587294996,-8.212233101495654],[111.115880828194349,-8.212234068464095],[111.115887077451674,-8.212235057089311],[111.115893334981678,-8.21223606749496],[111.115899600699038,-8.212237099804717],[111.115905874518432,-8.212238154142247],[111.115912156354582,-8.212239230631214],[111.115918446122123,-8.212240329395289],[111.115924743735775,-8.212241450558141],[111.115931049110216,-8.212242594243431],[111.115937362160111,-8.212243760574831],[111.115943682800179,-8.212244949676007],[111.115950010945056,-8.212246161670629],[111.115956346509492,-8.212247396682361],[111.115962689408136,-8.21224865483487],[111.115969039555665,-8.212249936251824],[111.115975396866773,-8.212251241056894],[111.115981761256165,-8.212252569373742],[111.115988132638478,-8.212253921326036],[111.115994510928459,-8.212255297037446],[111.116000896040745,-8.212256696631638],[111.116007287890028,-8.21225812023228],[111.116013686391014,-8.21225956796304],[111.116020091458395,-8.212261039947581],[111.116026503006822,-8.212262536309574],[111.116032920950985,-8.212264057172685],[111.116039345205593,-8.212265602660587],[111.116045775685308,-8.212267172896935],[111.116052212304837,-8.212268768005407],[111.116058654978843,-8.212270388109667],[111.11606510362202,-8.212272033333381],[111.116071558149073,-8.212273703800218],[111.116078018474667,-8.212275399633844],[111.116084484513493,-8.212277120957927],[111.116090956180216,-8.212278867896135],[111.116097433389527,-8.212280640572136],[111.116103916056161,-8.212282439109591],[111.116110404094741,-8.212284263632178],[111.116116897419971,-8.212286114263556],[111.116123395946516,-8.212287991127393],[111.116129899589112,-8.212289894347361],[111.11613640826242,-8.212291824047124],[111.116142921881135,-8.212293780350349],[111.116149440359905,-8.212295763380704],[111.116155963613437,-8.212297773261858],[111.116162491556466,-8.212299810117473],[111.116169024103584,-8.212301874071223],[111.116175561169527,-8.212303965246772],[111.116182102668972,-8.212306083767787],[111.116188648516612,-8.212308229757936],[111.116195198627125,-8.212310403340885],[111.116201752915217,-8.212312604640303],[111.116208311295537,-8.212314833779859],[111.116214873682807,-8.212317090883216],[111.116221439991662,-8.212319376074042],[111.116228010136837,-8.21232168947601],[111.116234584032995,-8.212324031212779],[111.116241161594829,-8.212326401408024],[111.116247742737002,-8.212328800185404],[111.11625432737425,-8.212331227668594],[111.116260915421194,-8.212333683981258],[111.116267506792568,-8.212336169247061],[111.116274101403036,-8.212338683589676],[111.116280699167262,-8.212341227132764],[111.116287299999982,-8.2123438]]]}}
]
}
