{
"type": "FeatureCollection",
"name": "Jalan Desa Kembang",
"crs": { "type": "name", "properties": { "name": "urn:ogc:def:crs:OGC:1.3:CRS84" } },
"features": [
{"type":"Feature","properties":{"fid":1,"full_id":"w52142223","osm_id":"52142223","osm_type":"way","highway":"living_street","tunnel":null,"construction":null,"cutting":null,"covered":null,"width":null,"motor_vehicle":null,"step_count":null,"ramp":null,"incline":null,"handrail":null,"informal":null,"service":null,"maxweight:signed":null,"tracktype":null,"sidewalk":null,"smoothness":null,"man_made":null,"import":null,"lit":null,"hgv":null,"maxspeed":null,"noname":null,"oneway":null,"motorcycle":"yes","motorcar":null,"layer":null,"horse":null,"foot":null,"bridge":null,"bicycle":null,"access":null,"lanes":null,"lane_markings":null,"name:etymology:wikipedia":null,"name:etymology:wikidata":null,"surface":null,"ref":null,"name":null},"geometry":{"type":"MultiLineString","coordinates":[[[111.108352752781414,-8.212908861191185],[111.108443,-8.21289],[111.108504,-8.212881],[111.1086014,-8.2128698],[111.1089436,-8.2128484],[111.1090352,-8.2128358],[111.109091,-8.2128229],[111.1093305,-8.2128174]]]}},
{"type":"Feature","properties":{"fid":2,"full_id":"w60013571","osm_id":"60013571","osm_type":"way","highway":"track","tunnel":null,"construction":null,"cutting":null,"covered":null,"width":null,"motor_vehicle":null,"step_count":null,"ramp":null,"incline":null,"handrail":null,"informal":null,"service":null,"maxweight:signed":null,"tracktype":null,"sidewalk":null,"smoothness":null,"man_made":null,"import":null,"lit":null,"hgv":null,"maxspeed":null,"noname":null,"oneway":null,"motorcycle":null,"motorcar":null,"layer":null,"horse":null,"foot":null,"bridge":null,"bicycle":null,"access":null,"lanes":null,"lane_markings":null,"name:etymology:wikipedia":null,"name:etymology:wikidata":null,"surface":"unpaved","ref":null,"name":null},"geometry":{"type":"MultiLineString","coordinates":[[[111.1145747,-8.2221515],[111.1144969,-8.2223665],[111.1142528,-8.2226771],[111.1141375,-8.2227541],[111.1137646,-8.2228603],[111.1135876,-8.2230063],[111.1133194,-8.2232293],[111.1131558,-8.2233275],[111.1127052,-8.2233487],[111.112496,-8.2234815],[111.1124343,-8.2236407],[111.1124155,-8.2240018],[111.1123565,-8.2242619],[111.112099,-8.2245991],[111.1119354,-8.2248353],[111.1117825,-8.2250716],[111.1117535,-8.2254628],[111.1118066,-8.22586],[111.1118018,-8.2261052],[111.1117052,-8.2263919],[111.1116618,-8.226448],[111.1116309,-8.2265051],[111.1116108,-8.2265635],[111.1115988,-8.2266405],[111.1115961,-8.2267334],[111.111622,-8.2268445],[111.1116618,-8.2269351],[111.1116799,-8.2269968],[111.1116837,-8.2270582],[111.1116497,-8.2271409],[111.1116055,-8.2272139],[111.1115686,-8.2272603],[111.1115257,-8.2272975],[111.1114916,-8.227321],[111.1114631,-8.2273403],[111.1114412,-8.2273499],[111.111414,-8.2273569],[111.1113872,-8.2273619],[111.1113537,-8.2273625],[111.1113235,-8.2273609],[111.111298,-8.2273612],[111.1112725,-8.2273635],[111.1112467,-8.2273705],[111.1112212,-8.2273794],[111.1111924,-8.2273967],[111.1111602,-8.2274309],[111.1111361,-8.22747],[111.1111178,-8.2275055],[111.1110979,-8.227553],[111.111065,-8.2276061],[111.1110461,-8.2276654],[111.1110295,-8.2277269],[111.1110134,-8.2278098],[111.1109912,-8.2278888],[111.1109743,-8.2279727],[111.1109591,-8.228054],[111.1109541,-8.2281625],[111.1109537,-8.2282651],[111.1109488,-8.2284333],[111.1109434,-8.2286005],[111.1109301,-8.2287863],[111.1109161,-8.2289009],[111.1109059,-8.2289775],[111.1108947,-8.2290459],[111.1108833,-8.2290873],[111.1108719,-8.2291119],[111.1108534,-8.2291285],[111.1108316,-8.2291335],[111.1108035,-8.2291345],[111.110775,-8.2291242],[111.1107532,-8.2291059],[111.1107193,-8.2290774],[111.1106801,-8.2290495],[111.1106392,-8.2290303],[111.1105559,-8.2289947],[111.1104695,-8.2289792],[111.1103851,-8.2289845],[111.1103159,-8.2290067],[111.1102394,-8.2290478],[111.1101584,-8.2291159],[111.1101133,-8.2291872],[111.1100471,-8.2292659],[111.1099899,-8.229357],[111.1099255,-8.2294446],[111.109854,-8.2295472],[111.1097619,-8.2296584],[111.1097038,-8.2297463],[111.1096582,-8.22983],[111.109613,-8.2299491],[111.1095791,-8.2300277],[111.1095442,-8.2301047],[111.1095227,-8.2301445],[111.1094877,-8.2301767],[111.1094441,-8.2302079],[111.1093712,-8.2302481],[111.1092813,-8.2302905],[111.1092009,-8.2303224],[111.1090882,-8.2303755],[111.1089849,-8.2304246],[111.1088642,-8.2304737],[111.1087207,-8.2305215],[111.1085477,-8.2305852],[111.1084136,-8.2306449],[111.1083238,-8.2307033],[111.1082607,-8.2307405],[111.1081902,-8.2307825]]]}},
{"type":"Feature","properties":{"fid":3,"full_id":"w451289886","osm_id":"451289886","osm_type":"way","highway":"tertiary","tunnel":null,"construction":null,"cutting":null,"covered":null,"width":null,"motor_vehicle":null,"step_count":null,"ramp":null,"incline":null,"handrail":null,"informal":null,"service":null,"maxweight:signed":null,"tracktype":null,"sidewalk":null,"smoothness":null,"man_made":null,"import":null,"lit":null,"hgv":null,"maxspeed":null,"noname":null,"oneway":null,"motorcycle":null,"motorcar":null,"layer":null,"horse":null,"foot":null,"bridge":null,"bicycle":null,"access":null,"lanes":null,"lane_markings":null,"name:etymology:wikipedia":"id:Abdul Wahid Hasyim","name:etymology:wikidata":"Q981398","surface":null,"ref":null,"name":"Jalan KH. Wahid Hasyim"},"geometry":{"type":"MultiLineString","coordinates":[[[111.108128435221246,-8.210600193964106],[111.1086329,-8.2107835],[111.1088475,-8.2108519],[111.1091083,-8.2109541],[111.1094328,-8.2110682],[111.1095052,-8.2110904],[111.1097428,-8.2111665],[111.1097628,-8.2111718],[111.1100818,-8.2112579],[111.1103619,-8.2113361],[111.110426,-8.2113503],[111.1104069,-8.2113692]]]}},
{"type":"Feature","properties":{"fid":4,"full_id":"w518792747","osm_id":"518792747","osm_type":"way","highway":"track","tunnel":null,"construction":null,"cutting":null,"covered":null,"width":null,"motor_vehicle":null,"step_count":null,"ramp":null,"incline":null,"handrail":null,"informal":null,"service":null,"maxweight:signed":null,"tracktype":null,"sidewalk":null,"smoothness":null,"man_made":null,"import":null,"lit":null,"hgv":null,"maxspeed":null,"noname":null,"oneway":null,"motorcycle":null,"motorcar":null,"layer":null,"horse":null,"foot":null,"bridge":null,"bicycle":null,"access":null,"lanes":null,"lane_markings":null,"name:etymology:wikipedia":null,"name:etymology:wikidata":null,"surface":"unpaved","ref":null,"name":null},"geometry":{"type":"MultiLineString","coordinates":[[[111.1080359,-8.23323],[111.1081271,-8.2331663],[111.1082492,-8.233096],[111.1084289,-8.2330217],[111.1085907,-8.2329544],[111.1087668,-8.2328889],[111.1089045,-8.2328495],[111.1090243,-8.2328319],[111.1091531,-8.2328212],[111.1092898,-8.2328132],[111.1093913,-8.2328044],[111.1094892,-8.2327872],[111.1095728,-8.2327496],[111.1096515,-8.2326996],[111.1097405,-8.2326367],[111.109803,-8.2325814],[111.1098526,-8.2325177],[111.1099055,-8.2324244],[111.1099479,-8.2323332],[111.1099953,-8.2322518],[111.1100364,-8.232174],[111.1100753,-8.2321156],[111.1101262,-8.2320651],[111.1102099,-8.2320116],[111.1102965,-8.2319642],[111.1103716,-8.2319191],[111.1104593,-8.2318603],[111.1104957,-8.2318295],[111.1105165,-8.2317977],[111.1105378,-8.2317454],[111.1105648,-8.2316603],[111.1105867,-8.2315709],[111.1106077,-8.2314904],[111.1106519,-8.2314108],[111.1106962,-8.2313391],[111.1107785,-8.2312617],[111.1108786,-8.2311891],[111.1110038,-8.2311104],[111.1111593,-8.2310201],[111.1113069,-8.2309577],[111.1114718,-8.230914],[111.1116283,-8.2308984],[111.1118219,-8.2308794],[111.1120445,-8.230906],[111.1122411,-8.2309754],[111.1124253,-8.231052],[111.1126024,-8.2311635],[111.1126788,-8.23121],[111.1127593,-8.2312497],[111.1128264,-8.2312777],[111.1128809,-8.2312648],[111.1129282,-8.2312206],[111.1129538,-8.2311475],[111.1129605,-8.2310679],[111.1129828,-8.2309993],[111.1130329,-8.2309444],[111.1130686,-8.2309011],[111.1130968,-8.23084],[111.1130893,-8.2307613],[111.1130565,-8.2306701],[111.1130141,-8.2305794],[111.112943,-8.2304653],[111.1127231,-8.230014],[111.1126681,-8.2297578],[111.1126475,-8.2296428],[111.1126462,-8.2295313],[111.1126453,-8.2294141],[111.1126515,-8.2293482],[111.1126971,-8.2292698],[111.1127741,-8.2292004],[111.1128755,-8.2291305],[111.1129788,-8.2290734],[111.1130677,-8.2290305],[111.1131544,-8.2289911],[111.1132408,-8.2289694],[111.1133046,-8.2289579],[111.1133467,-8.2289668],[111.1134133,-8.229005],[111.1134703,-8.2290196],[111.1135232,-8.2290269],[111.1135821,-8.2290319],[111.1136325,-8.2290309],[111.1136828,-8.2290243],[111.1137316,-8.2290132],[111.113768,-8.2290017],[111.1137995,-8.2289865],[111.1138257,-8.2289672],[111.1138429,-8.2289528],[111.1138491,-8.2289379],[111.1138513,-8.2289244],[111.1138501,-8.2289115],[111.1138458,-8.2288982],[111.1138277,-8.2288683],[111.1138029,-8.2288279],[111.1137794,-8.2287967],[111.1137545,-8.2287492],[111.1137089,-8.2286814],[111.1136399,-8.2285571],[111.113623,-8.2284916],[111.1136096,-8.2283828],[111.1136002,-8.2282275],[111.1135894,-8.2279461],[111.1136149,-8.227747],[111.1136574,-8.2276598],[111.1137223,-8.2276036],[111.1138188,-8.2275532],[111.1139336,-8.2275218],[111.114061,-8.2275112],[111.1141823,-8.2275054],[111.1142702,-8.2274793],[111.1143668,-8.2274448],[111.1145135,-8.2274112],[111.1145934,-8.2273758],[111.1146578,-8.227332],[111.1147321,-8.2272758],[111.1148031,-8.2272294],[111.1148764,-8.2272032],[111.114969,-8.2272019],[111.1150534,-8.2272099],[111.1151473,-8.2272298],[111.1152498,-8.2272639],[111.1153664,-8.2272997],[111.1154732,-8.2273307],[111.1155711,-8.2273745],[111.1157071,-8.227451],[111.1158599,-8.227524],[111.1159337,-8.2275585],[111.1159962,-8.2276107],[111.1160807,-8.2276904],[111.1161483,-8.2277842],[111.116214,-8.2278691],[111.1162698,-8.2279107],[111.1163342,-8.2279425],[111.116416,-8.2279585],[111.1164777,-8.2279558],[111.1165421,-8.2279425],[111.1165842,-8.2278996],[111.1166239,-8.2278417],[111.1166641,-8.2277912],[111.116733,-8.2277284],[111.1168188,-8.2276793],[111.1169283,-8.2276386],[111.1170508,-8.2276169],[111.1171603,-8.2275974],[111.1172582,-8.2275842],[111.1173575,-8.2275616],[111.1174438,-8.2275227],[111.1175117,-8.2274753],[111.1175868,-8.2274143],[111.1176445,-8.227336],[111.1176766,-8.2272457],[111.1177066,-8.2271603],[111.1177276,-8.2270771],[111.1177477,-8.2269856],[111.1177764,-8.2269147],[111.1177999,-8.226849],[111.1178523,-8.2267626],[111.1179341,-8.226679],[111.1180091,-8.2266062],[111.1180776,-8.2265422],[111.1181472,-8.226488],[111.1182277,-8.2264204],[111.1182988,-8.2263659],[111.1183403,-8.2262943],[111.1184664,-8.2260208],[111.118622,-8.2258085],[111.1187212,-8.2256253],[111.1187668,-8.2254315],[111.1187373,-8.2253121],[111.1186675,-8.2251634],[111.1186917,-8.2250227],[111.1188392,-8.2247891],[111.1189706,-8.2246564],[111.119027,-8.2245289],[111.1190404,-8.2243219],[111.1191369,-8.2240484]]]}},
{"type":"Feature","properties":{"fid":5,"full_id":"w518817968","osm_id":"518817968","osm_type":"way","highway":"track","tunnel":null,"construction":null,"cutting":null,"covered":null,"width":null,"motor_vehicle":null,"step_count":null,"ramp":null,"incline":null,"handrail":null,"informal":null,"service":null,"maxweight:signed":null,"tracktype":null,"sidewalk":null,"smoothness":null,"man_made":null,"import":null,"lit":null,"hgv":null,"maxspeed":null,"noname":null,"oneway":null,"motorcycle":null,"motorcar":null,"layer":null,"horse":null,"foot":null,"bridge":null,"bicycle":null,"access":null,"lanes":null,"lane_markings":null,"name:etymology:wikipedia":null,"name:etymology:wikidata":null,"surface":"unpaved","ref":null,"name":null},"geometry":{"type":"MultiLineString","coordinates":[[[111.106564601515615,-8.215887131965619],[111.1066958,-8.2159448],[111.1072323,-8.216128],[111.1075086,-8.2161837],[111.1076319,-8.2159076],[111.1081872,-8.2151351],[111.1084379,-8.2151989],[111.1086163,-8.215228],[111.1089565,-8.2152188]]]}},
{"type":"Feature","properties":{"fid":6,"full_id":"w518817971","osm_id":"518817971","osm_type":"way","highway":"residential","tunnel":null,"construction":null,"cutting":null,"covered":null,"width":null,"motor_vehicle":null,"step_count":null,"ramp":null,"incline":null,"handrail":null,"informal":null,"service":null,"maxweight:signed":null,"tracktype":null,"sidewalk":null,"smoothness":null,"man_made":null,"import":null,"lit":null,"hgv":null,"maxspeed":null,"noname":null,"oneway":null,"motorcycle":null,"motorcar":null,"layer":null,"horse":null,"foot":null,"bridge":null,"bicycle":null,"access":null,"lanes":null,"lane_markings":null,"name:etymology:wikipedia":null,"name:etymology:wikidata":null,"surface":"unpaved","ref":null,"name":null},"geometry":{"type":"MultiLineString","coordinates":[[[111.1071222,-8.2311811],[111.1071825,-8.2310524],[111.1072254,-8.2309422],[111.1072563,-8.2308493],[111.1072737,-8.230763],[111.1072965,-8.2306728],[111.107322,-8.2305985],[111.1073542,-8.2305454],[111.1073823,-8.2304883],[111.1074038,-8.2304073],[111.1074306,-8.2302852],[111.1074547,-8.2301498],[111.1074762,-8.2300224],[111.1074977,-8.2298738],[111.1075231,-8.2297224],[111.1075687,-8.229542],[111.1075996,-8.2294543],[111.1076331,-8.2293442],[111.1076586,-8.2292194],[111.1076801,-8.2291159],[111.1076881,-8.2290097],[111.1076854,-8.2289208],[111.107676,-8.2288332],[111.107674,-8.2287814],[111.1076794,-8.2287389],[111.1076935,-8.2286991],[111.107735,-8.2286155],[111.1077806,-8.2285199],[111.1078209,-8.2283951],[111.107896,-8.2280421],[111.107955,-8.2278058],[111.1080703,-8.2273917],[111.1081722,-8.2269882],[111.1082769,-8.2265528],[111.1084458,-8.2258786],[111.1086792,-8.225199],[111.108824,-8.2248141],[111.1089609,-8.224323],[111.1090118,-8.2238107],[111.1089313,-8.2226798],[111.1088642,-8.2217188],[111.1088589,-8.221594],[111.1088455,-8.22144],[111.1087677,-8.2210604],[111.1086792,-8.2207074],[111.1086341,-8.2204933],[111.1085617,-8.2201296],[111.1084812,-8.2195907],[111.1084114,-8.219235],[111.1083444,-8.2187067],[111.1083117,-8.2184483],[111.1083149,-8.2181943],[111.1083605,-8.217828],[111.1085308,-8.2172811],[111.1086756,-8.2169693],[111.108761,-8.2167307]]]}},
{"type":"Feature","properties":{"fid":7,"full_id":"w519365607","osm_id":"519365607","osm_type":"way","highway":"track","tunnel":null,"construction":null,"cutting":null,"covered":null,"width":null,"motor_vehicle":null,"step_count":null,"ramp":null,"incline":null,"handrail":null,"informal":null,"service":null,"maxweight:signed":null,"tracktype":null,"sidewalk":null,"smoothness":null,"man_made":null,"import":null,"lit":null,"hgv":null,"maxspeed":null,"noname":null,"oneway":null,"motorcycle":null,"motorcar":null,"layer":null,"horse":null,"foot":null,"bridge":null,"bicycle":null,"access":null,"lanes":null,"lane_markings":null,"name:etymology:wikipedia":null,"name:etymology:wikidata":null,"surface":"unpaved","ref":null,"name":null},"geometry":{"type":"MultiLineString","coordinates":[[[111.103150132601911,-8.227053334172957],[111.1031275,-8.2270024],[111.1028405,-8.2265618],[111.102793,-8.2264929],[111.1027649,-8.2264521],[111.102649418366212,-8.226284545948982]]]}},
{"type":"Feature","properties":{"fid":8,"full_id":"w601419678","osm_id":"601419678","osm_type":"way","highway":"trunk","tunnel":null,"construction":null,"cutting":null,"covered":null,"width":null,"motor_vehicle":null,"step_count":null,"ramp":null,"incline":null,"handrail":null,"informal":null,"service":null,"maxweight:signed":null,"tracktype":null,"sidewalk":null,"smoothness":null,"man_made":null,"import":null,"lit":null,"hgv":null,"maxspeed":null,"noname":null,"oneway":"no","motorcycle":null,"motorcar":null,"layer":null,"horse":null,"foot":null,"bridge":null,"bicycle":null,"access":null,"lanes":null,"lane_markings":null,"name:etymology:wikipedia":null,"name:etymology:wikidata":null,"surface":null,"ref":null,"name":"Jalan Lingkar Pacitan"},"geometry":{"type":"MultiLineString","coordinates":[[[111.1078909,-8.2164554],[111.1071613,-8.2162192]]]}},
{"type":"Feature","properties":{"fid":9,"full_id":"w601419679","osm_id":"601419679","osm_type":"way","highway":"trunk","tunnel":null,"construction":null,"cutting":null,"covered":null,"width":null,"motor_vehicle":null,"step_count":null,"ramp":null,"incline":null,"handrail":null,"informal":null,"service":null,"maxweight:signed":null,"tracktype":null,"sidewalk":null,"smoothness":null,"man_made":null,"import":null,"lit":null,"hgv":null,"maxspeed":null,"noname":null,"oneway":"no","motorcycle":null,"motorcar":null,"layer":"1","horse":null,"foot":null,"bridge":"yes","bicycle":null,"access":null,"lanes":null,"lane_markings":null,"name:etymology:wikipedia":null,"name:etymology:wikidata":null,"surface":null,"ref":null,"name":"Jembatan Grindulu"},"geometry":{"type":"MultiLineString","coordinates":[[[111.1071613,-8.2162192],[111.10653153826857,-8.215931587759846]]]}},
{"type":"Feature","properties":{"fid":10,"full_id":"w630729998","osm_id":"630729998","osm_type":"way","highway":"trunk","tunnel":null,"construction":null,"cutting":null,"covered":null,"width":null,"motor_vehicle":null,"step_count":null,"ramp":null,"incline":null,"handrail":null,"informal":null,"service":null,"maxweight:signed":null,"tracktype":null,"sidewalk":null,"smoothness":null,"man_made":null,"import":null,"lit":null,"hgv":null,"maxspeed":null,"noname":null,"oneway":"no","motorcycle":null,"motorcar":null,"layer":null,"horse":null,"foot":null,"bridge":null,"bicycle":null,"access":null,"lanes":null,"lane_markings":null,"name:etymology:wikipedia":null,"name:etymology:wikidata":null,"surface":null,"ref":null,"name":"Jalan Lingkar Pacitan"},"geometry":{"type":"MultiLineString","coordinates":[[[111.1130783,-8.2178279],[111.1126786,-8.2178545],[111.112257,-8.2178067],[111.1094972,-8.2169798],[111.108761,-8.2167307],[111.1078909,-8.2164554]]]}},
{"type":"Feature","properties":{"fid":11,"full_id":"w630730145","osm_id":"630730145","osm_type":"way","highway":"residential","tunnel":null,"construction":null,"cutting":null,"covered":null,"width":null,"motor_vehicle":null,"step_count":null,"ramp":null,"incline":null,"handrail":null,"informal":null,"service":null,"maxweight:signed":null,"tracktype":null,"sidewalk":null,"smoothness":null,"man_made":null,"import":null,"lit":null,"hgv":null,"maxspeed":null,"noname":null,"oneway":null,"motorcycle":null,"motorcar":null,"layer":null,"horse":null,"foot":null,"bridge":null,"bicycle":null,"access":null,"lanes":null,"lane_markings":null,"name:etymology:wikipedia":null,"name:etymology:wikidata":null,"surface":null,"ref":null,"name":null},"geometry":{"type":"MultiLineString","coordinates":[[[111.1093305,-8.2128174],[111.1093659,-8.2126994],[111.1093921,-8.2126484],[111.1094731,-8.2125203],[111.1097145,-8.2122788],[111.1099058,-8.2120304],[111.1099988,-8.2119098],[111.1102375,-8.2115965],[111.1103737,-8.211418],[111.1103955,-8.2113918],[111.1104069,-8.2113692]]]}},
{"type":"Feature","properties":{"fid":12,"full_id":"w683826230","osm_id":"683826230","osm_type":"way","highway":"service","tunnel":null,"construction":null,"cutting":null,"covered":null,"width":null,"motor_vehicle":null,"step_count":null,"ramp":null,"incline":null,"handrail":null,"informal":null,"service":null,"maxweight:signed":null,"tracktype":null,"sidewalk":null,"smoothness":null,"man_made":null,"import":null,"lit":null,"hgv":null,"maxspeed":null,"noname":null,"oneway":null,"motorcycle":null,"motorcar":null,"layer":null,"horse":null,"foot":null,"bridge":null,"bicycle":null,"access":null,"lanes":null,"lane_markings":null,"name:etymology:wikipedia":null,"name:etymology:wikidata":null,"surface":"paving_stones","ref":null,"name":null},"geometry":{"type":"MultiLineString","coordinates":[[[111.102793951661056,-8.227858981535066],[111.1028963,-8.2280501],[111.1029285,-8.228127],[111.1029473,-8.2282306],[111.1029714,-8.2283553],[111.1029988,-8.2284731],[111.1030707,-8.2286845],[111.1031324,-8.2288332],[111.1031967,-8.2289898],[111.1033013,-8.2292552],[111.103355,-8.2295101],[111.1033791,-8.2296853],[111.1033335,-8.2298578],[111.1032692,-8.2299746],[111.1031565,-8.2301259]]]}},
{"type":"Feature","properties":{"fid":13,"full_id":"w685345840","osm_id":"685345840","osm_type":"way","highway":"residential","tunnel":null,"construction":null,"cutting":null,"covered":null,"width":null,"motor_vehicle":null,"step_count":null,"ramp":null,"incline":null,"handrail":null,"informal":null,"service":null,"maxweight:signed":null,"tracktype":null,"sidewalk":null,"smoothness":null,"man_made":null,"import":null,"lit":null,"hgv":null,"maxspeed":null,"noname":null,"oneway":null,"motorcycle":null,"motorcar":null,"layer":null,"horse":null,"foot":null,"bridge":null,"bicycle":null,"access":null,"lanes":null,"lane_markings":null,"name:etymology:wikipedia":null,"name:etymology:wikidata":null,"surface":null,"ref":null,"name":null},"geometry":{"type":"MultiLineString","coordinates":[[[111.1089565,-8.2152188],[111.109338,-8.2151932],[111.1098778,-8.2152166]]]}},
{"type":"Feature","properties":{"fid":14,"full_id":"w685345841","osm_id":"685345841","osm_type":"way","highway":"residential","tunnel":null,"construction":null,"cutting":null,"covered":null,"width":null,"motor_vehicle":null,"step_count":null,"ramp":null,"incline":null,"handrail":null,"informal":null,"service":null,"maxweight:signed":null,"tracktype":null,"sidewalk":null,"smoothness":null,"man_made":null,"import":null,"lit":null,"hgv":null,"maxspeed":null,"noname":null,"oneway":null,"motorcycle":null,"motorcar":null,"layer":null,"horse":null,"foot":null,"bridge":null,"bicycle":null,"access":null,"lanes":null,"lane_markings":null,"name:etymology:wikipedia":null,"name:etymology:wikidata":null,"surface":null,"ref":null,"name":null},"geometry":{"type":"MultiLineString","coordinates":[[[111.108761,-8.2167307],[111.1087471,-8.2166184],[111.1088174,-8.2160224],[111.1088516,-8.2157343],[111.1089011,-8.2154812],[111.1089565,-8.2152188]]]}},
{"type":"Feature","properties":{"fid":15,"full_id":"w719035188","osm_id":"719035188","osm_type":"way","highway":"living_street","tunnel":null,"construction":null,"cutting":null,"covered":null,"width":null,"motor_vehicle":null,"step_count":null,"ramp":null,"incline":null,"handrail":null,"informal":null,"service":null,"maxweight:signed":null,"tracktype":null,"sidewalk":null,"smoothness":null,"man_made":null,"import":"yes","lit":null,"hgv":null,"maxspeed":null,"noname":null,"oneway":null,"motorcycle":"yes","motorcar":null,"layer":null,"horse":null,"foot":null,"bridge":null,"bicycle":null,"access":null,"lanes":null,"lane_markings":null,"name:etymology:wikipedia":null,"name:etymology:wikidata":null,"surface":null,"ref":null,"name":null},"geometry":{"type":"MultiLineString","coordinates":[[[111.1095535,-8.211708],[111.1087429,-8.2113954],[111.108661,-8.2113816]]]}},
{"type":"Feature","properties":{"fid":16,"full_id":"w719035189","osm_id":"719035189","osm_type":"way","highway":"living_street","tunnel":null,"construction":null,"cutting":null,"covered":null,"width":null,"motor_vehicle":null,"step_count":null,"ramp":null,"incline":null,"handrail":null,"informal":null,"service":null,"maxweight:signed":null,"tracktype":null,"sidewalk":null,"smoothness":null,"man_made":null,"import":"yes","lit":null,"hgv":null,"maxspeed":null,"noname":null,"oneway":null,"motorcycle":"yes","motorcar":null,"layer":null,"horse":null,"foot":null,"bridge":null,"bicycle":null,"access":null,"lanes":null,"lane_markings":null,"name:etymology:wikipedia":null,"name:etymology:wikidata":null,"surface":null,"ref":null,"name":null},"geometry":{"type":"MultiLineString","coordinates":[[[111.108661,-8.2113816],[111.1086242,-8.2115036],[111.1085655,-8.2118095],[111.1085423,-8.2120996],[111.1085397,-8.2121686],[111.1086014,-8.2121819],[111.1090842,-8.2122217],[111.1093587,-8.2122403]]]}},
{"type":"Feature","properties":{"fid":17,"full_id":"w719035191","osm_id":"719035191","osm_type":"way","highway":"residential","tunnel":null,"construction":null,"cutting":null,"covered":null,"width":null,"motor_vehicle":null,"step_count":null,"ramp":null,"incline":null,"handrail":null,"informal":null,"service":null,"maxweight:signed":null,"tracktype":null,"sidewalk":null,"smoothness":null,"man_made":null,"import":"yes","lit":null,"hgv":null,"maxspeed":null,"noname":null,"oneway":null,"motorcycle":null,"motorcar":null,"layer":null,"horse":null,"foot":null,"bridge":null,"bicycle":null,"access":null,"lanes":null,"lane_markings":null,"name:etymology:wikipedia":null,"name:etymology:wikidata":null,"surface":null,"ref":null,"name":null},"geometry":{"type":"MultiLineString","coordinates":[[[111.1102264,-8.2100014],[111.1097567,-8.2097968],[111.1093175,-8.2096054],[111.1083734,-8.2091966],[111.1083566,-8.2091892],[111.108330464323288,-8.209176044237999]]]}},
{"type":"Feature","properties":{"fid":18,"full_id":"w732392581","osm_id":"732392581","osm_type":"way","highway":"residential","tunnel":null,"construction":null,"cutting":null,"covered":null,"width":null,"motor_vehicle":null,"step_count":null,"ramp":null,"incline":null,"handrail":null,"informal":null,"service":null,"maxweight:signed":null,"tracktype":null,"sidewalk":null,"smoothness":null,"man_made":null,"import":"yes","lit":null,"hgv":null,"maxspeed":null,"noname":null,"oneway":null,"motorcycle":null,"motorcar":null,"layer":null,"horse":null,"foot":null,"bridge":null,"bicycle":null,"access":null,"lanes":null,"lane_markings":null,"name:etymology:wikipedia":null,"name:etymology:wikidata":null,"surface":null,"ref":null,"name":null},"geometry":{"type":"MultiLineString","coordinates":[[[111.1095273,-8.2090811],[111.1093175,-8.2096054],[111.1090798,-8.2101864],[111.1089957,-8.2103932],[111.1088475,-8.2108519]]]}},
{"type":"Feature","properties":{"fid":19,"full_id":"w732392583","osm_id":"732392583","osm_type":"way","highway":"living_street","tunnel":null,"construction":null,"cutting":null,"covered":null,"width":null,"motor_vehicle":null,"step_count":null,"ramp":null,"incline":null,"handrail":null,"informal":null,"service":null,"maxweight:signed":null,"tracktype":null,"sidewalk":null,"smoothness":null,"man_made":null,"import":"yes","lit":null,"hgv":null,"maxspeed":null,"noname":null,"oneway":null,"motorcycle":"yes","motorcar":null,"layer":null,"horse":null,"foot":null,"bridge":null,"bicycle":null,"access":null,"lanes":null,"lane_markings":null,"name:etymology:wikipedia":null,"name:etymology:wikidata":null,"surface":null,"ref":null,"name":null},"geometry":{"type":"MultiLineString","coordinates":[[[111.1097428,-8.2111665],[111.1095535,-8.211708],[111.1094936,-8.2118717],[111.1093587,-8.2122403],[111.1093342,-8.2123261],[111.1093336,-8.2124168],[111.1093725,-8.2124845],[111.1094731,-8.2125203]]]}},
{"type":"Feature","properties":{"fid":20,"full_id":"w803278007","osm_id":"803278007","osm_type":"way","highway":"living_street","tunnel":null,"construction":null,"cutting":null,"covered":null,"width":null,"motor_vehicle":null,"step_count":null,"ramp":null,"incline":null,"handrail":null,"informal":null,"service":null,"maxweight:signed":null,"tracktype":null,"sidewalk":null,"smoothness":null,"man_made":null,"import":null,"lit":null,"hgv":null,"maxspeed":null,"noname":null,"oneway":null,"motorcycle":"yes","motorcar":null,"layer":null,"horse":null,"foot":null,"bridge":null,"bicycle":null,"access":null,"lanes":null,"lane_markings":null,"name:etymology:wikipedia":null,"name:etymology:wikidata":null,"surface":null,"ref":null,"name":null},"geometry":{"type":"MultiLineString","coordinates":[[[111.1106547,-8.2101616],[111.1107284,-8.2103276],[111.1108947,-8.2107072],[111.1109008,-8.2107392],[111.110947,-8.2109806],[111.1109738,-8.2112421],[111.1109591,-8.2115248],[111.110957,-8.2116138],[111.110951,-8.2116582],[111.1109289,-8.2117584],[111.1108994,-8.2118222],[111.1107056,-8.2121036],[111.1104467,-8.2123425],[111.1103354,-8.2124367],[111.1102268,-8.2124978],[111.1098875,-8.212608],[111.1094309,-8.2127803],[111.1093305,-8.2128174]]]}},
{"type":"Feature","properties":{"fid":21,"full_id":"w803306658","osm_id":"803306658","osm_type":"way","highway":"residential","tunnel":null,"construction":null,"cutting":null,"covered":null,"width":null,"motor_vehicle":null,"step_count":null,"ramp":null,"incline":null,"handrail":null,"informal":null,"service":null,"maxweight:signed":null,"tracktype":null,"sidewalk":null,"smoothness":null,"man_made":null,"import":null,"lit":null,"hgv":null,"maxspeed":null,"noname":null,"oneway":null,"motorcycle":null,"motorcar":null,"layer":null,"horse":null,"foot":null,"bridge":null,"bicycle":null,"access":null,"lanes":null,"lane_markings":null,"name:etymology:wikipedia":null,"name:etymology:wikidata":null,"surface":null,"ref":null,"name":null},"geometry":{"type":"MultiLineString","coordinates":[[[111.107871670915685,-8.210489362185866],[111.108215,-8.2096275],[111.1083566,-8.2091892],[111.108571,-8.2086275],[111.108584,-8.2085794],[111.108586,-8.2085542],[111.1085719,-8.208533],[111.108559811258715,-8.208520640951459]]]}},
{"type":"Feature","properties":{"fid":22,"full_id":"w803306660","osm_id":"803306660","osm_type":"way","highway":"living_street","tunnel":null,"construction":null,"cutting":null,"covered":null,"width":null,"motor_vehicle":null,"step_count":null,"ramp":null,"incline":null,"handrail":null,"informal":null,"service":null,"maxweight:signed":null,"tracktype":null,"sidewalk":null,"smoothness":null,"man_made":null,"import":null,"lit":null,"hgv":null,"maxspeed":null,"noname":null,"oneway":null,"motorcycle":"yes","motorcar":null,"layer":null,"horse":null,"foot":null,"bridge":null,"bicycle":null,"access":null,"lanes":null,"lane_markings":null,"name:etymology:wikipedia":null,"name:etymology:wikidata":null,"surface":null,"ref":null,"name":null},"geometry":{"type":"MultiLineString","coordinates":[[[111.108584702706978,-8.208451244998933],[111.1086146,-8.2084749],[111.1088522,-8.2086418],[111.1094624,-8.2090427],[111.1095273,-8.2090811],[111.1097226,-8.2091966],[111.1101758,-8.209555],[111.1105393,-8.2098643],[111.1106144,-8.2099732],[111.1106358,-8.2100807],[111.1106547,-8.2101616]]]}},
{"type":"Feature","properties":{"fid":23,"full_id":"w803535543","osm_id":"803535543","osm_type":"way","highway":"living_street","tunnel":null,"construction":null,"cutting":null,"covered":null,"width":null,"motor_vehicle":null,"step_count":null,"ramp":null,"incline":null,"handrail":null,"informal":null,"service":null,"maxweight:signed":null,"tracktype":null,"sidewalk":null,"smoothness":null,"man_made":null,"import":null,"lit":null,"hgv":null,"maxspeed":null,"noname":null,"oneway":null,"motorcycle":"yes","motorcar":null,"layer":null,"horse":null,"foot":null,"bridge":null,"bicycle":null,"access":null,"lanes":null,"lane_markings":null,"name:etymology:wikipedia":null,"name:etymology:wikidata":null,"surface":null,"ref":null,"name":null},"geometry":{"type":"MultiLineString","coordinates":[[[111.1085655,-8.2118095],[111.1082091,-8.2117312],[111.1081937,-8.2117246],[111.1081867,-8.2117173],[111.1081789,-8.2117024],[111.1081729,-8.2116781],[111.1081726,-8.2116499],[111.108192,-8.2115195]]]}},
{"type":"Feature","properties":{"fid":24,"full_id":"w803624940","osm_id":"803624940","osm_type":"way","highway":"residential","tunnel":null,"construction":null,"cutting":null,"covered":null,"width":null,"motor_vehicle":null,"step_count":null,"ramp":null,"incline":null,"handrail":null,"informal":null,"service":null,"maxweight:signed":null,"tracktype":null,"sidewalk":null,"smoothness":null,"man_made":null,"import":null,"lit":null,"hgv":null,"maxspeed":null,"noname":null,"oneway":null,"motorcycle":null,"motorcar":null,"layer":null,"horse":null,"foot":null,"bridge":null,"bicycle":null,"access":null,"lanes":null,"lane_markings":null,"name:etymology:wikipedia":null,"name:etymology:wikidata":null,"surface":null,"ref":null,"name":null},"geometry":{"type":"MultiLineString","coordinates":[[[111.1088475,-8.2108519],[111.108661,-8.2113816]]]}},
{"type":"Feature","properties":{"fid":25,"full_id":"w803624954","osm_id":"803624954","osm_type":"way","highway":"living_street","tunnel":null,"construction":null,"cutting":null,"covered":null,"width":null,"motor_vehicle":null,"step_count":null,"ramp":null,"incline":null,"handrail":null,"informal":null,"service":null,"maxweight:signed":null,"tracktype":null,"sidewalk":null,"smoothness":null,"man_made":null,"import":null,"lit":null,"hgv":null,"maxspeed":null,"noname":null,"oneway":null,"motorcycle":"yes","motorcar":null,"layer":null,"horse":null,"foot":null,"bridge":null,"bicycle":null,"access":null,"lanes":null,"lane_markings":null,"name:etymology:wikipedia":null,"name:etymology:wikidata":null,"surface":null,"ref":null,"name":null},"geometry":{"type":"MultiLineString","coordinates":[[[111.1085397,-8.2121686],[111.1084599,-8.2121693],[111.1084317,-8.2121772],[111.1084123,-8.2121902],[111.1083989,-8.2122117],[111.1083694,-8.2123408],[111.1083658,-8.2123461],[111.1083612,-8.2123495],[111.1083552,-8.2123508],[111.1083486,-8.2123518],[111.1082958,-8.2123549],[111.1082889,-8.2123551],[111.108283,-8.2123539],[111.1082783,-8.2123524],[111.1082743,-8.2123496],[111.108190481286158,-8.212296319887319]]]}},
{"type":"Feature","properties":{"fid":26,"full_id":"w1242385903","osm_id":"1242385903","osm_type":"way","highway":"living_street","tunnel":null,"construction":null,"cutting":null,"covered":null,"width":null,"motor_vehicle":null,"step_count":null,"ramp":null,"incline":null,"handrail":null,"informal":null,"service":null,"maxweight:signed":null,"tracktype":null,"sidewalk":null,"smoothness":null,"man_made":null,"import":null,"lit":null,"hgv":null,"maxspeed":null,"noname":null,"oneway":null,"motorcycle":"yes","motorcar":null,"layer":null,"horse":null,"foot":null,"bridge":null,"bicycle":null,"access":null,"lanes":null,"lane_markings":null,"name:etymology:wikipedia":null,"name:etymology:wikidata":null,"surface":null,"ref":null,"name":null},"geometry":{"type":"MultiLineString","coordinates":[[[111.1094972,-8.2169798],[111.1095791,-8.2167307],[111.1096917,-8.2163763],[111.1097891,-8.2160135]]]}},
{"type":"Feature","properties":{"fid":27,"full_id":"w1279276068","osm_id":"1279276068","osm_type":"way","highway":"living_street","tunnel":null,"construction":null,"cutting":null,"covered":null,"width":null,"motor_vehicle":null,"step_count":null,"ramp":null,"incline":null,"handrail":null,"informal":null,"service":null,"maxweight:signed":null,"tracktype":null,"sidewalk":null,"smoothness":null,"man_made":null,"import":null,"lit":null,"hgv":null,"maxspeed":null,"noname":null,"oneway":null,"motorcycle":"yes","motorcar":null,"layer":null,"horse":null,"foot":null,"bridge":null,"bicycle":null,"access":null,"lanes":null,"lane_markings":null,"name:etymology:wikipedia":null,"name:etymology:wikidata":null,"surface":null,"ref":null,"name":null},"geometry":{"type":"MultiLineString","coordinates":[[[111.1093305,-8.2128174],[111.1093287,-8.2129022],[111.1093733,-8.2129925],[111.1097099,-8.2133211],[111.1098247,-8.2133773],[111.1098469,-8.2133999],[111.10985,-8.2134843]]]}},
{"type":"Feature","properties":{"fid":28,"full_id":"w1419157197","osm_id":"1419157197","osm_type":"way","highway":"service","tunnel":null,"construction":null,"cutting":null,"covered":null,"width":null,"motor_vehicle":null,"step_count":null,"ramp":null,"incline":null,"handrail":null,"informal":null,"service":null,"maxweight:signed":null,"tracktype":null,"sidewalk":null,"smoothness":null,"man_made":null,"import":null,"lit":null,"hgv":null,"maxspeed":null,"noname":null,"oneway":null,"motorcycle":null,"motorcar":null,"layer":null,"horse":null,"foot":null,"bridge":null,"bicycle":null,"access":null,"lanes":null,"lane_markings":null,"name:etymology:wikipedia":null,"name:etymology:wikidata":null,"surface":"dirt","ref":null,"name":null},"geometry":{"type":"MultiLineString","coordinates":[[[111.1028883,-8.2264378],[111.1028726,-8.2264481],[111.1028349,-8.2264609],[111.1028066,-8.2264589],[111.1027649,-8.2264521],[111.102730285636099,-8.226441342234731]]]}},
{"type":"Feature","properties":{"fid":29,"full_id":"w1419157198","osm_id":"1419157198","osm_type":"way","highway":"path","tunnel":null,"construction":null,"cutting":null,"covered":null,"width":null,"motor_vehicle":null,"step_count":null,"ramp":null,"incline":null,"handrail":null,"informal":"yes","service":null,"maxweight:signed":null,"tracktype":null,"sidewalk":null,"smoothness":null,"man_made":null,"import":null,"lit":null,"hgv":null,"maxspeed":null,"noname":null,"oneway":null,"motorcycle":null,"motorcar":null,"layer":null,"horse":null,"foot":null,"bridge":null,"bicycle":null,"access":null,"lanes":null,"lane_markings":null,"name:etymology:wikipedia":null,"name:etymology:wikidata":null,"surface":"dirt","ref":null,"name":null},"geometry":{"type":"MultiLineString","coordinates":[[[111.1028349,-8.2264609],[111.102793,-8.2264929],[111.102773327210286,-8.22650722914268]]]}},
{"type":"Feature","properties":{"fid":30,"full_id":"w1429180910","osm_id":"1429180910","osm_type":"way","highway":"residential","tunnel":null,"construction":null,"cutting":null,"covered":null,"width":null,"motor_vehicle":null,"step_count":null,"ramp":null,"incline":null,"handrail":null,"informal":null,"service":null,"maxweight:signed":null,"tracktype":null,"sidewalk":null,"smoothness":null,"man_made":null,"import":null,"lit":null,"hgv":null,"maxspeed":null,"noname":null,"oneway":null,"motorcycle":null,"motorcar":null,"layer":null,"horse":null,"foot":null,"bridge":null,"bicycle":null,"access":null,"lanes":null,"lane_markings":null,"name:etymology:wikipedia":null,"name:etymology:wikidata":null,"surface":null,"ref":null,"name":null},"geometry":{"type":"MultiLineString","coordinates":[[[111.1073823,-8.2304883],[111.1074547,-8.2306263],[111.1074668,-8.2307086],[111.1074454,-8.2309024],[111.107448,-8.2309807],[111.107499,-8.2310378],[111.1077019,-8.2310947]]]}},
{"type":"Feature","properties":{"fid":31,"full_id":"w1431996176","osm_id":"1431996176","osm_type":"way","highway":"living_street","tunnel":null,"construction":null,"cutting":null,"covered":null,"width":null,"motor_vehicle":null,"step_count":null,"ramp":null,"incline":null,"handrail":null,"informal":null,"service":null,"maxweight:signed":null,"tracktype":null,"sidewalk":null,"smoothness":null,"man_made":null,"import":null,"lit":null,"hgv":null,"maxspeed":null,"noname":null,"oneway":null,"motorcycle":null,"motorcar":null,"layer":null,"horse":null,"foot":null,"bridge":null,"bicycle":null,"access":null,"lanes":null,"lane_markings":null,"name:etymology:wikipedia":null,"name:etymology:wikidata":null,"surface":null,"ref":null,"name":null},"geometry":{"type":"MultiLineString","coordinates":[[[111.1094763,-8.2103703],[111.1094993,-8.2102831],[111.1095194,-8.2102287],[111.1095489,-8.2101789],[111.1095878,-8.2101358],[111.1096307,-8.2100813],[111.1096649,-8.210015],[111.1097567,-8.2097968]]]}},
{"type":"Feature","properties":{"fid":32,"full_id":"w1431996177","osm_id":"1431996177","osm_type":"way","highway":"living_street","tunnel":null,"construction":null,"cutting":null,"covered":null,"width":null,"motor_vehicle":null,"step_count":null,"ramp":null,"incline":null,"handrail":null,"informal":null,"service":null,"maxweight:signed":null,"tracktype":null,"sidewalk":null,"smoothness":null,"man_made":null,"import":null,"lit":null,"hgv":null,"maxspeed":null,"noname":null,"oneway":null,"motorcycle":null,"motorcar":null,"layer":null,"horse":null,"foot":null,"bridge":null,"bicycle":null,"access":null,"lanes":null,"lane_markings":null,"name:etymology:wikipedia":null,"name:etymology:wikidata":null,"surface":null,"ref":null,"name":null},"geometry":{"type":"MultiLineString","coordinates":[[[111.1097004,-8.2104543],[111.1094885,-8.210376],[111.1094763,-8.2103703],[111.1090798,-8.2101864]]]}},
{"type":"Feature","properties":{"fid":33,"full_id":"w1431996178","osm_id":"1431996178","osm_type":"way","highway":"living_street","tunnel":null,"construction":null,"cutting":null,"covered":null,"width":null,"motor_vehicle":null,"step_count":null,"ramp":null,"incline":null,"handrail":null,"informal":null,"service":null,"maxweight:signed":null,"tracktype":null,"sidewalk":null,"smoothness":null,"man_made":null,"import":null,"lit":null,"hgv":null,"maxspeed":null,"noname":null,"oneway":null,"motorcycle":null,"motorcar":null,"layer":null,"horse":null,"foot":null,"bridge":null,"bicycle":null,"access":null,"lanes":null,"lane_markings":null,"name:etymology:wikipedia":null,"name:etymology:wikidata":null,"surface":null,"ref":null,"name":null},"geometry":{"type":"MultiLineString","coordinates":[[[111.1095052,-8.2110904],[111.1097004,-8.2104543],[111.109737,-8.2104523],[111.1097698,-8.210457],[111.1098516,-8.2104812],[111.1099884,-8.2105423]]]}},
{"type":"Feature","properties":{"fid":34,"full_id":"w1431996179","osm_id":"1431996179","osm_type":"way","highway":"living_street","tunnel":null,"construction":null,"cutting":null,"covered":null,"width":null,"motor_vehicle":null,"step_count":null,"ramp":null,"incline":null,"handrail":null,"informal":null,"service":null,"maxweight:signed":null,"tracktype":null,"sidewalk":null,"smoothness":null,"man_made":null,"import":null,"lit":null,"hgv":null,"maxspeed":null,"noname":null,"oneway":null,"motorcycle":null,"motorcar":null,"layer":null,"horse":null,"foot":null,"bridge":null,"bicycle":null,"access":null,"lanes":null,"lane_markings":null,"name:etymology:wikipedia":null,"name:etymology:wikidata":null,"surface":null,"ref":null,"name":null},"geometry":{"type":"MultiLineString","coordinates":[[[111.1094936,-8.2118717],[111.1099058,-8.2120304]]]}},
{"type":"Feature","properties":{"fid":35,"full_id":"w685345846","osm_id":"685345846","osm_type":"way","highway":"residential","tunnel":null,"construction":null,"cutting":null,"covered":null,"width":null,"motor_vehicle":null,"step_count":null,"ramp":null,"incline":null,"handrail":null,"informal":null,"service":null,"maxweight:signed":null,"tracktype":null,"sidewalk":null,"smoothness":null,"man_made":null,"import":null,"lit":null,"hgv":null,"maxspeed":null,"noname":null,"oneway":null,"motorcycle":null,"motorcar":null,"layer":null,"horse":null,"foot":null,"bridge":null,"bicycle":null,"access":null,"lanes":null,"lane_markings":null,"name:etymology:wikipedia":null,"name:etymology:wikidata":null,"surface":null,"ref":null,"name":null},"geometry":{"type":"MultiLineString","coordinates":[[[111.1138352,-8.2175008],[111.1142179,-8.2175921],[111.1143775,-8.2176519],[111.1144365,-8.2177023],[111.1144609,-8.2177922],[111.1144155,-8.2187213],[111.1143885,-8.2194933],[111.1143995,-8.2203283],[111.1144604,-8.2210695]]]}},
{"type":"Feature","properties":{"fid":36,"full_id":"w60013574","osm_id":"60013574","osm_type":"way","highway":"residential","tunnel":null,"construction":null,"cutting":null,"covered":null,"width":null,"motor_vehicle":null,"step_count":null,"ramp":null,"incline":null,"handrail":null,"informal":null,"service":null,"maxweight:signed":null,"tracktype":null,"sidewalk":null,"smoothness":null,"man_made":null,"import":null,"lit":null,"hgv":null,"maxspeed":null,"noname":null,"oneway":null,"motorcycle":null,"motorcar":null,"layer":null,"horse":null,"foot":null,"bridge":null,"bicycle":null,"access":null,"lanes":null,"lane_markings":null,"name:etymology:wikipedia":null,"name:etymology:wikidata":null,"surface":null,"ref":null,"name":null},"geometry":{"type":"MultiLineString","coordinates":[[[111.1204451,-8.2165167],[111.1207236,-8.2167044],[111.120843,-8.2167307],[111.1209409,-8.2167413],[111.1210765,-8.2167423],[111.1215235,-8.2166773],[111.1221744,-8.2166409],[111.1222745,-8.2166353],[111.122522,-8.216655],[111.1230425,-8.2166963],[111.1234732,-8.2168112],[111.1236235,-8.2168513],[111.1241951,-8.2171296],[111.1242619,-8.2171856],[111.1243045,-8.2172859],[111.1243329,-8.2174287],[111.12438780071983,-8.217557175153889]],[[111.124515555804237,-8.217825487066369],[111.1245795,-8.2179593],[111.124612699020531,-8.218004170016416]]]}},
{"type":"Feature","properties":{"fid":37,"full_id":"w518722247","osm_id":"518722247","osm_type":"way","highway":"residential","tunnel":null,"construction":null,"cutting":null,"covered":null,"width":null,"motor_vehicle":null,"step_count":null,"ramp":null,"incline":null,"handrail":null,"informal":null,"service":null,"maxweight:signed":null,"tracktype":null,"sidewalk":null,"smoothness":null,"man_made":null,"import":null,"lit":null,"hgv":null,"maxspeed":null,"noname":null,"oneway":null,"motorcycle":null,"motorcar":null,"layer":"1","horse":null,"foot":null,"bridge":"yes","bicycle":null,"access":null,"lanes":null,"lane_markings":null,"name:etymology:wikipedia":null,"name:etymology:wikidata":null,"surface":null,"ref":null,"name":null},"geometry":{"type":"MultiLineString","coordinates":[[[111.123642,-8.2166105],[111.1239398,-8.2162826]]]}},
{"type":"Feature","properties":{"fid":38,"full_id":"w518722248","osm_id":"518722248","osm_type":"way","highway":"residential","tunnel":null,"construction":null,"cutting":null,"covered":null,"width":null,"motor_vehicle":null,"step_count":null,"ramp":null,"incline":null,"handrail":null,"informal":null,"service":null,"maxweight:signed":null,"tracktype":null,"sidewalk":null,"smoothness":null,"man_made":null,"import":null,"lit":null,"hgv":null,"maxspeed":null,"noname":null,"oneway":null,"motorcycle":null,"motorcar":null,"layer":null,"horse":null,"foot":null,"bridge":null,"bicycle":null,"access":null,"lanes":null,"lane_markings":null,"name:etymology:wikipedia":null,"name:etymology:wikidata":null,"surface":null,"ref":null,"name":null},"geometry":{"type":"MultiLineString","coordinates":[[[111.1234732,-8.2168112],[111.1235669,-8.2166835],[111.123642,-8.2166105]]]}},
{"type":"Feature","properties":{"fid":39,"full_id":"w518722249","osm_id":"518722249","osm_type":"way","highway":"residential","tunnel":null,"construction":null,"cutting":null,"covered":null,"width":null,"motor_vehicle":null,"step_count":null,"ramp":null,"incline":null,"handrail":null,"informal":null,"service":null,"maxweight:signed":null,"tracktype":null,"sidewalk":null,"smoothness":null,"man_made":null,"import":null,"lit":null,"hgv":null,"maxspeed":null,"noname":null,"oneway":null,"motorcycle":null,"motorcar":null,"layer":null,"horse":null,"foot":null,"bridge":null,"bicycle":null,"access":null,"lanes":null,"lane_markings":null,"name:etymology:wikipedia":null,"name:etymology:wikidata":null,"surface":null,"ref":null,"name":null},"geometry":{"type":"MultiLineString","coordinates":[[[111.1239398,-8.2162826],[111.1240236,-8.2162381],[111.1240674,-8.2162298],[111.1241008,-8.2162234],[111.1241758,-8.216203],[111.1243944,-8.21613],[111.1244244,-8.2160922],[111.12444,-8.2160556],[111.1244621,-8.2159342]]]}},
{"type":"Feature","properties":{"fid":40,"full_id":"w518722276","osm_id":"518722276","osm_type":"way","highway":"residential","tunnel":null,"construction":null,"cutting":null,"covered":null,"width":null,"motor_vehicle":null,"step_count":null,"ramp":null,"incline":null,"handrail":null,"informal":null,"service":null,"maxweight:signed":null,"tracktype":null,"sidewalk":null,"smoothness":null,"man_made":null,"import":null,"lit":null,"hgv":null,"maxspeed":null,"noname":null,"oneway":null,"motorcycle":null,"motorcar":null,"layer":null,"horse":null,"foot":null,"bridge":null,"bicycle":null,"access":null,"lanes":null,"lane_markings":null,"name:etymology:wikipedia":null,"name:etymology:wikidata":null,"surface":null,"ref":null,"name":null},"geometry":{"type":"MultiLineString","coordinates":[[[111.124561432472007,-8.215212994617186],[111.1245486,-8.2153362],[111.1244621,-8.2159342]]]}},
{"type":"Feature","properties":{"fid":41,"full_id":"w518722370","osm_id":"518722370","osm_type":"way","highway":"residential","tunnel":null,"construction":null,"cutting":null,"covered":null,"width":null,"motor_vehicle":null,"step_count":null,"ramp":null,"incline":null,"handrail":null,"informal":null,"service":null,"maxweight:signed":null,"tracktype":null,"sidewalk":null,"smoothness":null,"man_made":null,"import":null,"lit":null,"hgv":null,"maxspeed":null,"noname":null,"oneway":null,"motorcycle":null,"motorcar":null,"layer":null,"horse":null,"foot":null,"bridge":null,"bicycle":null,"access":null,"lanes":null,"lane_markings":null,"name:etymology:wikipedia":null,"name:etymology:wikidata":null,"surface":null,"ref":null,"name":null},"geometry":{"type":"MultiLineString","coordinates":[[[111.1252862,-8.2163065],[111.1255444,-8.2163682],[111.1257375,-8.2164134],[111.1260031,-8.216501],[111.1262713,-8.2165594],[111.126432984841202,-8.216583285260631]]]}},
{"type":"Feature","properties":{"fid":42,"full_id":"w518722371","osm_id":"518722371","osm_type":"way","highway":"residential","tunnel":null,"construction":null,"cutting":null,"covered":null,"width":null,"motor_vehicle":null,"step_count":null,"ramp":null,"incline":null,"handrail":null,"informal":null,"service":null,"maxweight:signed":null,"tracktype":null,"sidewalk":null,"smoothness":null,"man_made":null,"import":null,"lit":null,"hgv":null,"maxspeed":null,"noname":null,"oneway":null,"motorcycle":null,"motorcar":null,"layer":null,"horse":null,"foot":null,"bridge":null,"bicycle":null,"access":null,"lanes":null,"lane_markings":null,"name:etymology:wikipedia":null,"name:etymology:wikidata":null,"surface":null,"ref":null,"name":null},"geometry":{"type":"MultiLineString","coordinates":[[[111.126327224288133,-8.21718581788749],[111.125968911473677,-8.217184537319357]],[[111.125559602639896,-8.217145578986221],[111.1255583,-8.2171395],[111.1256307,-8.2168442],[111.1256482,-8.2167917],[111.1256844,-8.216598],[111.1257375,-8.2164134]]]}},
{"type":"Feature","properties":{"fid":43,"full_id":"w518722372","osm_id":"518722372","osm_type":"way","highway":"residential","tunnel":null,"construction":null,"cutting":null,"covered":null,"width":null,"motor_vehicle":null,"step_count":null,"ramp":null,"incline":null,"handrail":null,"informal":null,"service":null,"maxweight:signed":null,"tracktype":null,"sidewalk":null,"smoothness":null,"man_made":null,"import":null,"lit":null,"hgv":null,"maxspeed":null,"noname":null,"oneway":null,"motorcycle":null,"motorcar":null,"layer":null,"horse":null,"foot":null,"bridge":null,"bicycle":null,"access":null,"lanes":null,"lane_markings":null,"name:etymology:wikipedia":null,"name:etymology:wikidata":null,"surface":null,"ref":null,"name":null},"geometry":{"type":"MultiLineString","coordinates":[[[111.1244621,-8.2159342],[111.1247847,-8.2159614],[111.1250556,-8.2160543],[111.1252219,-8.2161658],[111.1252862,-8.2163065],[111.1253679,-8.2167294],[111.1253726,-8.2167393],[111.1253833,-8.2167513],[111.125394,-8.2167582],[111.1255892,-8.2167931],[111.1256482,-8.2167917],[111.1258446,-8.2167917],[111.1261626,-8.2168328],[111.12636975141595,-8.216850979150149]]]}},
{"type":"Feature","properties":{"fid":44,"full_id":"w518722780","osm_id":"518722780","osm_type":"way","highway":"residential","tunnel":null,"construction":null,"cutting":null,"covered":null,"width":null,"motor_vehicle":null,"step_count":null,"ramp":null,"incline":null,"handrail":null,"informal":null,"service":null,"maxweight:signed":null,"tracktype":null,"sidewalk":null,"smoothness":null,"man_made":null,"import":null,"lit":null,"hgv":null,"maxspeed":null,"noname":null,"oneway":null,"motorcycle":null,"motorcar":null,"layer":null,"horse":null,"foot":null,"bridge":null,"bicycle":null,"access":null,"lanes":null,"lane_markings":null,"name:etymology:wikipedia":null,"name:etymology:wikidata":null,"surface":null,"ref":null,"name":null},"geometry":{"type":"MultiLineString","coordinates":[[[111.1245486,-8.2153362],[111.124553040236208,-8.215337594511684]],[[111.125919866030557,-8.215848446968135],[111.1261811,-8.2159485],[111.126229890571821,-8.215962181629189]]]}},
{"type":"Feature","properties":{"fid":45,"full_id":"w518791922","osm_id":"518791922","osm_type":"way","highway":"residential","tunnel":null,"construction":null,"cutting":null,"covered":null,"width":null,"motor_vehicle":null,"step_count":null,"ramp":null,"incline":null,"handrail":null,"informal":null,"service":null,"maxweight:signed":null,"tracktype":null,"sidewalk":null,"smoothness":null,"man_made":null,"import":null,"lit":null,"hgv":null,"maxspeed":null,"noname":null,"oneway":null,"motorcycle":null,"motorcar":null,"layer":null,"horse":null,"foot":null,"bridge":null,"bicycle":null,"access":null,"lanes":null,"lane_markings":null,"name:etymology:wikipedia":null,"name:etymology:wikidata":null,"surface":null,"ref":null,"name":null},"geometry":{"type":"MultiLineString","coordinates":[[[111.123162,-8.2155947],[111.1230461,-8.2155948],[111.1228828,-8.2155865],[111.1227769,-8.2155726],[111.12274,-8.2155726],[111.1227319,-8.2155301],[111.1227282,-8.215462],[111.1227343,-8.2153346],[111.1227336,-8.2151926],[111.122739,-8.2150651],[111.1227445,-8.2148713]]]}},
{"type":"Feature","properties":{"fid":46,"full_id":"w518792503","osm_id":"518792503","osm_type":"way","highway":"residential","tunnel":null,"construction":null,"cutting":null,"covered":null,"width":null,"motor_vehicle":null,"step_count":null,"ramp":null,"incline":null,"handrail":null,"informal":null,"service":null,"maxweight:signed":null,"tracktype":null,"sidewalk":null,"smoothness":null,"man_made":null,"import":null,"lit":null,"hgv":null,"maxspeed":null,"noname":null,"oneway":null,"motorcycle":null,"motorcar":null,"layer":null,"horse":null,"foot":null,"bridge":null,"bicycle":null,"access":null,"lanes":null,"lane_markings":null,"name:etymology:wikipedia":null,"name:etymology:wikidata":null,"surface":null,"ref":null,"name":null},"geometry":{"type":"MultiLineString","coordinates":[[[111.1230425,-8.2166963],[111.1230801,-8.2164598],[111.1231227,-8.216206],[111.1231515,-8.2158197],[111.123162,-8.2155947],[111.1231743,-8.2153312],[111.1231911,-8.2151739],[111.123198,-8.2150635],[111.1231792,-8.2150038],[111.1231604,-8.214968],[111.1231106,-8.2149324],[111.1229081,-8.2148979],[111.1227445,-8.2148713],[111.1227827,-8.2146861]]]}},
{"type":"Feature","properties":{"fid":47,"full_id":"w518792797","osm_id":"518792797","osm_type":"way","highway":"tertiary","tunnel":null,"construction":null,"cutting":null,"covered":null,"width":null,"motor_vehicle":null,"step_count":null,"ramp":null,"incline":null,"handrail":null,"informal":null,"service":null,"maxweight:signed":null,"tracktype":null,"sidewalk":null,"smoothness":null,"man_made":null,"import":null,"lit":null,"hgv":null,"maxspeed":null,"noname":null,"oneway":null,"motorcycle":null,"motorcar":null,"layer":null,"horse":null,"foot":null,"bridge":null,"bicycle":null,"access":null,"lanes":null,"lane_markings":null,"name:etymology:wikipedia":null,"name:etymology:wikidata":null,"surface":null,"ref":null,"name":null},"geometry":{"type":"MultiLineString","coordinates":[[[111.122820665372842,-8.227423287339649],[111.122561,-8.2271315],[111.1224308,-8.2270333],[111.1222632,-8.226963],[111.1220674,-8.2269126],[111.121881,-8.226886],[111.1216973,-8.2268728],[111.1215096,-8.2268595],[111.1213365,-8.226813],[111.1212042,-8.2267463],[111.121067,-8.226663],[111.1209476,-8.2265794],[111.1208363,-8.2264852],[111.1207295,-8.2263866],[111.1206056,-8.2262941],[111.1204514,-8.2261945],[111.1201644,-8.2260246],[111.1199512,-8.2259118],[111.1197835,-8.2258295],[111.1196212,-8.2257153],[111.1195086,-8.2255906],[111.1194187,-8.225422],[111.1193391,-8.2250178],[111.1193012,-8.2246345],[111.1192208,-8.2243638],[111.1191564,-8.2242469],[111.1191369,-8.2240484],[111.1191946,-8.2237949],[111.1193019,-8.2236795],[111.119424,-8.2236091],[111.1194865,-8.2235777],[111.1195393,-8.2235334],[111.1195515,-8.2234828],[111.1195503,-8.2234438],[111.119516,-8.2233965],[111.1194723,-8.2233609],[111.1193461,-8.2232893],[111.1192147,-8.2231778],[111.1191787,-8.2230727],[111.1191772,-8.2229388],[111.1191693,-8.2228616],[111.1191049,-8.2227448],[111.1189641,-8.222547],[111.1188499,-8.2222725],[111.1185817,-8.2216168],[111.118512,-8.2214443],[111.1184974,-8.2212476],[111.1185229,-8.2210578],[111.1185871,-8.2208072],[111.1186354,-8.2203559],[111.118665,-8.220282],[111.1186966,-8.2202468],[111.1187426,-8.2202311],[111.1189116,-8.2202471],[111.1190312,-8.2202388],[111.1190861,-8.2201897],[111.1191089,-8.2200915],[111.1191074,-8.2198913],[111.1190377,-8.2196338],[111.1190043,-8.2194922],[111.1189802,-8.2193907],[111.1189856,-8.2193183],[111.1190164,-8.2192732],[111.1190587,-8.219238],[111.1192887,-8.2191093],[111.1195554,-8.2189954],[111.1196814,-8.218948],[111.1197724,-8.2188846],[111.119801,-8.2188292],[111.1198258,-8.2187465]]]}},
{"type":"Feature","properties":{"fid":48,"full_id":"w803534107","osm_id":"803534107","osm_type":"way","highway":"residential","tunnel":null,"construction":null,"cutting":null,"covered":null,"width":null,"motor_vehicle":null,"step_count":null,"ramp":null,"incline":null,"handrail":null,"informal":null,"service":null,"maxweight:signed":null,"tracktype":null,"sidewalk":null,"smoothness":null,"man_made":null,"import":null,"lit":null,"hgv":null,"maxspeed":null,"noname":null,"oneway":null,"motorcycle":null,"motorcar":null,"layer":null,"horse":null,"foot":null,"bridge":null,"bicycle":null,"access":null,"lanes":null,"lane_markings":null,"name:etymology:wikipedia":null,"name:etymology:wikidata":null,"surface":null,"ref":null,"name":null},"geometry":{"type":"MultiLineString","coordinates":[[[111.1241802,-8.2158647],[111.1244621,-8.2159342]]]}},
{"type":"Feature","properties":{"fid":49,"full_id":"w803534108","osm_id":"803534108","osm_type":"way","highway":"residential","tunnel":null,"construction":null,"cutting":null,"covered":null,"width":null,"motor_vehicle":null,"step_count":null,"ramp":null,"incline":null,"handrail":null,"informal":null,"service":null,"maxweight:signed":null,"tracktype":null,"sidewalk":null,"smoothness":null,"man_made":null,"import":null,"lit":null,"hgv":null,"maxspeed":null,"noname":null,"oneway":null,"motorcycle":null,"motorcar":null,"layer":null,"horse":null,"foot":null,"bridge":null,"bicycle":null,"access":null,"lanes":null,"lane_markings":null,"name:etymology:wikipedia":null,"name:etymology:wikidata":null,"surface":null,"ref":null,"name":null},"geometry":{"type":"MultiLineString","coordinates":[[[111.1240674,-8.2162298],[111.1241709,-8.2159077],[111.1241802,-8.2158647],[111.1242139,-8.2157073]]]}},
{"type":"Feature","properties":{"fid":50,"full_id":"w52142215","osm_id":"52142215","osm_type":"way","highway":"unclassified","tunnel":null,"construction":null,"cutting":null,"covered":null,"width":null,"motor_vehicle":null,"step_count":null,"ramp":null,"incline":null,"handrail":null,"informal":null,"service":null,"maxweight:signed":null,"tracktype":null,"sidewalk":null,"smoothness":null,"man_made":null,"import":null,"lit":null,"hgv":null,"maxspeed":null,"noname":null,"oneway":null,"motorcycle":null,"motorcar":null,"layer":null,"horse":null,"foot":null,"bridge":null,"bicycle":null,"access":null,"lanes":null,"lane_markings":null,"name:etymology:wikipedia":null,"name:etymology:wikidata":null,"surface":null,"ref":null,"name":null},"geometry":{"type":"MultiLineString","coordinates":[[[111.1147789,-8.2121131],[111.1148123,-8.2121214],[111.1149181,-8.2121478],[111.115637,-8.212251],[111.115807,-8.212278]]]}},
{"type":"Feature","properties":{"fid":51,"full_id":"w52142219","osm_id":"52142219","osm_type":"way","highway":"living_street","tunnel":null,"construction":null,"cutting":null,"covered":null,"width":null,"motor_vehicle":null,"step_count":null,"ramp":null,"incline":null,"handrail":null,"informal":null,"service":null,"maxweight:signed":null,"tracktype":null,"sidewalk":null,"smoothness":null,"man_made":null,"import":null,"lit":null,"hgv":null,"maxspeed":null,"noname":null,"oneway":null,"motorcycle":"yes","motorcar":"no","layer":"1","horse":"no","foot":"yes","bridge":"yes","bicycle":"yes","access":"no","lanes":null,"lane_markings":null,"name:etymology:wikipedia":null,"name:etymology:wikidata":null,"surface":null,"ref":null,"name":"Jembatan Gantung"},"geometry":{"type":"MultiLineString","coordinates":[[[111.10985,-8.2134843],[111.1099561,-8.2143513]]]}},
{"type":"Feature","properties":{"fid":52,"full_id":"w52142224","osm_id":"52142224","osm_type":"way","highway":"residential","tunnel":null,"construction":null,"cutting":null,"covered":null,"width":null,"motor_vehicle":null,"step_count":null,"ramp":null,"incline":null,"handrail":null,"informal":null,"service":null,"maxweight:signed":null,"tracktype":null,"sidewalk":null,"smoothness":null,"man_made":null,"import":null,"lit":null,"hgv":null,"maxspeed":null,"noname":null,"oneway":null,"motorcycle":null,"motorcar":null,"layer":null,"horse":null,"foot":null,"bridge":null,"bicycle":null,"access":null,"lanes":null,"lane_markings":null,"name:etymology:wikipedia":null,"name:etymology:wikidata":null,"surface":null,"ref":null,"name":null},"geometry":{"type":"MultiLineString","coordinates":[[[111.1099561,-8.2143513],[111.1099678,-8.2144359],[111.1099601,-8.214503],[111.1099445,-8.2146378],[111.1098778,-8.2152166]]]}},
{"type":"Feature","properties":{"fid":53,"full_id":"w52142225","osm_id":"52142225","osm_type":"way","highway":"residential","tunnel":null,"construction":null,"cutting":null,"covered":null,"width":null,"motor_vehicle":null,"step_count":null,"ramp":null,"incline":null,"handrail":null,"informal":null,"service":null,"maxweight:signed":null,"tracktype":null,"sidewalk":null,"smoothness":null,"man_made":null,"import":null,"lit":null,"hgv":null,"maxspeed":null,"noname":null,"oneway":null,"motorcycle":null,"motorcar":null,"layer":null,"horse":null,"foot":null,"bridge":null,"bicycle":null,"access":null,"lanes":null,"lane_markings":null,"name:etymology:wikipedia":null,"name:etymology:wikidata":null,"surface":null,"ref":null,"name":null},"geometry":{"type":"MultiLineString","coordinates":[[[111.1098778,-8.2152166],[111.1103705,-8.2152089],[111.110489,-8.2151784],[111.1105943,-8.2151379],[111.1107847,-8.2150105],[111.1108192,-8.2150045],[111.1108583,-8.2150073],[111.1109864,-8.2150308],[111.1111576,-8.2150621],[111.111684,-8.2152551],[111.1123196,-8.2154996],[111.1124403,-8.2152728],[111.1127009,-8.2146967],[111.1130632,-8.214826],[111.1131974,-8.2148644],[111.1132845,-8.2148591],[111.1133315,-8.2148326],[111.1134495,-8.2147065],[111.1134931,-8.2146872],[111.1135554,-8.2146826],[111.1141263,-8.2148467]]]}},
{"type":"Feature","properties":{"fid":54,"full_id":"w52142226","osm_id":"52142226","osm_type":"way","highway":"residential","tunnel":null,"construction":null,"cutting":null,"covered":null,"width":null,"motor_vehicle":null,"step_count":null,"ramp":null,"incline":null,"handrail":null,"informal":null,"service":null,"maxweight:signed":null,"tracktype":null,"sidewalk":null,"smoothness":null,"man_made":null,"import":null,"lit":null,"hgv":null,"maxspeed":null,"noname":null,"oneway":null,"motorcycle":null,"motorcar":null,"layer":null,"horse":null,"foot":null,"bridge":null,"bicycle":null,"access":null,"lanes":null,"lane_markings":null,"name:etymology:wikipedia":null,"name:etymology:wikidata":null,"surface":null,"ref":null,"name":null},"geometry":{"type":"MultiLineString","coordinates":[[[111.1141263,-8.2148467],[111.1142117,-8.2145946],[111.1143784,-8.2139804],[111.1145806,-8.2133796],[111.1146754,-8.2130254],[111.1147264,-8.2125793],[111.114728,-8.212565],[111.1148123,-8.2121214]]]}},
{"type":"Feature","properties":{"fid":55,"full_id":"w52142229","osm_id":"52142229","osm_type":"way","highway":"residential","tunnel":null,"construction":null,"cutting":null,"covered":null,"width":null,"motor_vehicle":null,"step_count":null,"ramp":null,"incline":null,"handrail":null,"informal":null,"service":null,"maxweight:signed":null,"tracktype":null,"sidewalk":null,"smoothness":null,"man_made":null,"import":null,"lit":null,"hgv":null,"maxspeed":null,"noname":null,"oneway":null,"motorcycle":null,"motorcar":null,"layer":null,"horse":null,"foot":null,"bridge":null,"bicycle":null,"access":null,"lanes":null,"lane_markings":null,"name:etymology:wikipedia":null,"name:etymology:wikidata":null,"surface":null,"ref":null,"name":"Jalan Kembang"},"geometry":{"type":"MultiLineString","coordinates":[[[111.115807,-8.212278],[111.1159548,-8.2116951],[111.115964,-8.211659],[111.1161158,-8.2108483],[111.116127077791589,-8.210808978502058]]]}},
{"type":"Feature","properties":{"fid":56,"full_id":"w518791426","osm_id":"518791426","osm_type":"way","highway":"unclassified","tunnel":null,"construction":null,"cutting":null,"covered":null,"width":null,"motor_vehicle":null,"step_count":null,"ramp":null,"incline":null,"handrail":null,"informal":null,"service":null,"maxweight:signed":null,"tracktype":null,"sidewalk":null,"smoothness":null,"man_made":null,"import":null,"lit":null,"hgv":null,"maxspeed":null,"noname":null,"oneway":null,"motorcycle":null,"motorcar":null,"layer":null,"horse":null,"foot":null,"bridge":null,"bicycle":null,"access":null,"lanes":null,"lane_markings":null,"name:etymology:wikipedia":null,"name:etymology:wikidata":null,"surface":null,"ref":null,"name":"Jalan Ki Ageng Petung"},"geometry":{"type":"MultiLineString","coordinates":[[[111.115807,-8.212278],[111.1162873,-8.2123438],[111.1165474,-8.212434],[111.1170034,-8.2126092],[111.1177123,-8.2129385],[111.1188898,-8.2134268],[111.1193268,-8.2136102],[111.1203011,-8.2138953],[111.1206818,-8.2139672],[111.1212416,-8.2141135]]]}},
{"type":"Feature","properties":{"fid":57,"full_id":"w518791427","osm_id":"518791427","osm_type":"way","highway":"living_street","tunnel":null,"construction":null,"cutting":null,"covered":null,"width":null,"motor_vehicle":null,"step_count":null,"ramp":null,"incline":null,"handrail":null,"informal":null,"service":null,"maxweight:signed":null,"tracktype":null,"sidewalk":null,"smoothness":null,"man_made":null,"import":null,"lit":null,"hgv":null,"maxspeed":null,"noname":null,"oneway":null,"motorcycle":"yes","motorcar":null,"layer":null,"horse":null,"foot":null,"bridge":null,"bicycle":null,"access":null,"lanes":null,"lane_markings":null,"name:etymology:wikipedia":null,"name:etymology:wikidata":null,"surface":null,"ref":null,"name":null},"geometry":{"type":"MultiLineString","coordinates":[[[111.1146754,-8.2130254],[111.1148415,-8.2130857],[111.1150776,-8.2131495],[111.1151613,-8.2131739],[111.1153056,-8.2132132],[111.1154692,-8.2132623],[111.1156054,-8.2133023]]]}},
{"type":"Feature","properties":{"fid":58,"full_id":"w518791428","osm_id":"518791428","osm_type":"way","highway":"residential","tunnel":null,"construction":null,"cutting":null,"covered":null,"width":null,"motor_vehicle":null,"step_count":null,"ramp":null,"incline":null,"handrail":null,"informal":null,"service":null,"maxweight:signed":null,"tracktype":null,"sidewalk":null,"smoothness":null,"man_made":null,"import":null,"lit":null,"hgv":null,"maxspeed":null,"noname":null,"oneway":null,"motorcycle":null,"motorcar":null,"layer":null,"horse":null,"foot":null,"bridge":null,"bicycle":null,"access":null,"lanes":null,"lane_markings":null,"name:etymology:wikipedia":null,"name:etymology:wikidata":null,"surface":null,"ref":null,"name":null},"geometry":{"type":"MultiLineString","coordinates":[[[111.1154913,-8.2138371],[111.1154893,-8.2136937],[111.115492,-8.213632],[111.1155037,-8.2135729],[111.115555,-8.2134388],[111.1156054,-8.2133023],[111.1156294,-8.2132311],[111.1156556,-8.2131335],[111.1157032,-8.2129046],[111.1157289,-8.2127564],[111.1157783,-8.2124718],[111.115807,-8.212278]]]}},
{"type":"Feature","properties":{"fid":59,"full_id":"w518792500","osm_id":"518792500","osm_type":"way","highway":"living_street","tunnel":null,"construction":null,"cutting":null,"covered":null,"width":null,"motor_vehicle":null,"step_count":null,"ramp":null,"incline":null,"handrail":null,"informal":null,"service":null,"maxweight:signed":null,"tracktype":null,"sidewalk":null,"smoothness":null,"man_made":null,"import":null,"lit":null,"hgv":null,"maxspeed":null,"noname":null,"oneway":null,"motorcycle":"yes","motorcar":null,"layer":null,"horse":null,"foot":null,"bridge":null,"bicycle":null,"access":null,"lanes":null,"lane_markings":null,"name:etymology:wikipedia":null,"name:etymology:wikidata":null,"surface":null,"ref":null,"name":null},"geometry":{"type":"MultiLineString","coordinates":[[[111.122618454277841,-8.213599469192081],[111.1226629,-8.2135915],[111.1227742,-8.2135702],[111.12285,-8.2135769],[111.1229096,-8.2136047],[111.1229418,-8.2136513],[111.1229673,-8.2137016],[111.122978,-8.2137348]]]}},
{"type":"Feature","properties":{"fid":60,"full_id":"w518792501","osm_id":"518792501","osm_type":"way","highway":"residential","tunnel":null,"construction":null,"cutting":null,"covered":null,"width":null,"motor_vehicle":null,"step_count":null,"ramp":null,"incline":null,"handrail":null,"informal":null,"service":null,"maxweight:signed":null,"tracktype":null,"sidewalk":null,"smoothness":null,"man_made":null,"import":null,"lit":null,"hgv":null,"maxspeed":null,"noname":null,"oneway":null,"motorcycle":null,"motorcar":null,"layer":null,"horse":null,"foot":null,"bridge":null,"bicycle":null,"access":null,"lanes":null,"lane_markings":null,"name:etymology:wikipedia":null,"name:etymology:wikidata":null,"surface":null,"ref":null,"name":null},"geometry":{"type":"MultiLineString","coordinates":[[[111.1212416,-8.2141135],[111.1216403,-8.2143275],[111.1219793,-8.2144659],[111.1221928,-8.2145531],[111.1224704,-8.2146235],[111.1227827,-8.2146861]]]}},
{"type":"Feature","properties":{"fid":61,"full_id":"w518792502","osm_id":"518792502","osm_type":"way","highway":"residential","tunnel":null,"construction":null,"cutting":null,"covered":null,"width":null,"motor_vehicle":null,"step_count":null,"ramp":null,"incline":null,"handrail":null,"informal":null,"service":null,"maxweight:signed":null,"tracktype":null,"sidewalk":null,"smoothness":null,"man_made":null,"import":null,"lit":null,"hgv":null,"maxspeed":null,"noname":null,"oneway":null,"motorcycle":null,"motorcar":null,"layer":null,"horse":null,"foot":null,"bridge":null,"bicycle":null,"access":null,"lanes":null,"lane_markings":null,"name:etymology:wikipedia":null,"name:etymology:wikidata":null,"surface":null,"ref":null,"name":null},"geometry":{"type":"MultiLineString","coordinates":[[[111.122978,-8.2137348],[111.1228359,-8.2144569],[111.1227827,-8.2146861]]]}},
{"type":"Feature","properties":{"fid":62,"full_id":"w518792626","osm_id":"518792626","osm_type":"way","highway":"tertiary","tunnel":null,"construction":null,"cutting":null,"covered":null,"width":null,"motor_vehicle":null,"step_count":null,"ramp":null,"incline":null,"handrail":null,"informal":null,"service":null,"maxweight:signed":null,"tracktype":null,"sidewalk":null,"smoothness":null,"man_made":null,"import":null,"lit":null,"hgv":null,"maxspeed":null,"noname":null,"oneway":null,"motorcycle":null,"motorcar":null,"layer":null,"horse":null,"foot":null,"bridge":null,"bicycle":null,"access":null,"lanes":null,"lane_markings":null,"name:etymology:wikipedia":null,"name:etymology:wikidata":null,"surface":null,"ref":null,"name":null},"geometry":{"type":"MultiLineString","coordinates":[[[111.1204451,-8.2165167],[111.1205039,-8.2163496],[111.1207332,-8.2156674],[111.1210738,-8.2145683],[111.1212416,-8.2141135],[111.1213206,-8.2137932],[111.1213321,-8.2137558],[111.121347677357761,-8.213705080864898]]]}},
{"type":"Feature","properties":{"fid":63,"full_id":"w518818121","osm_id":"518818121","osm_type":"way","highway":"living_street","tunnel":null,"construction":null,"cutting":null,"covered":null,"width":null,"motor_vehicle":null,"step_count":null,"ramp":null,"incline":null,"handrail":null,"informal":null,"service":null,"maxweight:signed":null,"tracktype":null,"sidewalk":null,"smoothness":null,"man_made":null,"import":null,"lit":null,"hgv":null,"maxspeed":null,"noname":null,"oneway":null,"motorcycle":"yes","motorcar":null,"layer":null,"horse":null,"foot":null,"bridge":null,"bicycle":null,"access":null,"lanes":null,"lane_markings":null,"name:etymology:wikipedia":null,"name:etymology:wikidata":null,"surface":null,"ref":null,"name":null},"geometry":{"type":"MultiLineString","coordinates":[[[111.1109864,-8.2150308],[111.1110315,-8.2148996],[111.111063,-8.2148153],[111.1110764,-8.2147948],[111.1110955,-8.2147815],[111.1111244,-8.2147785],[111.1113262,-8.2148422],[111.1116038,-8.2149629],[111.1118935,-8.2150718],[111.111949,-8.215096]]]}},
{"type":"Feature","properties":{"fid":64,"full_id":"w518818137","osm_id":"518818137","osm_type":"way","highway":"living_street","tunnel":null,"construction":null,"cutting":null,"covered":null,"width":null,"motor_vehicle":null,"step_count":null,"ramp":null,"incline":null,"handrail":null,"informal":null,"service":null,"maxweight:signed":null,"tracktype":null,"sidewalk":null,"smoothness":null,"man_made":null,"import":null,"lit":null,"hgv":null,"maxspeed":null,"noname":null,"oneway":null,"motorcycle":"yes","motorcar":null,"layer":null,"horse":null,"foot":null,"bridge":null,"bicycle":null,"access":null,"lanes":null,"lane_markings":null,"name:etymology:wikipedia":null,"name:etymology:wikidata":null,"surface":null,"ref":null,"name":null},"geometry":{"type":"MultiLineString","coordinates":[[[111.1118881,-8.2143338],[111.1120651,-8.2144373],[111.1121945,-8.2144931],[111.1122435,-8.2145143],[111.1123683,-8.2145528],[111.1125318,-8.2146285],[111.1127009,-8.2146967]]]}},
{"type":"Feature","properties":{"fid":65,"full_id":"w560934457","osm_id":"560934457","osm_type":"way","highway":"unclassified","tunnel":null,"construction":null,"cutting":null,"covered":null,"width":null,"motor_vehicle":null,"step_count":null,"ramp":null,"incline":null,"handrail":null,"informal":null,"service":null,"maxweight:signed":null,"tracktype":null,"sidewalk":null,"smoothness":null,"man_made":null,"import":null,"lit":null,"hgv":null,"maxspeed":null,"noname":null,"oneway":null,"motorcycle":null,"motorcar":null,"layer":"1","horse":null,"foot":null,"bridge":"yes","bicycle":null,"access":null,"lanes":null,"lane_markings":null,"name:etymology:wikipedia":null,"name:etymology:wikidata":null,"surface":null,"ref":null,"name":null},"geometry":{"type":"MultiLineString","coordinates":[[[111.114644425495598,-8.212075356833029],[111.1147789,-8.2121131]]]}},
{"type":"Feature","properties":{"fid":66,"full_id":"w630729994","osm_id":"630729994","osm_type":"way","highway":"trunk","tunnel":null,"construction":null,"cutting":null,"covered":null,"width":null,"motor_vehicle":null,"step_count":null,"ramp":null,"incline":null,"handrail":null,"informal":null,"service":null,"maxweight:signed":null,"tracktype":null,"sidewalk":null,"smoothness":null,"man_made":null,"import":null,"lit":null,"hgv":null,"maxspeed":null,"noname":null,"oneway":"no","motorcycle":null,"motorcar":null,"layer":"1","horse":null,"foot":null,"bridge":"yes","bicycle":null,"access":null,"lanes":null,"lane_markings":null,"name:etymology:wikipedia":null,"name:etymology:wikidata":null,"surface":null,"ref":null,"name":"Jalan Lingkar Pacitan"},"geometry":{"type":"MultiLineString","coordinates":[[[111.1132816,-8.2177854],[111.1130783,-8.2178279]]]}},
{"type":"Feature","properties":{"fid":67,"full_id":"w630730025","osm_id":"630730025","osm_type":"way","highway":"residential","tunnel":null,"construction":null,"cutting":null,"covered":null,"width":null,"motor_vehicle":null,"step_count":null,"ramp":null,"incline":null,"handrail":null,"informal":null,"service":null,"maxweight:signed":null,"tracktype":null,"sidewalk":null,"smoothness":null,"man_made":null,"import":null,"lit":null,"hgv":null,"maxspeed":null,"noname":null,"oneway":null,"motorcycle":null,"motorcar":null,"layer":null,"horse":null,"foot":null,"bridge":null,"bicycle":null,"access":null,"lanes":null,"lane_markings":null,"name:etymology:wikipedia":null,"name:etymology:wikidata":null,"surface":null,"ref":null,"name":null},"geometry":{"type":"MultiLineString","coordinates":[[[111.1141263,-8.2148467],[111.113933,-8.2154579],[111.1137562,-8.2161017],[111.1135976,-8.2165781],[111.1135111,-8.2170418],[111.1134259,-8.2171981]]]}},
{"type":"Feature","properties":{"fid":68,"full_id":"w630730026","osm_id":"630730026","osm_type":"way","highway":"living_street","tunnel":null,"construction":null,"cutting":null,"covered":null,"width":null,"motor_vehicle":null,"step_count":null,"ramp":null,"incline":null,"handrail":null,"informal":null,"service":null,"maxweight:signed":null,"tracktype":null,"sidewalk":null,"smoothness":null,"man_made":null,"import":null,"lit":null,"hgv":null,"maxspeed":null,"noname":null,"oneway":null,"motorcycle":"yes","motorcar":null,"layer":null,"horse":null,"foot":null,"bridge":null,"bicycle":null,"access":null,"lanes":null,"lane_markings":null,"name:etymology:wikipedia":null,"name:etymology:wikidata":null,"surface":null,"ref":null,"name":null},"geometry":{"type":"MultiLineString","coordinates":[[[111.1123196,-8.2154996],[111.1122416,-8.2157096],[111.1121397,-8.2160202],[111.1119949,-8.2164972],[111.1118399,-8.2168979]]]}},
{"type":"Feature","properties":{"fid":69,"full_id":"w685057791","osm_id":"685057791","osm_type":"way","highway":"trunk","tunnel":null,"construction":null,"cutting":null,"covered":null,"width":null,"motor_vehicle":null,"step_count":null,"ramp":null,"incline":null,"handrail":null,"informal":null,"service":null,"maxweight:signed":null,"tracktype":null,"sidewalk":null,"smoothness":null,"man_made":null,"import":null,"lit":null,"hgv":null,"maxspeed":null,"noname":null,"oneway":"no","motorcycle":null,"motorcar":null,"layer":null,"horse":null,"foot":null,"bridge":null,"bicycle":null,"access":null,"lanes":null,"lane_markings":null,"name:etymology:wikipedia":null,"name:etymology:wikidata":null,"surface":null,"ref":null,"name":"Jalan Lingkar Pacitan"},"geometry":{"type":"MultiLineString","coordinates":[[[111.118316034264708,-8.21218351396764],[111.1177123,-8.2129385],[111.1165975,-8.214288],[111.1153471,-8.2158399],[111.1146725,-8.2166219],[111.1138352,-8.2175008],[111.1132816,-8.2177854]]]}},
{"type":"Feature","properties":{"fid":70,"full_id":"w685342022","osm_id":"685342022","osm_type":"way","highway":"living_street","tunnel":null,"construction":null,"cutting":null,"covered":null,"width":null,"motor_vehicle":null,"step_count":null,"ramp":null,"incline":null,"handrail":null,"informal":null,"service":null,"maxweight:signed":null,"tracktype":null,"sidewalk":null,"smoothness":null,"man_made":null,"import":"yes","lit":null,"hgv":null,"maxspeed":null,"noname":null,"oneway":null,"motorcycle":"yes","motorcar":null,"layer":null,"horse":null,"foot":null,"bridge":null,"bicycle":null,"access":null,"lanes":null,"lane_markings":null,"name:etymology:wikipedia":null,"name:etymology:wikidata":null,"surface":null,"ref":null,"name":null},"geometry":{"type":"MultiLineString","coordinates":[[[111.1154584,-8.221371],[111.1153246,-8.22087]]]}},
{"type":"Feature","properties":{"fid":71,"full_id":"w685345845","osm_id":"685345845","osm_type":"way","highway":"tertiary","tunnel":null,"construction":null,"cutting":null,"covered":null,"width":null,"motor_vehicle":null,"step_count":null,"ramp":null,"incline":null,"handrail":null,"informal":null,"service":null,"maxweight:signed":null,"tracktype":null,"sidewalk":null,"smoothness":null,"man_made":null,"import":null,"lit":null,"hgv":null,"maxspeed":null,"noname":null,"oneway":null,"motorcycle":null,"motorcar":null,"layer":null,"horse":null,"foot":null,"bridge":null,"bicycle":null,"access":null,"lanes":null,"lane_markings":null,"name:etymology:wikipedia":null,"name:etymology:wikidata":null,"surface":null,"ref":null,"name":null},"geometry":{"type":"MultiLineString","coordinates":[[[111.1198258,-8.2187465],[111.1199814,-8.2181474],[111.1201545,-8.2174873],[111.1203095,-8.2169963],[111.1204451,-8.2165167]]]}},
{"type":"Feature","properties":{"fid":72,"full_id":"w685345847","osm_id":"685345847","osm_type":"way","highway":"living_street","tunnel":null,"construction":null,"cutting":null,"covered":null,"width":null,"motor_vehicle":null,"step_count":null,"ramp":null,"incline":null,"handrail":null,"informal":null,"service":null,"maxweight:signed":null,"tracktype":null,"sidewalk":null,"smoothness":null,"man_made":null,"import":null,"lit":null,"hgv":null,"maxspeed":null,"noname":null,"oneway":null,"motorcycle":"yes","motorcar":null,"layer":null,"horse":null,"foot":null,"bridge":null,"bicycle":null,"access":null,"lanes":null,"lane_markings":null,"name:etymology:wikipedia":null,"name:etymology:wikidata":null,"surface":null,"ref":null,"name":null},"geometry":{"type":"MultiLineString","coordinates":[[[111.1144604,-8.2210695],[111.1149215,-8.2209512],[111.1151135,-8.2209107],[111.1153246,-8.22087],[111.1155885,-8.2206848],[111.115673,-8.2206516],[111.1157763,-8.220633],[111.1159345,-8.2206224],[111.1160646,-8.2206012],[111.1162618,-8.2205096],[111.1163852,-8.22041],[111.1164817,-8.2203052],[111.1165474,-8.2202415],[111.1166091,-8.2201658],[111.1166628,-8.2201393],[111.1167312,-8.220126],[111.1168197,-8.2201101],[111.1168814,-8.2200849],[111.1169283,-8.2200411],[111.1169605,-8.2199919],[111.11699,-8.2198911],[111.1169873,-8.2197849],[111.1170001,-8.2197198],[111.1170329,-8.2196774],[111.1171013,-8.2196163],[111.1172115,-8.2195643],[111.1175905,-8.2194373],[111.1190529,-8.2190799],[111.1198258,-8.2187465]]]}},
{"type":"Feature","properties":{"fid":73,"full_id":"w685345850","osm_id":"685345850","osm_type":"way","highway":"residential","tunnel":null,"construction":null,"cutting":null,"covered":null,"width":null,"motor_vehicle":null,"step_count":null,"ramp":null,"incline":null,"handrail":null,"informal":null,"service":null,"maxweight:signed":null,"tracktype":null,"sidewalk":null,"smoothness":null,"man_made":null,"import":null,"lit":null,"hgv":null,"maxspeed":null,"noname":null,"oneway":null,"motorcycle":null,"motorcar":null,"layer":null,"horse":null,"foot":null,"bridge":null,"bicycle":null,"access":null,"lanes":null,"lane_markings":null,"name:etymology:wikipedia":null,"name:etymology:wikidata":null,"surface":null,"ref":null,"name":null},"geometry":{"type":"MultiLineString","coordinates":[[[111.1144604,-8.2210695],[111.1145747,-8.2221515]]]}},
{"type":"Feature","properties":{"fid":74,"full_id":"w685345851","osm_id":"685345851","osm_type":"way","highway":"residential","tunnel":null,"construction":null,"cutting":null,"covered":null,"width":null,"motor_vehicle":null,"step_count":null,"ramp":null,"incline":null,"handrail":null,"informal":null,"service":null,"maxweight:signed":null,"tracktype":null,"sidewalk":null,"smoothness":null,"man_made":null,"import":null,"lit":null,"hgv":null,"maxspeed":null,"noname":null,"oneway":null,"motorcycle":null,"motorcar":null,"layer":null,"horse":null,"foot":null,"bridge":null,"bicycle":null,"access":null,"lanes":null,"lane_markings":null,"name:etymology:wikipedia":null,"name:etymology:wikidata":null,"surface":null,"ref":null,"name":null},"geometry":{"type":"MultiLineString","coordinates":[[[111.1098778,-8.2152166],[111.1097789,-8.2159104],[111.1097775,-8.2159914],[111.1097891,-8.2160135],[111.1098137,-8.2160604],[111.1098906,-8.2161079],[111.1100218,-8.2161758],[111.1106691,-8.2164096],[111.1115095,-8.2167679],[111.1118399,-8.2168979],[111.1122396,-8.2169811],[111.1125372,-8.2170006],[111.1133136,-8.2171412],[111.1134259,-8.2171981],[111.1134468,-8.2173041],[111.1134709,-8.2173678],[111.1135326,-8.2174249],[111.1136795,-8.2174633],[111.1138352,-8.2175008]]]}},
{"type":"Feature","properties":{"fid":75,"full_id":"w803278006","osm_id":"803278006","osm_type":"way","highway":"residential","tunnel":null,"construction":null,"cutting":null,"covered":null,"width":null,"motor_vehicle":null,"step_count":null,"ramp":null,"incline":null,"handrail":null,"informal":null,"service":null,"maxweight:signed":null,"tracktype":null,"sidewalk":null,"smoothness":null,"man_made":null,"import":null,"lit":null,"hgv":null,"maxspeed":null,"noname":null,"oneway":null,"motorcycle":null,"motorcar":null,"layer":null,"horse":null,"foot":null,"bridge":null,"bicycle":null,"access":null,"lanes":null,"lane_markings":null,"name:etymology:wikipedia":null,"name:etymology:wikidata":null,"surface":null,"ref":null,"name":null},"geometry":{"type":"MultiLineString","coordinates":[[[111.1109008,-8.2107392],[111.1107303,-8.2109419],[111.110426,-8.2113503],[111.110957,-8.2116138]]]}},
{"type":"Feature","properties":{"fid":76,"full_id":"w803306649","osm_id":"803306649","osm_type":"way","highway":"living_street","tunnel":null,"construction":null,"cutting":null,"covered":null,"width":null,"motor_vehicle":null,"step_count":null,"ramp":null,"incline":null,"handrail":null,"informal":null,"service":null,"maxweight:signed":null,"tracktype":null,"sidewalk":null,"smoothness":null,"man_made":null,"import":null,"lit":null,"hgv":null,"maxspeed":null,"noname":null,"oneway":null,"motorcycle":"yes","motorcar":null,"layer":null,"horse":null,"foot":null,"bridge":null,"bicycle":null,"access":null,"lanes":null,"lane_markings":null,"name:etymology:wikipedia":null,"name:etymology:wikidata":null,"surface":null,"ref":null,"name":null},"geometry":{"type":"MultiLineString","coordinates":[[[111.1147264,-8.2125793],[111.1157289,-8.2127564],[111.1160539,-8.2128562],[111.1161143,-8.212896],[111.1161491,-8.2129557],[111.1161525,-8.2129916],[111.1161491,-8.213042],[111.1160794,-8.2133791]]]}},
{"type":"Feature","properties":{"fid":77,"full_id":"w803306650","osm_id":"803306650","osm_type":"way","highway":"residential","tunnel":null,"construction":null,"cutting":null,"covered":null,"width":null,"motor_vehicle":null,"step_count":null,"ramp":null,"incline":null,"handrail":null,"informal":null,"service":null,"maxweight:signed":null,"tracktype":null,"sidewalk":null,"smoothness":null,"man_made":null,"import":null,"lit":null,"hgv":null,"maxspeed":null,"noname":null,"oneway":null,"motorcycle":null,"motorcar":null,"layer":null,"horse":null,"foot":null,"bridge":null,"bicycle":null,"access":null,"lanes":null,"lane_markings":null,"name:etymology:wikipedia":null,"name:etymology:wikidata":null,"surface":null,"ref":null,"name":null},"geometry":{"type":"MultiLineString","coordinates":[[[111.1156294,-8.2132311],[111.1159976,-8.2133367],[111.1160794,-8.2133791],[111.1161109,-8.2134097],[111.1161378,-8.2134508],[111.1161698,-8.2135003]]]}},
{"type":"Feature","properties":{"fid":78,"full_id":"w803323306","osm_id":"803323306","osm_type":"way","highway":"living_street","tunnel":null,"construction":null,"cutting":null,"covered":null,"width":null,"motor_vehicle":null,"step_count":null,"ramp":null,"incline":null,"handrail":null,"informal":null,"service":null,"maxweight:signed":null,"tracktype":null,"sidewalk":null,"smoothness":null,"man_made":null,"import":null,"lit":null,"hgv":null,"maxspeed":null,"noname":null,"oneway":null,"motorcycle":"yes","motorcar":null,"layer":null,"horse":null,"foot":null,"bridge":null,"bicycle":null,"access":null,"lanes":null,"lane_markings":null,"name:etymology:wikipedia":null,"name:etymology:wikidata":null,"surface":null,"ref":null,"name":null},"geometry":{"type":"MultiLineString","coordinates":[[[111.1142117,-8.2145946],[111.1145881,-8.2144264],[111.1152559,-8.2140229],[111.1154913,-8.2138371],[111.1161698,-8.2135003]]]}},
{"type":"Feature","properties":{"fid":79,"full_id":"w803323307","osm_id":"803323307","osm_type":"way","highway":"living_street","tunnel":null,"construction":null,"cutting":null,"covered":null,"width":null,"motor_vehicle":null,"step_count":null,"ramp":null,"incline":null,"handrail":null,"informal":null,"service":null,"maxweight:signed":null,"tracktype":null,"sidewalk":null,"smoothness":null,"man_made":null,"import":null,"lit":null,"hgv":null,"maxspeed":null,"noname":null,"oneway":null,"motorcycle":"yes","motorcar":null,"layer":null,"horse":null,"foot":null,"bridge":null,"bicycle":null,"access":null,"lanes":null,"lane_markings":null,"name:etymology:wikipedia":null,"name:etymology:wikidata":null,"surface":null,"ref":null,"name":null},"geometry":{"type":"MultiLineString","coordinates":[[[111.1155037,-8.2135729],[111.1154836,-8.2135713],[111.1151105,-8.2135461],[111.1151031,-8.2135437],[111.1150985,-8.2135391],[111.1150963,-8.2135341],[111.1150967,-8.2135282],[111.1151487,-8.2132936],[111.1151613,-8.2131739]]]}},
{"type":"Feature","properties":{"fid":80,"full_id":"w803534099","osm_id":"803534099","osm_type":"way","highway":"living_street","tunnel":null,"construction":null,"cutting":null,"covered":null,"width":null,"motor_vehicle":null,"step_count":null,"ramp":null,"incline":null,"handrail":null,"informal":null,"service":null,"maxweight:signed":null,"tracktype":null,"sidewalk":null,"smoothness":null,"man_made":null,"import":null,"lit":null,"hgv":null,"maxspeed":null,"noname":null,"oneway":null,"motorcycle":"yes","motorcar":null,"layer":null,"horse":null,"foot":null,"bridge":null,"bicycle":null,"access":null,"lanes":null,"lane_markings":null,"name:etymology:wikipedia":null,"name:etymology:wikidata":null,"surface":null,"ref":null,"name":null},"geometry":{"type":"MultiLineString","coordinates":[[[111.115258683286839,-8.210666140126602],[111.1152452,-8.2107337],[111.115158,-8.2112461],[111.1150682,-8.2116695],[111.1150587,-8.211696],[111.11504,-8.2117478],[111.1149783,-8.2118235],[111.1149006,-8.2119071],[111.1148657,-8.2119708],[111.1148123,-8.2121214]]]}},
{"type":"Feature","properties":{"fid":81,"full_id":"w803534109","osm_id":"803534109","osm_type":"way","highway":"living_street","tunnel":null,"construction":null,"cutting":null,"covered":null,"width":null,"motor_vehicle":null,"step_count":null,"ramp":null,"incline":null,"handrail":null,"informal":null,"service":null,"maxweight:signed":null,"tracktype":null,"sidewalk":null,"smoothness":null,"man_made":null,"import":null,"lit":null,"hgv":null,"maxspeed":null,"noname":null,"oneway":null,"motorcycle":"yes","motorcar":null,"layer":null,"horse":null,"foot":null,"bridge":null,"bicycle":null,"access":null,"lanes":null,"lane_markings":null,"name:etymology:wikipedia":null,"name:etymology:wikidata":null,"surface":null,"ref":null,"name":null},"geometry":{"type":"MultiLineString","coordinates":[[[111.1221744,-8.2166409],[111.1221653,-8.2164719],[111.1221398,-8.2163643],[111.1221305,-8.2162728],[111.1221184,-8.2161613],[111.1221278,-8.2160856],[111.1221546,-8.2160179],[111.1221948,-8.2159449],[111.1222337,-8.215856],[111.1222565,-8.2157843],[111.1222887,-8.2155905],[111.1223799,-8.2151206],[111.1223611,-8.2150091],[111.1223169,-8.2149056],[111.1222552,-8.2148326],[111.1220486,-8.2146906],[111.1220098,-8.2146561],[111.1219749,-8.2145976],[111.1219668,-8.2145353],[111.1219793,-8.2144659]]]}},
{"type":"Feature","properties":{"fid":82,"full_id":"w803576588","osm_id":"803576588","osm_type":"way","highway":"living_street","tunnel":null,"construction":null,"cutting":null,"covered":null,"width":null,"motor_vehicle":null,"step_count":null,"ramp":null,"incline":null,"handrail":null,"informal":null,"service":null,"maxweight:signed":null,"tracktype":null,"sidewalk":null,"smoothness":null,"man_made":null,"import":null,"lit":null,"hgv":null,"maxspeed":null,"noname":null,"oneway":null,"motorcycle":"yes","motorcar":null,"layer":null,"horse":null,"foot":null,"bridge":null,"bicycle":null,"access":null,"lanes":null,"lane_markings":null,"name:etymology:wikipedia":null,"name:etymology:wikidata":null,"surface":null,"ref":null,"name":null},"geometry":{"type":"MultiLineString","coordinates":[[[111.1221398,-8.2163643],[111.122573,-8.2162847]]]}},
{"type":"Feature","properties":{"fid":83,"full_id":"w803576589","osm_id":"803576589","osm_type":"way","highway":"residential","tunnel":null,"construction":null,"cutting":null,"covered":null,"width":null,"motor_vehicle":null,"step_count":null,"ramp":null,"incline":null,"handrail":null,"informal":null,"service":null,"maxweight:signed":null,"tracktype":null,"sidewalk":null,"smoothness":null,"man_made":null,"import":null,"lit":null,"hgv":null,"maxspeed":null,"noname":null,"oneway":null,"motorcycle":null,"motorcar":null,"layer":null,"horse":null,"foot":null,"bridge":null,"bicycle":null,"access":null,"lanes":null,"lane_markings":null,"name:etymology:wikipedia":null,"name:etymology:wikidata":null,"surface":null,"ref":null,"name":null},"geometry":{"type":"MultiLineString","coordinates":[[[111.122522,-8.216655],[111.122573,-8.2162847],[111.1225891,-8.2161387],[111.1226159,-8.2160179],[111.1226495,-8.2159184],[111.12274,-8.2155726]]]}},
{"type":"Feature","properties":{"fid":84,"full_id":"w803624941","osm_id":"803624941","osm_type":"way","highway":"living_street","tunnel":null,"construction":null,"cutting":null,"covered":null,"width":null,"motor_vehicle":null,"step_count":null,"ramp":null,"incline":null,"handrail":null,"informal":null,"service":null,"maxweight:signed":null,"tracktype":null,"sidewalk":null,"smoothness":null,"man_made":null,"import":null,"lit":null,"hgv":null,"maxspeed":null,"noname":null,"oneway":null,"motorcycle":"yes","motorcar":null,"layer":null,"horse":null,"foot":null,"bridge":null,"bicycle":null,"access":null,"lanes":null,"lane_markings":null,"name:etymology:wikipedia":null,"name:etymology:wikidata":null,"surface":null,"ref":null,"name":null},"geometry":{"type":"MultiLineString","coordinates":[[[111.1149215,-8.2209512],[111.1149086,-8.2204751]]]}},
{"type":"Feature","properties":{"fid":85,"full_id":"w803624942","osm_id":"803624942","osm_type":"way","highway":"living_street","tunnel":null,"construction":null,"cutting":null,"covered":null,"width":null,"motor_vehicle":null,"step_count":null,"ramp":null,"incline":null,"handrail":null,"informal":null,"service":null,"maxweight:signed":null,"tracktype":null,"sidewalk":null,"smoothness":null,"man_made":null,"import":null,"lit":null,"hgv":null,"maxspeed":null,"noname":null,"oneway":null,"motorcycle":"yes","motorcar":null,"layer":null,"horse":null,"foot":null,"bridge":null,"bicycle":null,"access":null,"lanes":null,"lane_markings":null,"name:etymology:wikipedia":null,"name:etymology:wikidata":null,"surface":null,"ref":null,"name":null},"geometry":{"type":"MultiLineString","coordinates":[[[111.1150587,-8.211696],[111.1153659,-8.2116788],[111.1156382,-8.2116775],[111.1159548,-8.2116951]]]}},
{"type":"Feature","properties":{"fid":86,"full_id":"w1117298142","osm_id":"1117298142","osm_type":"way","highway":"service","tunnel":null,"construction":null,"cutting":null,"covered":null,"width":null,"motor_vehicle":null,"step_count":null,"ramp":null,"incline":null,"handrail":null,"informal":null,"service":null,"maxweight:signed":null,"tracktype":null,"sidewalk":null,"smoothness":null,"man_made":null,"import":null,"lit":null,"hgv":null,"maxspeed":null,"noname":null,"oneway":null,"motorcycle":null,"motorcar":null,"layer":null,"horse":null,"foot":null,"bridge":null,"bicycle":null,"access":null,"lanes":null,"lane_markings":null,"name:etymology:wikipedia":null,"name:etymology:wikidata":null,"surface":null,"ref":null,"name":null},"geometry":{"type":"MultiLineString","coordinates":[[[111.1071222,-8.2311811],[111.107208,-8.2312183],[111.1072871,-8.2312462],[111.1073394,-8.2312687],[111.1073917,-8.2312993],[111.1074454,-8.2313245],[111.1075003,-8.2313205],[111.1075473,-8.231278],[111.107609,-8.2312183],[111.1076814,-8.2311254],[111.1077019,-8.2310947],[111.1077256,-8.231059],[111.1077766,-8.2309953],[111.1078276,-8.2309502],[111.1078785,-8.2309077],[111.1079429,-8.2308772],[111.1080341,-8.2308427],[111.1081199,-8.2308188],[111.1081902,-8.2307825]]]}},
{"type":"Feature","properties":{"fid":87,"full_id":"w1238267730","osm_id":"1238267730","osm_type":"way","highway":"residential","tunnel":null,"construction":null,"cutting":null,"covered":null,"width":null,"motor_vehicle":null,"step_count":null,"ramp":null,"incline":null,"handrail":null,"informal":null,"service":null,"maxweight:signed":null,"tracktype":null,"sidewalk":null,"smoothness":null,"man_made":null,"import":null,"lit":null,"hgv":null,"maxspeed":null,"noname":null,"oneway":null,"motorcycle":null,"motorcar":null,"layer":null,"horse":null,"foot":null,"bridge":null,"bicycle":null,"access":null,"lanes":null,"lane_markings":null,"name:etymology:wikipedia":null,"name:etymology:wikidata":null,"surface":null,"ref":null,"name":null},"geometry":{"type":"MultiLineString","coordinates":[[[111.1099356,-8.2106582],[111.1103038,-8.2107862],[111.1107303,-8.2109419]]]}},
{"type":"Feature","properties":{"fid":88,"full_id":"w1241801465","osm_id":"1241801465","osm_type":"way","highway":"residential","tunnel":null,"construction":null,"cutting":null,"covered":null,"width":null,"motor_vehicle":null,"step_count":null,"ramp":null,"incline":null,"handrail":null,"informal":null,"service":null,"maxweight:signed":null,"tracktype":null,"sidewalk":null,"smoothness":null,"man_made":null,"import":null,"lit":null,"hgv":null,"maxspeed":null,"noname":null,"oneway":null,"motorcycle":null,"motorcar":null,"layer":null,"horse":null,"foot":null,"bridge":null,"bicycle":null,"access":null,"lanes":null,"lane_markings":null,"name:etymology:wikipedia":null,"name:etymology:wikidata":null,"surface":null,"ref":null,"name":null},"geometry":{"type":"MultiLineString","coordinates":[[[111.1102264,-8.2100014],[111.1099884,-8.2105423],[111.1099425,-8.2106401],[111.1099356,-8.2106582],[111.1097428,-8.2111665]]]}},
{"type":"Feature","properties":{"fid":89,"full_id":"w1241834593","osm_id":"1241834593","osm_type":"way","highway":"living_street","tunnel":null,"construction":null,"cutting":null,"covered":null,"width":null,"motor_vehicle":null,"step_count":null,"ramp":null,"incline":null,"handrail":null,"informal":null,"service":null,"maxweight:signed":null,"tracktype":null,"sidewalk":null,"smoothness":null,"man_made":null,"import":null,"lit":null,"hgv":null,"maxspeed":null,"noname":null,"oneway":null,"motorcycle":"yes","motorcar":null,"layer":null,"horse":null,"foot":null,"bridge":null,"bicycle":null,"access":null,"lanes":null,"lane_markings":null,"name:etymology:wikipedia":null,"name:etymology:wikidata":null,"surface":null,"ref":null,"name":null},"geometry":{"type":"MultiLineString","coordinates":[[[111.1119949,-8.2164972],[111.1122558,-8.2164756],[111.112509,-8.2164406],[111.1126989,-8.2164295],[111.1128479,-8.2164295],[111.1129708,-8.2164516],[111.1135976,-8.2165781]]]}},
{"type":"Feature","properties":{"fid":90,"full_id":"w1241834594","osm_id":"1241834594","osm_type":"way","highway":"living_street","tunnel":null,"construction":null,"cutting":null,"covered":null,"width":null,"motor_vehicle":null,"step_count":null,"ramp":null,"incline":null,"handrail":null,"informal":null,"service":null,"maxweight:signed":null,"tracktype":null,"sidewalk":null,"smoothness":null,"man_made":null,"import":null,"lit":null,"hgv":null,"maxspeed":null,"noname":null,"oneway":null,"motorcycle":"yes","motorcar":null,"layer":null,"horse":null,"foot":null,"bridge":null,"bicycle":null,"access":null,"lanes":null,"lane_markings":null,"name:etymology:wikipedia":null,"name:etymology:wikidata":null,"surface":null,"ref":null,"name":null},"geometry":{"type":"MultiLineString","coordinates":[[[111.111949,-8.215096],[111.1120398,-8.2148833],[111.1121217,-8.2146741],[111.1121945,-8.2144931]]]}},
{"type":"Feature","properties":{"fid":91,"full_id":"w1242386324","osm_id":"1242386324","osm_type":"way","highway":"living_street","tunnel":null,"construction":null,"cutting":null,"covered":null,"width":null,"motor_vehicle":null,"step_count":null,"ramp":null,"incline":null,"handrail":null,"informal":null,"service":null,"maxweight:signed":null,"tracktype":null,"sidewalk":null,"smoothness":null,"man_made":null,"import":null,"lit":null,"hgv":null,"maxspeed":null,"noname":null,"oneway":null,"motorcycle":"yes","motorcar":"no","layer":null,"horse":null,"foot":null,"bridge":null,"bicycle":null,"access":null,"lanes":null,"lane_markings":null,"name:etymology:wikipedia":null,"name:etymology:wikidata":null,"surface":null,"ref":null,"name":null},"geometry":{"type":"MultiLineString","coordinates":[[[111.111949,-8.215096],[111.1120852,-8.2151554],[111.1123173,-8.2152297],[111.1124403,-8.2152728]]]}},
{"type":"Feature","properties":{"fid":92,"full_id":"w1242386325","osm_id":"1242386325","osm_type":"way","highway":"living_street","tunnel":null,"construction":null,"cutting":null,"covered":null,"width":null,"motor_vehicle":null,"step_count":null,"ramp":null,"incline":null,"handrail":null,"informal":null,"service":null,"maxweight:signed":null,"tracktype":null,"sidewalk":null,"smoothness":null,"man_made":null,"import":null,"lit":null,"hgv":null,"maxspeed":null,"noname":null,"oneway":null,"motorcycle":"yes","motorcar":null,"layer":null,"horse":null,"foot":null,"bridge":null,"bicycle":null,"access":null,"lanes":null,"lane_markings":null,"name:etymology:wikipedia":null,"name:etymology:wikidata":null,"surface":null,"ref":null,"name":null},"geometry":{"type":"MultiLineString","coordinates":[[[111.1161698,-8.2135003],[111.1163436,-8.2138397],[111.1165975,-8.214288]]]}},
{"type":"Feature","properties":{"fid":93,"full_id":"w1279276069","osm_id":"1279276069","osm_type":"way","highway":"residential","tunnel":null,"construction":null,"cutting":null,"covered":null,"width":null,"motor_vehicle":null,"step_count":null,"ramp":null,"incline":null,"handrail":null,"informal":null,"service":null,"maxweight:signed":null,"tracktype":null,"sidewalk":null,"smoothness":null,"man_made":null,"import":null,"lit":null,"hgv":null,"maxspeed":null,"noname":null,"oneway":null,"motorcycle":null,"motorcar":null,"layer":null,"horse":null,"foot":null,"bridge":null,"bicycle":null,"access":null,"lanes":null,"lane_markings":null,"name:etymology:wikipedia":null,"name:etymology:wikidata":null,"surface":null,"ref":null,"name":null},"geometry":{"type":"MultiLineString","coordinates":[[[111.1102264,-8.2100014],[111.1105849,-8.2101444],[111.1106547,-8.2101616]]]}},
{"type":"Feature","properties":{"fid":94,"full_id":"w1459566202","osm_id":"1459566202","osm_type":"way","highway":"track","tunnel":null,"construction":null,"cutting":null,"covered":null,"width":null,"motor_vehicle":null,"step_count":null,"ramp":null,"incline":null,"handrail":null,"informal":null,"service":null,"maxweight:signed":null,"tracktype":null,"sidewalk":null,"smoothness":null,"man_made":null,"import":null,"lit":null,"hgv":null,"maxspeed":null,"noname":null,"oneway":null,"motorcycle":null,"motorcar":null,"layer":null,"horse":null,"foot":null,"bridge":null,"bicycle":null,"access":null,"lanes":null,"lane_markings":null,"name:etymology:wikipedia":null,"name:etymology:wikidata":null,"surface":"unpaved","ref":null,"name":null},"geometry":{"type":"MultiLineString","coordinates":[[[111.1046719,-8.2343096],[111.1053962,-8.2336274],[111.1055598,-8.2334654],[111.1057556,-8.2333088],[111.1060238,-8.2330513],[111.1061686,-8.2328841],[111.1062652,-8.2327593],[111.1063537,-8.2326053],[111.1064824,-8.2323691],[111.1065736,-8.2321753],[111.1067051,-8.2319125],[111.1068164,-8.2317227],[111.1068714,-8.2316218],[111.1069398,-8.2314944],[111.1070255,-8.2313272],[111.1070766,-8.2312462],[111.1071222,-8.2311811]]]}},
{"type":"Feature","properties":{"fid":95,"full_id":"w1531336755","osm_id":"1531336755","osm_type":"way","highway":"residential","tunnel":null,"construction":null,"cutting":null,"covered":null,"width":null,"motor_vehicle":null,"step_count":null,"ramp":null,"incline":null,"handrail":null,"informal":null,"service":null,"maxweight:signed":null,"tracktype":null,"sidewalk":null,"smoothness":null,"man_made":null,"import":null,"lit":null,"hgv":null,"maxspeed":null,"noname":null,"oneway":null,"motorcycle":null,"motorcar":null,"layer":null,"horse":null,"foot":null,"bridge":null,"bicycle":null,"access":null,"lanes":null,"lane_markings":null,"name:etymology:wikipedia":null,"name:etymology:wikidata":null,"surface":null,"ref":null,"name":null},"geometry":{"type":"MultiLineString","coordinates":[[[111.1099445,-8.2146378],[111.1101865,-8.2146509],[111.1103521,-8.2146657],[111.1103514,-8.2148137]]]}},
{"type":"Feature","properties":{"fid":96,"full_id":"w1531336863","osm_id":"1531336863","osm_type":"way","highway":"residential","tunnel":null,"construction":null,"cutting":null,"covered":null,"width":null,"motor_vehicle":null,"step_count":null,"ramp":null,"incline":null,"handrail":null,"informal":null,"service":null,"maxweight:signed":null,"tracktype":null,"sidewalk":null,"smoothness":null,"man_made":null,"import":null,"lit":null,"hgv":null,"maxspeed":null,"noname":null,"oneway":null,"motorcycle":null,"motorcar":null,"layer":null,"horse":null,"foot":null,"bridge":null,"bicycle":null,"access":null,"lanes":null,"lane_markings":null,"name:etymology:wikipedia":null,"name:etymology:wikidata":null,"surface":null,"ref":null,"name":null},"geometry":{"type":"MultiLineString","coordinates":[[[111.1099601,-8.214503],[111.1102,-8.214526]]]}}
]
}
